:020000040000FA
:10000000F80B002049090000090A0000795B000094
:10001000995B0000B95B0000F95B0000D95B000050
:10002000000000000000000000000000852D00001E
:10003000150A0000000000001B0A0000210A000051
:10004000000000000000000000000000E536000095
:1000500000000000270A000000000000000000006F
:100060002D0A0000330A0000390A00003F0A000090
:1000700000000000450A00004B0A0000510A000081
:10008000570A00005D0A00000000000000000000A8
:10009000630A0000690A0000000000000000000080
:1000A0006F0A00000000000000000000750A000058
:1000B0007B0A0000810A0000870A00008D0A000008
:1000C000930A0000990A00009F0A0000A50A000098
:1000D000AB0A000000000000B10A000000000000B0
:1000E000B70A000000000000BD0A00000000000088
:1000F000C30A000000000000000000000000000033
:1001000000000000C90A000000000000000000001C
:1001100000000000000000000000000000000000DF
:1001200000000000CF0A00000000000000000000F6
:1001300000000000000000000000000000000000BF
:100140000F0A000000015F5F02000000FE0B0000CC
:10015000692E000080060000000000000000000082
:100160000000000000000000000000000100FFC3CC
:10017000000000C4A01200200000000001015F5F29
:10018000030100001F010000B9040000000000008E
:10019000000000000100000001000000000000005D
:1001A000000000000000000000000000000000004F
:1001B00000000000700000004460000080000000AB
:1001C000000F0000010000004102000001015F5F1C
:1001D000040100001F0100002F06000000000000C5
:1001E000000000000000000001000000000000000E
:1001F00000000000000000000000000000000000FF
:10020000000000004F6000004000000005070000F3
:08021000010000001B050000C5
:1002200038B50025054C29462046D4F80024C4F8EA
:10023000045405F04AFDC4F8005438BD200C0020D9
:100240002DE9F04F04680546A5B0002C40F0088168
:100250002022214604A805F038FD14AF20222146B3
:100260000CA805F032FD40222146384605F02DFD50
:10027000EA6905F11C039846B2B10424EA6A05F163
:100280002C03EAB10426ECB96FF08304204625B0B4
:10029000BDE8F08F002CF1D053F8041D2246013C3C
:1002A0000029F7D01446E9E70324F5E7002EEAD049
:1002B00053F8041D3246013E0029F7D01646E2E706
:1002C0000326F5E740233A460021686805F03AFD29
:1002D0004028D9D1CDE904700127DFF88CA10DF1B8
:1002E000100905F1100BBC422DD10CAF3C4600208B
:1002F0005D4A4146D2F8003408EB8608884540D173
:1003000008B1C2F800340023CDE90233059BA96887
:10031000402BC2F80414049A40F09380138D180AFD
:1003200003285AD0012800F081801268831ECDE98D
:100330000221082B00F28880DFE803F0404F545A76
:1003400060666C727D005BF8043F1A1D21D8DAF8F4
:100350000004D91C21F00301C0F58062914218D835
:10036000014400EB0A02CAF8001468683946019299
:1003700005F0E8FC019AC9F80C00013749F8082F8C
:10038000B1E751F804EF1EF1040F07D908B1C2F824
:100390000034FFF745FF6FF08C0477E70EF1030C94
:1003A0002CF0030CC3F58069CC4504F10804EDD8AA
:1003B000D01844E9020E634401209FE702AA0CA969
:1003C00004A800F09CF804464FF00008464507F1E9
:1003D00008073CD1FFF724FF58E70CA904A800F058
:1003E0007CF8F0E702AA0CA904A800F079F8EAE783
:1003F00002AA0CA904A800F06DF8E4E702AA0CA96F
:1004000004A800F070F8DEE702AA0CA904A800F026
:100410006DF8D8E702AA0CA904A800F06AF8D2E7A0
:1004200002AA0CA904A800F067F8CCE70CA904A85C
:1004300000F068F8C7E702AA0CA904A800F06AF85F
:10044000C1E76FF08004BFE76FF08504BCE7414669
:1004500057E90223686805F08AFC08F10108B5E74E
:100460006FF0850412E700BF200C002008B5282299
:100470000021024805F029FC002008BD28100020BA
:1004800010B5044C0F222046034905F0F9FB204625
:1004900010BD00BF511000203206000008B5012138
:1004A000034800F0FBF9034803F098FB002008BD67
:1004B000501000200D05000008B5FFF7D7FF40B928
:1004C000FFF7DEFFFFF7EAFF18B9BDE8084003F0C9
:1004D000D3BB08BD6FF0850070476FF08500704793
:1004E0006FF0850070476FF0850070476FF08500F2
:1004F00070476FF0850070476FF0850070476FF0B0
:1005000085007047D1E9000103F07ABB0FB40020E9
:1005100004B070476FF085007047F0B5036805467A
:10052000B3F57D7FA7B007D040F2F532934207D0F4
:100530006FF0850027B0F0BD01F042FB0020F9E725
:1005400000243C22214607A8CDE90244CDE9044419
:10055000069405F0BAFB3C22214617A8169405F034
:10056000B4FBEA69019405F11C0302B30426EA6AAC
:1005700005F12C033AB30424731E012B52D8012C2D
:1005800050D80423002168680DEB030205F0DAFB64
:1005900004281AD06FF08000CCE7002EE7D053F883
:1005A000041D3246013E0029F7D01646DFE7032638
:1005B000F5E7002CE0D053F8041D2246013C002949
:1005C000F7D01446D8E70324F5E7022E16D16E695A
:1005D000402E29D806AF33463A460121686805F017
:1005E000B1FB8642D6D1CDE9027602A944B92246B2
:1005F000019801F054FF044620469BE70021F5E7EF
:100600002B6A402BC6D816AACDE90423019804AA68
:1006100001F045FFDDE9042304460021686805F088
:10062000A6FBE9E7012085E76FF0890082E700205B
:1006300070474D62656420544C5320332E362E345F
:100640000000000001680E4A0346914215D1C169BD
:10065000A2F11022A2F1EF1291420ED18268012A7A
:100660000BD8C26812B101698A4206D0586928B114
:100670009B691B1A5842584170470120704700BFC0
:1006800055AA00FF0D4B70B59E68A6B13046FFF726
:10069000D9FF044678B9F3686BB935690DB92046BE
:1006A00070BD2846FFF7CEFF28B9EB68B34202D1F0
:1006B0002E462D69F2E70124F1E700BF6410002007
:1006C0002DE9F041394E3468F368D4B1B468C4B14F
:1006D000002861D000295FD001FB00F5B5FBF0F0E8
:1006E000884259D1291D57D8AA070DD025F00302F9
:1006F00004321C4603E0616891424FD2A469002C89
:10070000F9D12046BDE8F0812A46F2E7891A23296B
:1007100004F12007D4E9050C1AD80123A360A0B185
:10072000C0F818C0A36903B158610023C4E90533B8
:100730003369DB0702D5FFF7A5FFA0BB2A460021DE
:1007400038463C4605F0C1FADBE7C6F80CC0E9E7DD
:1007500002F1200804EB08032039C3E9011E2169D6
:10076000DFF84CE0DC60196144F808E0AEF1102ECF
:10077000AEF1EF1EC3F81CE001B1CB60C3E9050C7C
:1007800040B18361996901B14B6101212361C4E9E1
:100790000121CAE7F360F5E70024B2E7D4F808E0E6
:1007A000BEF1000FB2D0012005F07CF964100020EA
:1007B00055AA00FFF8B5054600283AD0364E3368F2
:1007C000002B36D0B268002A33D0834203D8726837
:1007D0001344984202D3012005F064F9A0F12004EB
:1007E0002046FFF72FFF0028F5D155F8183C012BC4
:1007F000F1D145F8180C55E90570DFB1BB68CBB9EC
:1008000055F81C2C7B68203213447B60386100B1A2
:10081000C76020220021204605F057FA386908B148
:1008200083682BB333699B0703D5FFF72BFF0028A1
:10083000D1D1F8BD40B3836833BB426863681344C9
:10084000203363600369D4E90521236192B9B9B902
:10085000426981696261A161A2B19461A26902B138
:10086000546103B1DC602022002105F02EFAD9E7A3
:100870003C46E2E79161A1690029E9D04A61E7E7D6
:10088000F160F8E7F460E9E7F36845F8083C03B184
:100890005C61F460C6E700BF6410002038B50D4607
:1008A000142200210446124805F00FFA114912489B
:1008B00003F08AF9232D1AD914F003031FBF043D56
:1008C000ED18C3F10403E4182A460021204605F080
:1008D000FCF9074B094AC3E900459C602260A2F17C
:1008E0001022203DA2F1EF126560E261DC6038BDAC
:1008F00064100020B5070000C106000055AA00FFE3
:100900004831000001000000293A0000013A0000CF
:10091000407C00008010002066000000407C000049
:10092000200C002000000000407C0000000C002093
:1009300000000000200C002018010000000C002026
:100940000800000002F0B8BC08B572B61E4A1F4B82
:100950009A601F4B83F309881E4B83F30A8883F345
:100960000B881D4B16A1D1E90001C3E9000100F07D
:10097000EFF81A4B1A498B4212D30020194B1A492F
:100980008B4218D303F064F8186850F82240586876
:1009900040F82240013298688242F5D30C33EAE7EE
:1009A0000022F8E71C6844F8220001325C68A24289
:1009B000F8D30833E4E70022F8E700BFAFF3008084
:1009C000A5EDF5FEA5EDF5FE0000000000ED00E050
:1009D000F80B002000040020F80B00201009000094
:1009E000340900003409000044090000EFF30880D6
:1009F000EFF309812DE9F00F6B46724600F09EF986
:100A000008B0FFF79FFFFEE708B5FFF7EFFF08B557
:100A1000FFF7ECFF08B5FFF7E9FF08B5FFF7E6FFC2
:100A200008B5FFF7E3FF08B5FFF7E0FF08B5FFF7EC
:100A3000DDFF08B5FFF7DAFF08B5FFF7D7FF08B508
:100A4000FFF7D4FF08B5FFF7D1FF08B5FFF7CEFFDA
:100A500008B5FFF7CBFF08B5FFF7C8FF08B5FFF7EC
:100A6000C5FF08B5FFF7C2FF08B5FFF7BFFF08B520
:100A7000FFF7BCFF08B5FFF7B9FF08B5FFF7B6FFF2
:100A800008B5FFF7B3FF08B5FFF7B0FF08B5FFF7EC
:100A9000ADFF08B5FFF7AAFF08B5FFF7A7FF08B538
:100AA000FFF7A4FF08B5FFF7A1FF08B5FFF79EFF0A
:100AB00008B5FFF79BFF08B5FFF798FF08B5FFF7EC
:100AC00095FF08B5FFF792FF08B5FFF78FFF08B550
:100AD000FFF78CFF08B5EFF31083012B0C4A07D109
:100AE000126ABFF34F8F511C4A424A41104608BD5B
:100AF00001F0ECF800B172B6126ABFF34F8F531CCD
:100B00005A425A4101F0E2F80028EFD062B6EDE710
:100B10000080FF0008B5EFF31083012B0B4A06D1CC
:100B2000D269BFF34F8F02F00102104608BD01F0F9
:100B3000CDF800B172B6D269BFF34F8F02F0010257
:100B400001F0C4F80028F0D062B6EEE70080FF00A4
:100B50006F4A10B5D2F8D03043F00203C2F8D0305B
:100B600001F0B4F830B14FF050230022C3F8142143
:100B7000C3F8182101F0B9F828B10122654BC3F878
:100B8000382AC3F878254FF47F02D2F83031D2F8F2
:100B90003421BFF34F8FC3F30B03092B05D1012A77
:100BA0001EBF01225B4BC3F8782501F09EF818B1F7
:100BB0000E22594BC3F8E42E01F088F830B1002220
:100BC000544BC3F80C270122C3F810270022D3008E
:100BD00003F57F03D3F80013BFF34F8F013108D023
:100BE000D3F800130132D3F80433B2F5807F0B60E1
:100BF000EDD1EFF31084FFF78DFF00284DD0BFF348
:100C00004F8F464BD3F80024012AFBD1C3F80425AB
:100C1000D3F80024012AFBD1012C03D001F056F8AF
:100C200000B172B6FFF776FF58B13D4AD36923F0A1
:100C30000103D361BFF34F8F384AD2F80034012B40
:100C4000FBD1FFF747FF68B1354A136A23F0FF0372
:100C500043F020031362BFF34F8F304AD2F80034C1
:100C6000012BFBD1012C03D001F030F800B162B6AA
:100C700000222A4BC3F80425D3F80024012AFBD113
:100C8000BFF34F8F2249274BCA6802F4E062134337
:100C9000CB60BFF34F8F00BFFDE7FFF71BFF0028BE
:100CA000ADD11B4AD2F88C3043F44063C2F88C308B
:100CB0004FF47F03D3F83021D3F83431BFF34F8F93
:100CC000C2F30B02092A16D1013B022B02D8164AA5
:100CD000D35C83B1124815490368104A8B420CBF9C
:100CE0005A230023C2F8103EC36A8B420CBF5A231A
:100CF0000023C2F8003E064AD2F8883043F470035D
:100D0000C2F88830BFF34F8FBFF36F8F10BD00BFA5
:100D100000ED00E00040005000A0035000900350A0
:100D20000080FF000400FA0526370000FA50FA5050
:100D30007C22014904F0A4BF3C19002038B51D46AF
:100D4000394B3A4C5B68C3F308032360EFF303832A
:100D500063655306C4E90120E16039D502F00C0255
:100D60000C2A08BF0846014620612022304804F0C2
:100D700087FF25B1202229462E4804F081FF2A4B07
:100D80009A6AA265D96AE165986B206602F4004010
:100D90006066586BA06602F08000E0669A62D962D5
:100DA000D3F8E42024482267D3F8E810616702F002
:100DB0004001A167C3F8E4200E2100F0A8FF2268DB
:100DC000D31E042B25D8DFE803F00F181B1E2100CB
:100DD000EFF39483990704D5130702D5EFF38980C5
:100DE000C1E7EFF38880BEE70C21144800F08FFFC5
:100DF000EFF38883EFF3898338BD12211048F5E7BC
:100E00000B211048F2E70D210F48EFE70E210F48A4
:100E1000ECE70F2A95BF142125210D480D4888BF06
:100E2000103A01F091FBE3E700ED00E03C190020EF
:100E300050190020701900202937000037370000B2
:100E40004337000055370000603700006D37000061
:100E50007B3700008F37000037B5084C636998472F
:100E600048B9E56AA847C307FCD4236A019303B0D5
:100E7000BDE830401847002003B030BDB437000053
:100E800010B50B4C0020A368984780B90220236955
:100E9000984760B94FF4E1310120A46AA04730B906
:100EA00001211520A04710B90122024B1A7010BD74
:100EB000B4370000BC280020064B82B0186800231D
:100EC00082B262F30F03000C60F31F43184602B0B6
:100ED000704700BFFC370000014BD86D704700BF62
:100EE00084100020014B186E704700BF8410002052
:100EF00008B5024800F0DCFB002008BD841000208B
:100F0000C3B2012B10B509D0A3F11502012A00F2DA
:100F1000AE80002900F09880002010BD4DF6C0235F
:100F2000994270D028D8B1F5615F6FD011D8B1F572
:100F3000965F6DD008D8B1F5966F6BD0B1F5166F8E
:100F40006BD06FF00700E8E7B1F5165FF9D1514BB0
:100F500033E047F61223994262D007D8B1F5964F95
:100F600061D0B1F5E14FECD14B4B26E0B1F5164F16
:100F7000E7D14FF41D0320E0484B994255D011D8DA
:100F8000B1F5E13F54D007D8B1F5614F53D0B1F579
:100F9000963FD6D1424B10E0B1F5613FD1D14FF031
:100FA0006C730AE0B1F5612F48D03E4B994248D0AE
:100FB000B1F5E12FC5D14FF0E86310F4E06F59D1DE
:100FC00010F4404103D0B1F5804F56D1102110F4F8
:100FD000405403D0B4F5805F52D10E2410F4403257
:100FE00003D0B2F5403F4ED101222F4880F8921035
:100FF00000F16401C0F88C3080F8902080F89140B6
:1010000000F0F8FF88E74FF46503D6E7274BD4E7F5
:10101000274BD2E74FF49E23CFE74FF41D23CCE7B5
:101020004FF40003C9E7234BC7E74FF08063C4E7E1
:101030004FF0EB73C1E74FF46B03BEE74FF0706303
:10104000BBE74FF08053B8E71748162B18BF01468F
:101050004FF0FF330ABF00F1640141F8643F83663B
:1010600000F0C8FF10F1100F10D0C01755E76FF057
:10107000030052E76FF008004FE76FF00A004CE7FB
:101080006FF0090049E76FF00B0046E76FF00100D1
:1010900043E700BF0050270000C0750090D0030058
:1010A00000903A0140420F008410002000F03A0006
:1010B00000B0130000A04E0073B506461B480C4656
:1010C00000F0D4FF194D18B94FF0FF3002B070BDD9
:1010D00022463146284601F09CF810F1100F02D14B
:1010E0006FF00100F2E70028EEDB0321284600F054
:1010F0003BFB10F1100FF3D00028E5DB0023019338
:10110000284601A901F031F910F1100FF8D078301C
:10111000DAD0019B9C42D7D801220448114601F045
:1011200022F90028D0DB00202C66CFE784100020B5
:10113000F0B51B4E054691B030460C4600F096FFC8
:1011400018B94FF0FF3011B0F0BD05F06043B3F1B6
:10115000005F20D1002322462946304600F08CFF54
:1011600010F1100F19D00028EBDBF46511E0A71B7C
:10117000402F28BF4027A9193A46684604F080FD51
:1011800039466846FFF7D4FF0028DCD14036B44228
:10119000EDD80020D7E70026F9E76FF00100D2E78D
:1011A0008410002010B50A4C04F16400D4E9151233
:1011B00000F0C3FD01460022204600F0E7F90028B8
:1011C000AABF00206FF00100C4E9170010BD00BFE6
:1011D000841000207FB500250C46C0F80851164643
:1011E000D0F80821D0F8002222F02002C0F8002216
:1011F000104AC0F8082300F0F1FDA560256104F154
:101200004C03D3E8EF1F21F47F0121F47041C3E8C0
:10121000E21F002AF5D110222946684604F055FD48
:10122000042368468DF800300196D4E900139847EE
:1012300004B070BD10020A00044B054A1B68B3FBE2
:10124000F2F35843034B43F001031847801000208A
:1012500040420F000038000000F01F03400909D190
:10126000074A02EB8303D3F80012064A0A40C3F888
:10127000002270470022803352F82330FFDE00BF87
:1012800000258450F0F8FCFF430904D10123034AF0
:1012900083409360704700239B60FFDE00258450ED
:1012A00000F01F0340090BD1084A02EB8302D2F879
:1012B0000012074B0B4043F00303C2F800327047A3
:1012C0000022803352F82330FFDE00BF0025845017
:1012D000F0F8FCFF2DE9F84391F8303005460C4654
:1012E0000F6813BB066D46F000730365781C04D0CD
:1012F0003846FFF7C9FFFFF7D3FF6068411C01D0F4
:10130000FFF7AAFF94F82C30012B0ED1E06846F0CD
:101310002066421C2E6501D0FFF79EFFA068431C8B
:1013200003D0FFF7B1FFFFF7BBFF94F82FC0BCF16C
:10133000000F03D12B6D43F080732B6594F82C00C4
:1013400094F82D1094F82EE0A26A2B680143E66809
:10135000D4E90198C3F824254EEA0102C3F86C25AC
:10136000BCF1000F09D10128C3F80C75C3F814951E
:1013700004BFC3F80885C3F810654FF47F02D2F8A4
:101380003031D2F83421BFF34F8FC3F30B03092B55
:101390001BD12B68D3F8682503F26457012A08BFD4
:1013A000DA60D3F86425012A0FD1082149F64046B6
:1013B000C3F800155A603B689BBB2B68D3F88024A8
:1013C000C3F880240022C3F8002500212B6894F87C
:1013D0003220C3F81011D3F81001C3F82011D3F84C
:1013E0002001C3F82411D3F82401C3F84411D3F821
:1013F0004401C3F85811D3F8581143F3073352018D
:10140000002BD2B213DB0C49C81880F8002301224C
:10141000580903F01F0302FA03F341F82030BDE836
:10142000F8830120FFF708FF013EC4D1C5E7034957
:1014300003F00F03CA54F2E700E100E014ED00E00E
:1014400000F01F0340090BD1084A02EB8302D2F8D7
:101450000012074B0B4043F00203C2F80032704702
:101460000022803352F82330FFDE00BF0025845075
:10147000F0F8FCFFF8B505462B6D046803F48223F1
:10148000B3F5805FD4F8000205D009B100232B62C8
:101490006FF07600F8BDD4F80463C4F8086309B9A6
:1014A000830647D4D4F8003223F02003C4F8003276
:1014B0004FF4A11305F15007D7E8EF1F1943C7E810
:1014C000E01F0028F8D112B9AB68002B59D12E4B80
:1014D000C4F8083301236360D4F84431002BFBD0F7
:1014E0000023C4F84C31D4F84C21C4F81031D4F89E
:1014F0001021C4F84431D4F844212A6D12F400427A
:101500001BD12A62204600F069FC0023EB606B616E
:10151000D7E8EF3F23F47F0323F47043C7E8E23FAB
:10152000002AF5D126F4202626F404760020C4F8FB
:101530000463AFE74FF48033BCE7C4F84C31D4F810
:101540004C21EA69C4F834250522C4F83825C4F8CA
:101550001031D4F810310123E362D4F81031002B9C
:10156000FBD00022C4F81021D4F81031D4F84C314B
:101570000BB1D4F83C352B62C4F84C21D4F84C3173
:10158000C0E701236360D1E710020A002DE9F743A9
:1015900004460E4694F84C1091460430002970D150
:1015A000502204F092FB336963607369E363B369AB
:1015B00003B1013B2364336A042B81BFF369E36108
:1015C0000023236296F83130B9F1000F2FD083F059
:1015D00001084FEA08281BB1236D43F0010323657E
:1015E0000123256884F84C30D5F84C21C4F80890C4
:1015F000FAB931462046FFF76DFE08220023256820
:101600008DF80730C5F800250DF10702C5F844250F
:10161000C5F8483501230A26AB60EB60D5F8583190
:1016200093BB0120FFF708FE013EF7D122E0C84638
:10163000D1E708226427C5F800256B60D5F844314E
:10164000EBB9D5F82431D3B90A20FFF7F5FD013FF6
:10165000F4D10023C5F84C31D5F84C21C5F8103130
:10166000D5F81021C5F84431D5F84421C5F8003526
:10167000002FBED16FF08B0003B0BDE8F0830127CF
:10168000E7E76FF07700F7E70020C5F82001814514
:10169000D5F82031054B08BF0346226848EA03030A
:1016A000C5F80005C2F80433E6E700BF10020A00DF
:1016B00003682B4A2DE9F041C3F8082343F30733AD
:1016C000002B04460DDB01215A0903F01F0399404A
:1016D00002F12003234A42F82310BFF34F8FBFF3D8
:1016E0006F8F012220461146FFF7C4FE01212046DC
:1016F00000F04AFD256D2368E901D3F80C05D3F805
:101700001485D3F80865D3F8107509D54FF0FF326A
:10171000C3F80C25C3F81425C3F80825C3F8102511
:10172000AA0115D5431C01D0FFF78AFEB8F1FF3F8F
:1017300002D04046FFF784FE290109D57A1C02D069
:101740003846FFF77DFE731C02D03046FFF778FE67
:10175000002384F84C302365A360BDE8F08100BF0E
:1017600010034A0000E100E0F8B50646044656F8CA
:10177000505B071DD6E8EF3F43F48052C6E8E02FE8
:101780000028F7D1DA0468D44B0702D5E369002BAF
:1017900066D0354BC5F808330823C5F8003500235B
:1017A000C5F81031D5F81021C5F84C31D5F84C21C9
:1017B000C5F844310A03D5F844318B0303F4804360
:1017C00002F400524903134301F400410B43D6E8ED
:1017D000EF2F1A43C6E8E12F0029F8D1E368C3B917
:1017E000A3687BB9236DD80435D5D6E8EF3F23F441
:1017F0007F0323F47043C6E8E23F002AF5D16FF07F
:101800000B00F8BD0321384600F0C3FAE368002B53
:10181000E8D0D5F80433590710D5A36873B1236D08
:101820001A030BD5D6E8EF3F23F40023C6E8E23FC6
:10183000002AF7D10621384600F0ABFA236DDB040D
:1018400009D5D5F84C310BB901232B60A36813B12E
:10185000054BC5F804330020D3E76FF00F00D0E745
:101860004FF0FF30CDE700BF10020A0072B6024A07
:101870001368013313607047B8190020034A1368D6
:10188000013B136003B962B6704700BFB81900206E
:10189000003A18BF0122003918BF012103688900EE
:1018A000074841EA4201186359605A6842F0010250
:1018B0005A60BFF34F8FBFF36F8F0020704700BF98
:1018C00004AAFF000722024BC3F80423704700BF9D
:1018D00000300050084BD3F80801D3F8002100383D
:1018E00018BF012080000AB140F00100D3F8043194
:1018F0000BB140F002007047003000500022074B4F
:10190000C3F80021D3F80011C3F80421D3F804115F
:10191000C3F80821D3F80831704700BF00300050E9
:1019200000231720094A03F5C0710133202B42F828
:101930002100F8D100231720044A03F5E071013398
:10194000202B42F82100F8D1704700BF0030005032
:1019500010B59DF80840C00B43EA0423064CC90BA0
:1019600043EA0213884200D910BDC2B202F5C07228
:1019700044F822300130F5E70030005010B59DF8F2
:10198000084000F1604043EA042301F16041074C44
:10199000400B490B43EA0213884200D910BDC2B282
:1019A00002F5E07244F822300130F5E700300050D3
:1019B000C0F30E03C3F50043B3FA83F3C3F11B0373
:1019C000064AC0F3C730DBB240F4807043F4807342
:1019D000C2F80005C2F80435704700BF003000505F
:1019E0004303014818447047FF1FF81F054BC0F31D
:1019F0000730090241F0300100F5007043F8201073
:101A0000704700BF00300050044BC0F3073009029C
:101A100000F5007043F82010704700BF0030005000
:101A200008B5FFF757FF044B162118600348BDE8BF
:101A3000084000F06CB900BFF01F0020063800001D
:101A40000C22014904F01CB9F01F002010B501F070
:101A50002EFE044690B902F06FF9044680B90A4A96
:101A60002E21D368094823F008031B041B0C43F004
:101A7000BF6343F40033D36000F049F9204610BD42
:101A800045F22354FAE700BF00ED00E01C380000E7
:101A9000024B1860024B00201960704700200020A4
:101AA000FC1F00201FB5374C426923685A628269C7
:101AB0009A62C269DA62026A1A63426A5A63826A85
:101AC0009A63C26ADA63026B1A64426B5A60826B71
:101AD0009A60C26BDA60026C1A61426C5A61826C65
:101AE0009A61C26CDA61026D1A62826D5A65C26DCA
:101AF0009A65026FDA65026E1A66826E5A66426FE6
:101B00009A66EFF388825A64EFF389829A64426896
:101B1000DA64EFF394821A65026801A81A67FFF786
:101B20008FFF2368019ADA6601221A70164B1C682F
:101B3000640864002046214622462346B7EE000A88
:101B4000F7EE000AB7EE001AF7EE001AB7EE002A19
:101B5000F7EE002AB7EE003AF7EE003AB7EE004A89
:101B6000F7EE004AB7EE005AF7EE005AB7EE006AF9
:101B7000F7EE006AB7EE007AF7EE007A04F069F942
:101B800004B010BD00200020FC1F002000B5A1B053
:101B900001A8FFF7CDF8029B63B15B060AD4019B55
:101BA00023F00203052B05D1044B1B6813B101A8D8
:101BB000FFF778FF21B05DF804FB00BFFC1F002099
:101BC000BFF34F8F0549064BCA6802F4E062134326
:101BD000CB60BFF34F8F00BFFDE700BF00ED00E01B
:101BE0000400FA05F8B543680C2B01D00220F8BDBB
:101BF0004B68042BFAD14FF0FF3304680D6821685D
:101C00002B600029F2D0A268002AEFD00623012021
:101C100001F09FFC0028E9D16168274B99420AD95D
:101C2000A26826488B1883420ED8206804F028F852
:101C300000202860DBE7224B9942D7D9A2680933FC
:101C400088189842D2D8F0E71E488142CED91E4863
:101C50008342CBD80A43930701D00320C7E74FF450
:101C60007F022368C91AA068CF180028E0D0EFF3DC
:101C70001086D2F83001D2F834C1BFF34F8FC0F3D1
:101C80000B00092802D1012E00D072B63F68D2F8AD
:101C90003001D2F834C1BFF34F8FC0F30B000928D5
:101CA00004D1BFF34F8F012E00D062B6A06843F875
:101CB000047B0438A060D6E7FF01FF002C02FF0080
:101CC0002F01FF000781FF000084FF004FF47F0316
:101CD000D3F83001D3F83431BFF34F8FC0F30B008A
:101CE000A0F109035842584170474FF47F02D2F8DF
:101CF0003031D2F83401BFF34F8FC3F30B03092BFC
:101D000003D1431E58425841704700207047FFF7E7
:101D1000A3B8012070476FF00300704700207047A0
:101D20006FF00300704700207047022814BF6FF067
:101D3000030000207047FFF7FBB970B540F2FF15B4
:101D400001EB8202914200D170BD51F8044BC4F303
:101D50000803640CAB4208BF4FF0FF33032CF1D8EB
:101D6000DFE804F0020406080360EBE74360E9E7FC
:101D70008360E7E7C360E5E70346D0F8580130B970
:101D800031B9D3F82001003818BF01207047012075
:101D9000704730B504460D4685B0102200216846D4
:101DA00003F093FFD4E9001368468DF8005098477C
:101DB00005B030BD7FB504460E4615460021102201
:101DC000684603F082FF012368468DF80030CDE9B4
:101DD0000165D4E90013984704B070BD10B50446FE
:101DE000FFF744FDD4F8583133B1D4F8043313F479
:101DF000800308BFC4F80035BDE81040FFF73EBDC2
:101E0000D0F8583133B1CB6CC3F30032DB0458BF88
:101E1000C0F8002570472DE9F74F866804460D4647
:101E20003EB113F0020604D0C36B002B00F0958086
:101E30000126276D17F0100740F08F804FF0010941
:101E4000AB180193019BAB4200F0898005F0604321
:101E50009B46E26BD4F8008082B9BBF1005F40F092
:101E600087809246FFF702FD216D404601F0010197
:101E7000FFF782FF28B9FFF701FDEAE74FF0010AFB
:101E8000F0E7A26CAB46002ABCBFD8F84C25A26490
:101E9000BAF1000F07D0D4E90F1228788854D4E99A
:101EA0000F2102EB010BBBF1000F03D0C8F844B5C2
:101EB000C8F848950023C8F82031D8F82011C8F890
:101EC0005831D8F85811C8F85031D8F850110821B5
:101ED000C8F80015BEB14FF48002C8F80423C8F852
:101EE0000890FFF7CBFCA368002B3FD1236D1B07A5
:101EF0003CD55034D4E8EF3F23F00803C4E8E23F78
:101F0000002A2AD0F6E7C8F80890FFF7B7FC216D41
:101F100001F001014046FFF72FFF0246D8F84C05BB
:101F2000D8F844355AB99B45F4D004F1040AD1B12C
:101F3000FFF79CFC51464046FFF762FFD1E79B4507
:101F400004F1040AF3D10028F1D1FFF78FFC5146C8
:101F50004046FFF755FFFFF791FC4FF0FF3738463B
:101F600003B0BDE8F08FC8F80C90E1E7013569E7F0
:101F70006FF01507F3E770B5CE6C0D4606F0010162
:101F80000446FFF7F9FE38B94FF4800346F0040623
:101F9000EE64C4F8043370BDD5E90A365AB1296C31
:101FA000EA6B761A964228BF164619443246A86B49
:101FB00003F066FEAB6B4FF0FF326A641BB1C4F8EE
:101FC0004435C4F848650023C4F82031D4F82021F2
:101FD000C4F85831D4F85821C4F85031D4F85031ED
:101FE0000823C4F800354FF48003C4F804330123F8
:101FF000A360D0E737B590F84C3004463BB3036B91
:102000004BBB0268C2F8003583680BB10B694360B3
:102010002046FFF75FF90822002324688DF8073077
:10202000C4F800250DF10702C4F84425C4F848356A
:1020300001230A25A360E360D4F8583173B9012065
:10204000FFF7FAF8013DF7D16FF08B0001E06FF078
:10205000760003B030BD6FF00F00FAE70020C4F83F
:102060002001D4F82031C4F80005F2E790F84C00C4
:10207000003818BF012070472DE9F04704460D468F
:1020800098461646D0F80090002A68D087685FB955
:1020900053B9076B002F65D10263FFF7BCFE0546FD
:1020A00027632846BDE8F08718F0030F07D04346A2
:1020B000324629462046BDE8F047FFF7ACBE05F0A2
:1020C0006043B3F1005F07D0E36B13B118F0040F66
:1020D00014D06FF00C05E4E7236DDB0702D518F090
:1020E000040F42D1FFF7C2FB226B9AB9C4E90B5629
:1020F0004846211DFFF73FFF002527E0FFF7B6FB0D
:10210000236B3BB9236D012243F00203C4E90B5654
:102110002365EDE7A36BE3B918F0040F19D0E36A68
:1021200003F06043B3F1005F16D1236DC4E90D568F
:1021300043F0100323650A24D9F85031C3B90120B4
:10214000FFF77AF8013CF7D16FF08B05FFF796FBAC
:10215000A7E76FF00F05F9E74FF0FF35F6E76FF0EF
:1021600006059EE76FF00F059BE74FF0FF3598E7F8
:102170000023C9F85031D9F85031002DBCD0C9F82E
:102180004455C9F84865B7E7F8B50468036BD4F857
:1021900004630546C4F8086323B96FF07600C4F8F9
:1021A0000463F8BD00F15003D3E8EF0F40F00800DE
:1021B000C3E8E20F002AF7D10123E36001B3296DE0
:1021C00001EA030739462046FFF7D6FD0028FAD07A
:1021D000FFF74CFBC7B9D4F820314BB10123E360C2
:1021E000D4F85831002BFBD02046291DFFF708FEFC
:1021F000FFF744FB0023C4F82031D4F820212B63DF
:102200000020C4F80463CCE7D4F85831002BEBD19C
:10221000EEE72DE9F84F0568036DD5F804A313F434
:10222000802804460F461646C5F808A340F0928061
:1022300001F06042B2F1005F40F08F80C26852B19D
:102240008268002A75D1D5F81021002A71D0C5F80E
:102250001081D5F81031226AC4E90376002A47D0EC
:102260009642E16933D84FF0000932463846C4E956
:10227000039903F005FD226AE069921B226281192D
:1022800003F0C8FCA368BBB1236D04F1040B9904EF
:1022900017D55034D4E8EF3F43F48023C4E8E23F3D
:1022A000002AF7D1324639465846FFF783FD4A46A1
:1022B00059462846FEF78EFF4046C5F804A3BDE800
:1022C000F88F324639465846FFF774FDF4E7384632
:1022D00003F0D6FC236AA3620023236204F15003B7
:1022E000D3E8EF1F41F40021C3E8E21F002AF7D131
:1022F000A16A2369E2685B1A0A44C5F83425C5F867
:102300003835236DDA04D7D55034D4E8EF3F23F4C1
:102310008023C4E8E23F002AF7D101232B60D5F8DF
:102320004431002BC8D00023C5F84431D5F84431DE
:10233000C2E76269A2B95B04C4E90576C5F83475E1
:10234000C5F83865B8D5D5F8003243F02003C5F894
:102350000032B1E76FF07608AEE76FF00C08ABE73C
:102360006FF00F08A8E7FFF785B88368A3B9036883
:10237000D3F80025082A06D011B1D3F83C350B60FC
:102380006FF077007047D3F8102142B111B1D3F844
:102390003C350B60002070474FF0FF3070476FF006
:1023A0000F0070474B6830B513F01F052DD1026840
:1023B0000C681068C0F30720844226D2506855602C
:1023C00094600C7C23F01F0304F001041C438B7CFD
:1023D000DB0003F018031C434B7C5B0003F0060397
:1023E0002343D3608B68013B23F01F04CB685B0061
:1023F00003F00E03234343F0010313615060BFF366
:102400004F8FBFF36F8F284630BD0120FCE7036874
:1024100000205A68C9B258609960D86018615A6043
:10242000704770B50546002403681E68C6F307268A
:10243000B44201D1002070BD21462846FFF7E7FFD6
:102440000134F5E7C0037047C00300F5FF407F305B
:102450007047002070471F2070474FF400407047BE
:1024600000F57F40C03040037047402070475F2038
:1024700070474FF4005070470020704708B5FFF7D1
:1024800085FB72B620BFFDE7034610B1002018702F
:1024900070474AF2C53070470020704770470346C6
:1024A000012B084670B5114607D0042B09D0002B2C
:1024B00031D1BDE87040FFF795BBBDE8704000F03A
:1024C0002CB84368082B01D0022070BD5468042C3E
:1024D000FAD14FF0FF330568166829683360002988
:1024E000F2D06B68002BEFD026237422012001F07C
:1024F00030F80028E8D1224623230120696801F042
:1025000028F804460028DFD1D5E90001FFF7C0FA1A
:1025100030602046D9E70320D7E743680C2B01D071
:10252000022070474B68042BFAD10B680121026826
:10253000196011680131F3D10221906819600028F7
:10254000EED118607047000030B50C46154685B0D6
:1025500038B139B1FFF7DBFB041E03DA204605B0C2
:1025600030BD044640F60D23ADF80E3009230B496B
:1025700001A805F00F028A5C2D091A54013B012BBA
:10258000F7D147F630030C21ADF80430FFF7BFFB5D
:102590000028B4BF04462418E0E700BF4A38000012
:1025A00007B51E4B83F30A881D4801F06BF848B14C
:1025B00000F082FE00F01EFC00F0DEF8002003B008
:1025C0005DF804FBFFF742FA0028F1D121211548FC
:1025D000FFF79DFBFFF750FF0028E9D10DF1070041
:1025E000FFF752FF0028E3D19DF807301BB1FFF73A
:1025F00053FF0028DCD1FFF751FF00F00FFC35211D
:102600000948FFF784FB17210848FFF780FB1821D2
:102610000748FFF77CFB00F0EBFDCBE70004002050
:10262000BC1900205A3800007B380000B038000088
:10263000C738000030B5094C0246616800230846DF
:1026400040B105686D68954205D11BB18268606034
:102650009A60816030BD03468068F1E7401A00202F
:1026600038B504462AB10B689B68DB0512D50020FB
:1026700038BD0B4B1D680DB900F01EFE00222B6803
:10268000996934338A4203D053F8040FA04204D12D
:102690009142ECD16FF0FC00EAE70132F2E700BFB3
:1026A000481A002070B504460E4615460021302217
:1026B0000C3003F00AFB064B20461B68A6606360E3
:1026C000656100F0E5FE00232061236070BD00BF5E
:1026D000481A0020034B186810B1006800B1406828
:1026E000704700BF481A0020064B10B51C680CB993
:1026F00000F0E2FD23689B6813F4406F14BF0120D3
:10270000002010BD481A00202DE9F04107469046F0
:102710000C4621B96FF080042046BDE8F0814B00E3
:10272000F8D5144B01F01F0253F82250002DF1D0C0
:102730002B685E68FFF7D8FF294602463046FFF750
:102740008FFF88B9C4F30721284600F0B7FD04467F
:102750000028DFD100F0A9FE064640B142462946D6
:10276000FFF7A0FF3E60D7E76FF08104D4E76FF07A
:102770008204D1E7C01900202DE9F04100F094FE59
:102780000023134E134F73607B6000F0EFFADFF805
:102790004880304600F022F80446A0B13946802334
:1027A000424600F0ABF80546204600F0BDFD20682B
:1027B000211D00F089FB08B100F07EFD294620466E
:1027C00000F080FAE5E7BDE8F04100F091BA00BF03
:1027D0004C1A0020401A0020C0190020F8B5054608
:1027E00008B900F069FD404E346814F1310F78D813
:1027F0003E4B196804F130038B4272D2E369A2693F
:1028000003EB83030E321344226A02EB42021344A9
:10281000626AC2EBC20213449B00E31801D29942E0
:1028200001D200F049FD2368314A1B0C1B0493427E
:1028300001D000F041FD2388B3F5817F01D300F082
:102840003BFD6368002B01DA00F036FDD4E90A2372
:102850009A4201DD00F030FDA36813F4406F22D1ED
:10286000244A176807F120031360234A1268934231
:1028700001D900F021FDE369A26903EB83030E3265
:102880001344226A3C6002EB42021344626AC2EBC8
:10289000C2021344326802EB83026B683260FB6150
:1028A0006F603846F8BDA26A002A04DAE36A002B9A
:1028B00001DA9A4201DD00F0FFFC6F68002FCFD0F3
:1028C0003B689A6812F4406F09D0E16A9A6A9142B3
:1028D00005DBA26ADB6A9A4201DC00F0EDFCFF69CD
:1028E000ECE70027DDE700BF24110020E8380000F6
:1028F00000005F5F20110020E43800002DE9F74F51
:102900000F4690460646009300B109B900F0D4FC8A
:10291000D6F800A0DAF818200AF1380303EB820B8E
:10292000DAF81C40204B1D6854B10C2202FB045401
:102930001C601E4B1B689C4201D900F0BDFC2C465C
:1029400025464FF00009DAF81C204A4500D91CB989
:10295000002003B0BDE8F08F142303FB09B200236D
:10296000C5E900269268AB60930516D5B8F1000F53
:1029700002D0009B802B03D0019200F09DFC019AB5
:1029800012F0E00FD0B202D158F820201AB1019015
:1029900000F092FC019848F820507A6809F101098A
:1029A000AA607D600C35CEE71C110020E0380000E5
:1029B0002DE9F04F93B000935E4B0746D3F800B07B
:1029C0000BB2002B0D461646C1F30269C1F3024A51
:1029D00004DA6FF0800013B0BDE8F08F8B42C36063
:1029E00001D10020F7E709EB0A03042BF1D8CC0F43
:1029F00064014FEAC90831464246DBF8040044F05E
:102A0000020300F0A6FD01460028E2D1202202A820
:102A100003F05BF94246314602A84FEACA0603F0CA
:102A20002FF932460099DBF8040044F0060300F069
:102A300090FD80460028CCD1014620220AA803F050
:102A400044F9324600990AA802AE03F019F9334658
:102A500008F10108C14514D91A46C4460DE0D2F860
:102A600008E0D16818687144884203D25968084464
:102A70008645AED30CF1010C0832CC45EFD10833BA
:102A8000E6E715F0006F18BF20241022002107F19F
:102A90001C0003F01AF907F118081022002107F1B1
:102AA0002C0003F012F908EB890944F00203C84531
:102AB00012D1202C27D1002D02DBC5F3C0456C01BB
:102AC00007F128050AAE05EB8A0A44F006045545CD
:102AD0001BD1009BFB6784E77268DBF8040056F8A3
:102AE000081B019300F035FD00287FF472AF56F803
:102AF000042C019B48F8042F56F8082CC8F8300025
:102B0000C8F82020D3E70024DAE77268234656F895
:102B1000081BDBF8040000F01CFD00287FF459AF0F
:102B200056F8043C45F8043F56F8083C28642B63EB
:102B3000CDE700BF481A00202DE9F0411F461A4B8F
:102B40000D461646D3F8008000F0CAFB044608B9CB
:102B500000F0B2FBE368002B01DA00F0ADFB032DBF
:102B600001D900F0A9FB04EB8504E569E36CED1ADB
:102B700016D006233A463146D8F8040000F0E9FCA6
:102B800008B100F099FBBD4228BF3D46E36CE16B04
:102B90002A461944304603F073F8E36C2B44E3648F
:102BA0002846BDE8F08100BF481A00202DE9F04119
:102BB0001D461A4B0F461646D3F8008000F090FBD6
:102BC000044608B900F078FBE368002B01DA00F056
:102BD00073FB032F01D900F06FFB04EB8704E36A5A
:102BE000E26E9B1AAB4201D200F066FB02232A463A
:102BF0003146D8F8040000F0ACFC08B100F05CFBF2
:102C0000E36EE06D2A463146184403F039F8E36E6E
:102C100000202B44E366BDE8F08100BF481A002085
:102C20002DE9F04105464FF001080E4E0E4B376876
:102C30005C681CB928463760BDE8F081226893685B
:102C400013F400700CD16369012B09D0D368346090
:102C500023B19847002801DA00F02EFBC4F8148055
:102C6000E469E6E7481A00204C1A002070B50446D3
:102C7000D0B18368C3B11A68B2B15D68A5B10C4B1D
:102C8000A86168691D6020B92B68DB684BB9012316
:102C90006B61A36804F10C001B68BDE870401B6900
:102CA000184798470028F2DA6FF0800070BD00BF27
:102CB000481A00204268024B08461A60704700BF5D
:102CC000481A00200022036810B5C0E905229A685E
:102CD000044612F4406F07D0120503D5D3E90A0168
:102CE00000F034F8014B1C6010BD00BF481A0020F2
:102CF00038B5124B1B681C68A36813F4406F01D1F0
:102D000000F0DAFA00F0A0F9226B23690C491344B1
:102D100023F00703A3F1080543E9021185F30988AD
:102D2000073222F0070282F30B88BFF36F8F054B47
:102D3000E268054900F0EBFC002038BD481A00208D
:102D4000A5EDF5FEF80B0020212C0000014BC3E996
:102D500000017047541A0020034BD3E9003083422E
:102D6000C8BF0020704700BF541A002008B500F00B
:102D70005FF9034B986000F061F980F3888808BD23
:102D800000ED02E0EFF308807146EFF30982EFF304
:102D90000B830CB406B400F04BFA8646009900F0A1
:102DA000080001F00801401A02DC14DB04B070478F
:102DB0002DED108A1EF020031CBF2DE9F00FBDF190
:102DC000080D0B4C254626462746A046A146A2469E
:102DD000A34630B4704704B030BC1EF020031CBFC3
:102DE0001DF1080DBDE8F00FBDEC108A04B070476E
:102DF000A5EDF5FE084BDA6882F07F4282F47F028F
:102E000042F48042DA6000221A765A76DA76DA776D
:102E1000602283F82220704700ED00E0114BD3F8C8
:102E2000882042F47002C3F88820BFF34F8FBFF3AD
:102E30006F8FD3F88C2042F44062C3F88C20D3F813
:102E4000342242F08042C3F83422D3F8342242F0D4
:102E50003C42C3F834224FF0E022D36843F420030D
:102E6000D360704700ED00E0009A164B9A4227D1DC
:102E700001229043014641EC100B41EC110B41EC57
:102E8000120B41EC130B41EC140B41EC150B41EC14
:102E9000160B41EC170BEFF3148222F0040282F3BD
:102EA0001488BFF36F8F0246034604460546064664
:102EB00007468046814682468346844686460447C6
:102EC000FEE70000A5EDF5FE2DE9F041044618B936
:102ED00043F6DA30BDE8F0810029F9D08368002597
:102EE00013F4406F14BF01230023134F43F0020378
:102EF000DFF848800B6000F13806236AAB4201D846
:102F00000020E7E71421A369E26906EB830301FBD4
:102F100002330C226A4399188968090709D59B581E
:102F2000BB4201D04345D3D1186810B10121FEF74F
:102F30005DFD0135E1E700BF341100202C110020B8
:102F400070B5324C86B03248FFF76BFA2368012522
:102F50005A1C01932F4B2260DA681B694FF44076AC
:102F6000039300232A4801A902920495ADF8146046
:102F70008DF81630FFF716FA18B143F6DA3006B0BE
:102F800070BD23688DF816005A1C0193224B20480F
:102F90000293224B01A9CDE903352260ADF81460FC
:102FA000FFF700FA0028E8D123688DF816005A1CB4
:102FB00001931B4B164802931A4B01A9CDE9033527
:102FC0002260ADF81460FFF7EDF90028D5D1236831
:102FD0008DF816005A1C0193134B0D480293134BA6
:102FE00001A903930223049340F201132260ADF878
:102FF0001430FFF7D7F904460028BED12A462946E7
:103000000348FEF745FC2046B9E700BF5C1A0020E4
:1030100028110020EC380000C0390000806000005A
:103020000009000000090000000C0020200C002016
:10303000014B1868704700BFEC380000014B1B685B
:1030400018687047EC380000014B1B6858687047DF
:10305000EC38000008B5FEF7E3FCFEF74FFC0A4B26
:103060005A68103AD3B2120609D401215A0903F062
:103070001F03994002F16003044A42F82310BDE89F
:10308000084000F019B900BF00ED00E000E100E0E9
:103090000020034BD8765A6A42F470225A62704775
:1030A00000ED00E00349044BCA68002092B21343CC
:1030B000CB60704700ED00E00800FA05064BD3F83E
:1030C000D02022F00102C3F8D020D3F8D02042F063
:1030D0000202C3F8D020704700ED00E037B50124AC
:1030E000FEF71EFC134D2246052347F6FF71002014
:1030F0000094FEF72DFC224607234FF000500E49A6
:103100000094FEF73BFCD5E901010723002200945F
:10311000FEF71EFC07230022084909480094FEF729
:103120002DFC2969E8680139FEF742FC002003B054
:1031300030BD00BFEC380000FF7F0020FFFF032000
:103140000080002038B50024104D002155F8040BF4
:103150000134FEF759FC1D2CF7D1002001220C4B45
:10316000C3F88004C3F88424C3F8C004C3F8C4249B
:103170004FF47F03D3F83021D3F83431BFF34F8FAE
:1031800040F20112034BC3F8402538BD003900005E
:10319000003000500090035000224FF0FF300D4BE4
:1031A00002F1A0010132102A43F82100F8D1D3F82E
:1031B0008022002022F00802C3F88022D3F8802267
:1031C000D3F8802222F40072C3F88022D3F8803230
:1031D000704700BF00E100E008B5FEF773FB08226E
:1031E000024BC3F880211A60002008BD00E100E016
:1031F0000122014B1A607047601A002010B5044686
:10320000094B2289186861680623406800F0A1F91B
:1032100028B9064B1B68012B01D1FFF75BFA6FF051
:103220008603236010BD00BF481A0020601A0020EA
:1032300001F00C0370B50C2B0CBF154605464A0671
:103240000C461ED58B0658BF2835AB6913F8026CA7
:1032500084F00803C3F3C003C6F38012934201D085
:1032600000F02AF816F0A00F1CD176B1032E15D06D
:1032700032461C210D48FFF767F96FF083032B607E
:103280000AE000F019F82026E2E7FFF775FA044695
:103290000146074800F035FA204670BD2846FFF782
:1032A000ADFFF9E732461F210248E4E77439000018
:1032B000F80B002090390000FFF7E0B803689A6827
:1032C000DB6812F4806F05D18B422CBF00206FF0B9
:1032D000FA0070478B420CBF00206FF0FA00704775
:1032E00010B500F0D8F8044600F0E6F850B9FFF742
:1032F000F1F9A3685B681B685B68834218BF002410
:10330000204610BD0024FBE738B5054648B1FFF75D
:1033100023FDB5EBD07F044601D0FFF7CDFF20465B
:1033200038BDFFF7D7F9F4E770478230012808B5B8
:1033300006D8FFF7D9F918B9BDE80840FFF7BCBFB8
:1033400008BDF8B505460E46FFF7CAFF044608B9A2
:10335000FFF7B2FFA7680FB9FFF7AEFFE368991C4C
:103360004BD05A1C26D1002E44D016F1820F19D111
:10337000022301252360EFF3108772B63146204601
:10338000FFF798FC064687F310882368022B1CBFC2
:103390000023236025B100232046236000F08EF82F
:1033A0003046F8BD16F1830FE2D0FFF785FF002508
:1033B0000026E0E7002BF8DB002304F1280252F896
:1033C000041F19B1E16F106C194448600833202BB9
:1033D000F5D13B689D6815F4007502D002230125E4
:1033E000236016F1810FC6D16369002BC3DBFFF7A1
:1033F00063FFC0E72E460025F3E70125D8E708B5AF
:10340000FFF73CF86FF0830008BD2DE9F3410E464D
:10341000174698460546FFF767F9FFF775FF2946F7
:10342000024601A8FFF770F9044660B943463A46E0
:1034300031460198FFF7BCFA044640B16B0002D553
:10344000019800F03BF8204602B0BDE8F0810198F9
:10345000FFF70CFC0122019B04461A60F3E740F2DF
:103460000110704770B50546FFF73EF9064628463D
:10347000FFF7E0F8044608B9002070BD0146324667
:103480002846FFF7EDF80028F6D12368D868F4E75E
:103490004FF480507047B0F5805F03D1EFF30B809D
:1034A00080387047002070477047EFF30B8000F1C1
:1034B000800383F30B88704700207047EFF30B8382
:1034C000803B83F30B88704780EA0000E1EE100A2E
:1034D00000EE100A00EE900A01EE100A01EE900ACA
:1034E00002EE100A02EE900A03EE100A03EE900AB2
:1034F00004EE100A04EE900A05EE100A05EE900A9A
:1035000006EE100A06EE900A07EE100A07EE900A81
:1035100008EE100A08EE900A09EE100A09EE900A69
:103520000AEE100A0AEE900A0BEE100A0BEE900A51
:103530000CEE100A0CEE900A0DEE100A0DEE900A39
:103540000EEE100A0EEE900A0FEE100A0FEE900A21
:1035500070472DE9F0410F461546002A5BD000293F
:1035600000F08D8003F00602062A57D09A0740F13A
:10357000868008249B0648BF44F01204860758BF83
:1035800044F00404C00709D5EFF39483D9074CBF76
:1035900044F0040424F0040444F0120422462946B2
:1035A000384602F01BFAB0BB47E800F205EB07080B
:1035B000110E120208F1FF3646E800F34FEA1360DD
:1035C0005AD51B0258D5884256D047E800F546E840
:1035D00000F6FEF73EFF2D0E85424FEA166628D311
:1035E000FEF739FF864224D82846FEF72DFF2246F3
:1035F000C7F101010144384602F0F0F9E0B30135AA
:10360000AE420DD83046FEF71DFF2246A8EB000162
:1036100002F0E4F980B30020BDE8F0810124A9E7BD
:103620002846FEF70FFF0746FEF717FF2246014622
:10363000E1E7FEF71AFF85421ED3FEF718FF864228
:103640001AD82846FEF7CCF92246C7F101010144F9
:10365000384602F0C3F978B10135AE4203D830469E
:10366000FEF7FEFED1E72846FEF7FAFE0746FEF714
:1036700000FF22460146EBE76FF07F00CCE74CF2FB
:10368000DA20C9E710B50446FFF718FDFFF726FD5D
:1036900010B143F6DA3010BDFFF754FD0028F8D121
:1036A000FFF74EFC0028F4D102232360F3E708B5AE
:1036B000FFF7EEFC10B143F6DA3008BDFFF7F2FC7D
:1036C0000028F8D100F01CF80028F4D162B6FDF70C
:1036D000D7FBFFF761FD0028EDD1FFF77DFD002846
:1036E000EBD0E8E7EFF30880EFF309812DE9F00F65
:1036F0006B467246FDF722FB08B0FFF7ABFCFEE716
:10370000704704460D46FFF7DFFEA546284783F3C2
:10371000088896460222EFF31483134383F3148838
:10372000BFF36F8F0847000001464154414C2045CC
:1037300052524F523A2000486172644661756C746F
:103740000D0A004D656D4D616E616765206661759E
:103750006C740D0A004275734661756C740D0A0035
:1037600055736167654661756C740D0A0053656336
:103770007572654661756C740D0A005265736572E9
:1037800076656420457863657074696F6E200050BB
:103790006C6174666F726D2065787465726E616CB1
:1037A00020696E7465727275707420284952516E6A
:1037B000293A2000B90E0000131D0000A5110000D9
:1037C000F10E00002B1D0000371D0000B910000095
:1037D000171D0000D90E0000E50E0000010F0000CB
:1037E0001D1D0000211D0000271D00001D00000000
:1037F000100000021C00000111000003040202027C
:103800000338FDD87047506C6174666F726D204547
:103810007863657074696F6E3A0D0A00416C6C20B4
:1038200070696E732068617665206265656E2063DD
:103830006F6E66696775726564206173206E6F6E66
:103840002D7365637572650D0A003031323334357E
:10385000363738394142434445461B5B313B3334AC
:103860006D426F6F74696E672054462D4D2076321D
:103870002E322E301B5B306D0D0A001B5B313B334B
:10388000346D5B536563205468726561645D2053D9
:10389000656375726520696D61676520696E69741D
:1038A00069616C697A696E67211B5B306D0D0A0076
:1038B00054462D4D20466C6F6174204142493A2098
:1038C000486172640D0A004C617A792073746163F7
:1038D0006B696E6720656E61626C65640D0A00003D
:1038E00090120020781200201802000000800000D2
:1038F00000800000FFFF0F00007C0000008000003F
:1039000000400050005000500080005000A00050C7
:1039100000B0005000E0005000F0005000000150E6
:103920000010015000400150005001500070015043
:103930000080015000B0015000C0015000D0015083
:1039400000E0015000F00150000002500010025051
:10395000002002500030025000400250006002502F
:103960000080025000A002500090035000258450B7
:1039700000A00350556E6B6E6F776E2053504D2034
:10398000535643207265717565737465643A2000FF
:10399000556E6B6E6F776E20535643206E756D6259
:0F39A0006572207265717565737465643A2000F5
:1039C0000348044B834202D0034B03B118477047AE
:1039D0001812002018120020000000000548064BB5
:1039E0001B1AD90F01EBA301491002D0034B03B1FD
:1039F000184770471812002018120020000000001D
:103A000010B5064C237843B9FFF7DAFF044B13B126
:103A10000448AFF300800123237010BD201900205B
:103A2000000000006460000008B5044B1BB10449AD
:103A30000448AFF30080BDE80840CFE70000000075
:103A40002419002064600000A3F5803A704700BF8D
:103A5000174B002B08BF134B9D46FFF7F5FF0021C6
:103A60008B460F461348144A121A02F02EF90E4BD9
:103A7000002B00D098470D4B002B00D0984700201A
:103A8000002104000D000D48002802D00C48AFF3BF
:103A9000008002F01BF820002900FEF781FD02F0F3
:103AA00001F800BF00000800000000000000000056
:103AB000F80B002018120020C02800200000000091
:103AC00000000000009A074B9A4208D110B502F09E
:103AD0001FF902F021F806BC96460C46744702F026
:103AE0005BF90000A5EDF5FE009A074B9A4208D15C
:103AF00010B502F019F902F00FF806BC96460C4614
:103B0000744702F049F90000A5EDF5FE0CB4029AE5
:103B1000084B9A420CD14FF0004319430CBC10B52E
:103B200000F022F801F0F8FF06BC96460C467447F8
:103B300002F032F9A5EDF5FE009A044B9A4202D14B
:103B400003490868744702F027F90000A5EDF5FE67
:103B5000C85E0000009A034B9A4200D1744702F0FD
:103B60001BF90000A5EDF5FE2DE9F84304460D46CE
:103B700016461F46EFF30583C3F308030BB1FFF7A7
:103B80009BFBDFF834903B46204632462946D9F865
:103B90000080FFF73AFCD9F800300446984506D07B
:103BA0009B6901461869BDE8F843FFF7CABBFFF7F8
:103BB000BCFB2046BDE8F883481A0020014B1B6877
:103BC000184700BF40110020024B1860024B002034
:103BD000196070474411002040110020014B18600B
:103BE000002070473C11002010B50A46044619B168
:103BF000024B00211B68984710BD00BF48110020F0
:103C0000074B0A465978022906D11978072903D1AA
:103C10000146181D02F006B96FF08800704700BF1A
:103C2000641A002010B5124C2378590744BF23F0C2
:103C30000403237023789A0705D500F063F82378EE
:103C400023F002032370637813B10A4802F0FBF8F3
:103C50000023042107486370FFF7C6FF2378DB07C2
:103C600005D502F0DCF8237823F00103237010BDA2
:103C7000641A0020681A002038B51C4D6A782B7829
:103C8000022A01D1072B12D0D80713D52B78990718
:103C900007D400F02FF82B78044643F002032B7072
:103CA00088B96A782B788AB12B785A0719D50024FD
:103CB000204638BD02F0B1F82B78044643F00103EA
:103CC0002B700028E2D0FFF7ADFFF1E7DB07EBD563
:103CD000074802F0A5F8022304466B700028F2D1D1
:103CE000E2E743F004032B70E1E700BF641A002011
:103CF000681A00200122024B002083F880257047BB
:103D00006C1A00202DE9F0410A4C002526464FF0A0
:103D1000010803272046C4F820802777013502F0E8
:103D20005FF8202D04F12C04F4D1002386F88035AF
:103D3000BDE8F0816C1A002010B50C4C236813B15B
:103D40000B4B1B682BB900F089FC30B90122084BE2
:103D50001A6001232360002010BD0138062801D914
:103D6000044810BD044B53F8200010BD082000206B
:103D700004200020FE8FFFFFCC5E0000144B2DE9D5
:103D8000F043002814BF04461C46124F236883B03A
:103D9000BB4219D016460D4620464FF4147104F16B
:103DA000040900F047F804F58E78484600F0CEF894
:103DB000404600F019FA2B464A464046064900960E
:103DC00000F034FB08B92760002003B0BDE8F083A1
:103DD0000C200020A5BCC95AD13F000070B50D4C85
:103DE0001D46002814BF064626460B4B306882B09D
:103DF00098420DD106F58E70002633460096144683
:103E000000F03EFB002818BF34462C6002B070BDA5
:103E10000248FBE70C200020A5BCC95AE88FFFFF31
:103E200038B131B1002201440346013081421A7099
:103E3000FAD1704738B131B1002201440346013054
:103E400088421A70FAD170472DE9F043202B1D46A5
:103E50000646884691468BB026D8DBB202AF8DF875
:103E60000480B04658F8041B8DF8053021B940464F
:103E700001F038F9044640B901230222404633607C
:103E800001A901F043F9044638B138462021FFF773
:103E9000D1FF20460BB0BDE8F0832A464946404694
:103EA00001F034F90446F0E702AF1946104600234A
:103EB0003A4601F0B1FA04460028E6D12023B9467B
:103EC0001D46CCE72DE9F041D0F8F830A6B0002B24
:103ED000D8BF02AE31DD05460027D0F80C4102AE56
:103EE000A4F101089022D5F8FC403146D0F8000139
:103EF00001AB0197B8FA88F8A0474FEA5818044672
:103F000020B9019B53B9B8F1000F16D0304690216B
:103F1000FFF790FF204626B0BDE8F081014632460B
:103F20002846FFF791FF58B9D5F80431019A134498
:103F3000C5F80431B8F1000FE8D16FF03C04E5E7B3
:103F40000446204626B0BDE8F08100BF70B50025CC
:103F50000446142204F588762946C0F8F850FC304F
:103F600001F0B3FE08222946304601F0AEFE144BA4
:103F700030461B689847204640F8045B01F098F8EB
:103F8000104B30461B689847C8B9D4F8F830AB429C
:103F90000FDC03EB830204EB82022021C2F8000154
:103FA0000120C2E9421008490133C2F8FC10C4F8EC
:103FB000F830064B3046BDE870401B68184770BDAE
:103FC0006811002064110020B54F0000601100202E
:103FD0002DE9F047202A88B07AD83F4B00F5887940
:103FE00004461B6848461746884698470546F8B970
:103FF00040F20116D4F8F830002B65D02046FFF7C8
:1040000061FF054638B9D4F8F830002B14DC013EC6
:10401000F2D16FF03B056E4620213046FFF70AFFD4
:104020002E4B48461B689847002818BF6FF01D05A7
:10403000284608B0BDE8F087D4E94132934203D363
:10404000D4F80C21012A02D0013ED7D1E1E71F2B81
:10405000FAD96E4601462022304604F1040A01F0E6
:1040600034FE3146504601F07BF805460028D3D196
:10407000504601F031F8504601F01AF829465046F2
:1040800001F030F805460028C6D1504620223146BE
:1040900001F03CF805460028BED1034632462021F7
:1040A000304601F0B9F905460028B5D1D4F8F8300A
:1040B0003A46002BC8BF002340463146C8BFC4F86B
:1040C000043101F0DDFDA7E76FF03F056E46A3E781
:1040D0006FF03B05ACE700BF6411002060110020C9
:1040E00070B590B000287AD03E4C0D464022362163
:1040F0000646204601F0E9FD40225C21A01801F0AF
:10410000E4FD2B1DA34203D904F144039D4252D385
:104110002B682268534023602B68226C5340236431
:104120006B686268534063606B68626C53406364A1
:10413000AB68A2685340A360AB68A26C5340A36411
:10414000EB68E2685340E360EB68E26C5340E36481
:104150002B69226953402361226D2B6953402365EB
:1041600062696B69534063616B69626D534063655B
:10417000AB69A2695340A361AB69A26D5340A365CB
:10418000EB69E2695340E361EB69E26D5340E3653B
:104190000021304600F0A6FF044628B940223046F0
:1041A000104900F0B3FF044640216846FFF742FE85
:1041B000204610B070BD631E04F13F01013D1F3465
:1041C00015F8010F13F8012F42401A7011F8012F52
:1041D0002878A34282EA00020A70F1D1D8E76FF092
:1041E0007304E5E75C22002010B54FF49A720021B9
:1041F000044601F06AFD42F21072044BC4F820211B
:1042000004F596701B68BDE810401847681100203F
:104210002DE9F04F04468846914695B0002900F0FC
:10422000A780002A0CBF0126022600238DF80C303F
:10423000002C00F09F80DFF844A104AF0AF1400B8E
:104240000021204600F04EFF034648B138462021A9
:104250000193FFF7EFFD019B184615B0BDE8F08F05
:1042600040225146204600F051FF03460028EDD180
:1042700004F1F40520222946204600F047FF0346BA
:104280000028E3D10122204603A900F03FFF0346A6
:104290000028DBD1022E62D020460CA900F060FF7E
:1042A00003460028D2D10146204600F01BFF0346FA
:1042B0000028CBD140225946204600F027FF034674
:1042C0000028C3D1202220460CA900F01FFF03467E
:1042D0000028BBD13946204600F042FF03460028A3
:1042E000B4D139462046FFF7FBFE03460028ADD186
:1042F00020222946204600F009FF03460028A5D1C8
:1043000020460CA900F02CFF034600289ED1014650
:10431000204600F0E7FE0346002897D14022594688
:10432000204600F0F3FE034600288FD120222046CD
:104330000CA900F0EBFE0346002887D12946204651
:1043400000F00EFF0346002880D19DF80C200132BA
:10435000D2B2B2428DF80C20FFF472AF76E74A4633
:104360004146204600F0D2FE0346002894D06DE777
:1043700001265AE76FF0730304AF67E75C22002061
:104380002DE9F0410446884615461F46D0F818012D
:10439000E0B013B100EB40004008B5F5807F3ED897
:1043A0002844B0F5C07F3AD84FF4C0720021684667
:1043B00001F08BFC6946D4F82431D4F81821D4F8E4
:1043C0002801984770BBD4F8186157B1D4E9493037
:1043D00072080DEB0601984720BBD4F8183106EBA4
:1043E0005306B8F1000F00D08DB932466946204619
:1043F000FFF70EFF054610B90123C4F8143131460A
:104400006846FFF717FD284660B0BDE8F0810DEB68
:10441000060041462A462E4401F032FCE5E76FF0E3
:104420000405F0E76FF00805EDE700BF2DE9F04760
:10443000044604F1F4050F4691461E46DDF820803F
:1044400000F036FE29462046FFF74AFE08B1BDE8D7
:10445000F08728462022012101F037FCD4F81831DA
:10446000C4F82471C4F8289113B92023C4F8183172
:10447000424631462046BDE8F0470123FFF780BFA2
:10448000B2F5806F00F295802DE9F04F89B09A4621
:10449000129BB3F5807F00F29080D0F8243116464D
:1044A00004460F464BB3D0F81C31012B05D0D0F891
:1044B0001421D0F820319A421FDD514600232046B6
:1044C000129AFFF75DFF014698B900231293002E60
:1044D0005ED0DFF8EC9009F1400B0021204600F09F
:1044E00001FE202E3546014628BF202504F1F408A0
:1044F00090B1084609B0BDE8F08FBAF1000FE6D0E0
:10450000129B002BE1D051461A462046FFF780FE51
:1045100001460028DBD0ECE749464022204600F067
:10452000F5FD01460028E4D141462022204600F056
:10453000EDFD01460028DCD16946204600F010FE62
:1045400001460028D5D1204600F0CCFD01460028C8
:10455000CFD159464022204600F0D8FD0146002820
:10456000C7D169462022204600F0D0FD0146002830
:10457000BFD14146204600F0F3FD01460028B8D1E6
:1045800038462A46414601F07BFB761B2F44A4D1D6
:1045900051462046129AFFF73BFE01460028A8D15B
:1045A0000846D4F814310133C4F8143109B0BDE819
:1045B000F08F6FF00201084670476FF0040198E732
:1045C0005C220020002130B58DB0282202A8019184
:1045D00001F07BFB02A800F047FF044610B1204623
:1045E0000DB030BD174D4FF0FF31286800F042F993
:1045F000044620B1144800F0D3F9012C18D0002053
:1046000000F068F9D0B9114A02A901A800F0C4FC71
:104610000446012000F05EF960B9286800F032F924
:104620000028DCD00A4800F0BBF920460DB030BDB0
:104630000524F2E7074800F0B3F9EEE7064800F07A
:10464000AFF9E0E74C110020E85E0000DC2200201A
:10465000405F0000205F0000005F000030B583B0C5
:1046600000F05CF828B100F0ABF80324204603B05A
:1046700030BD00F077F8D8B900F02CF9E0B9224C41
:10468000D4F828391B0EF02B0AD1D4F8242A1F4B5A
:104690009A4231D000F044F8072400F091F8E5E7A1
:1046A000062400F03DF800F08BF8204603B030BD42
:1046B0000424204603B030BD00F032F800F080F84A
:1046C000FFF780FF044698B9114D2B68002BCDD120
:1046D00002460146FFF752FB50B968220D4901AB73
:1046E000FFF77CFB20B920460B4B2B6003B030BD9D
:1046F0000524204603B030BD012000F0EBF800286F
:10470000DAD1C4F80C0ADBE7001084500000E02086
:10471000FC240020002500205AEA5A5A0020704745
:1047200000207047430504D54FF0FF32034BC3F818
:104730000821024BC3F8080A704700BF00108450DC
:10474000014BC3F8040A70470010845008B100F010
:104750006BB84FF47500704708B100F04FB84FF4D4
:104760007500704710B5114800F070F800B110BD29
:104770000F4800F06BF80028F9D10E4C204600F0ED
:1047800065F80028F3D10C4B0C481C6000F05EF873
:1047900001460028EBD100F02DF8044608B1204670
:1047A00010BD00F079F82046FAE700BF5C11002048
:1047B00058110020541100204C11002050110020ED
:1047C00008B5084800F04CF8074800F049F80748D9
:1047D00000F046F8064800F043F8BDE8084000F055
:1047E0000BB800BF5C1100205811002054110020AC
:1047F0005011002000207047704700BF024610B4DF
:10480000084CD4F8003A1342FBD021B1D4F804315B
:104810000B60C4F80831034B0020C3F8082A5DF888
:10482000044B704700108450044AD2F8003A1842F2
:10483000FBD0C2F8080A0020704700BF0010845067
:1048400001F0E8B90A46002101F03FBA08B5034B70
:1048500002681B6810689847002008BD8811002076
:1048600008B5034B02685B6810689847002008BDD4
:1048700088110020024B02689B681068184700BF2F
:104880008811002008B5034B0268DB681068984760
:10489000002008BD8811002070B5094C094D206921
:1048A000AB68984718B1084B08485B6898470021E7
:1048B000074AEB6811602069BDE87040184700BFE7
:1048C00074110020881100206C110020585F000036
:1048D00068250020F8B51A4D1A4E0446B2682869BA
:1048E0009047E8B9184F3B684CB1A3B1012B19D0E0
:1048F000013B3B602869F36898470020F8BD43B945
:104900000121124AC2F800151149D1F81029002AD4
:10491000FBD101333B60F368286998470020F8BD5C
:104920000C48F8BD0A4AD2F81039002BFBD1074ACF
:104930006FF07E40C2F80035FFF702FF3B68D7E713
:104940007411002088110020682500200000845088
:1049500000108450E98FFFFF014B1B68184700BF10
:1049600088110020014B9B68184700BF8811002068
:10497000014BDB68184700BF88110020BFF34F8F41
:104980000549064BCA6802F4E0621343CB60BFF3EB
:104990004F8F00BFFDE700BF00ED00E00400FA0507
:1049A00030B44FF0FE320025074B084C08494968E7
:1049B000C3F80024C3F80424C3F80824C3F80C2463
:1049C000C4F8005530BC08470010845000008450E3
:1049D0006C11002010B5044650B1636813F0685F95
:1049E00005D0064A934202D000236260236010BDC6
:1049F000034B04485B689847EFE700BF2C5F5CA956
:104A00006C110020785F0000C8B143680D4A9342E2
:104A100013D013F0685F0ED0012350E8002F194621
:104A200040E8001C9CF0000FF7D1012AF5D0BFF33D
:104A30005F8F0020704704487047044870476FF448
:104A4000E04070472C5F5CA9E98FFFFFEA8FFFFF12
:104A5000034680B1426809498A420AD012F0685F71
:104A600005D0BFF35F8F002210461A6070470448DC
:104A70007047044870476FF4E04070472C5F5CA9B2
:104A8000E98FFFFFEA8FFFFF10B5044620B1002336
:104A9000034A2360626010BD0248FFF781FFF6E71A
:104AA0003A00003AA05F00002DE9F047002878D0D6
:104AB0000C46002975D01D46002B72D007461AB14E
:104AC000012200232A6003602B68002B64D0294652
:104AD000204600F0B7FD804600285FD121462868B7
:104AE00000F096FD8046002858D12B68082B6CD02A
:104AF000042B6DD0A3F10209B9FA89F94FEA5919CB
:104B00000121354EC6F8C411C6F84011C6F8C411CB
:104B1000636AC6F83031D6F830219342F6D14FF0AF
:104B2000000A4FF0FF30C6F82CA1FFF7FBFD6FF035
:104B30001B035046C6F80031FFF702FEC6F80C9181
:104B4000D6F8040A40F48060FFF7FAFD0A23C6F89D
:104B50003831089B012B29D02369204AA2FB03236B
:104B60001B09626A404602FB03F303EB43031A4A44
:104B7000DB039B09C2F8D8310123C2F82C313B6812
:104B80002A6823F07F4343EA02633B602A6843EAD2
:104B900002233B60BDE8F087DFF844804046BDE873
:104BA000F087DFF840804046BDE8F0874FF47F0390
:104BB000D3F80C2C013206D0D3F80C3C074AA2FBE8
:104BC00003231B09CDE71623CBE74FF0030997E733
:104BD0004FF0020994E700BF00108450ABAAAAAAC4
:104BE000310CF100350CF10058B34B1EB3F5047FC6
:104BF00027D230B54FF0000ECD00744671464B09F8
:104C000001F01F0C50F82330BCF11F0F23FA0CF3F6
:104C100006D003F0010319B901211C468E46EEE7C8
:104C20009C4201F1010106D01C464FF0010EA94241
:104C3000E5D1002030BD0EF1010E9645F7D10248B6
:104C400030BD0148704700BF360CF100C0B32DE9FC
:104C5000F0434C1EB4F5047F1DD2E3B1DAB1002558
:104C60002E46A8462C46CF0003F1FF394FEA541CCC
:104C700004F01F0E50F82C10BEF11F0F21FA0EFC8D
:104C80000CD00CF0010C4CB90126E04634463546F8
:104C9000ECE7964216D90C48BDE8F083AB420BD046
:104CA000C44508BF0136A945F3D001350134BC42E3
:104CB000DCD10020BDE8F0830125E0462E46F5E773
:104CC000014870471D46F1E7370CF1002DE9F04F20
:104CD00091B08346DDE91B460D46002E6ED10F696B
:104CE0001C6000231A990B60002A00F02F819D4B55
:104CF0006A6AD3F83811D3F830319A4269D10A2957
:104D000067D19BF80330089304F108030793042349
:104D10000593954B934CA3FB07239B0803EB43039D
:104D2000A7EB4303039306971A9B069E1E60002E73
:104D300000F0EA8000F096FC00230993BBF1000F1D
:104D400000F0D58098464FF0010ADDF81C90002D48
:104D500000F0CD80089B002B3DD0284608A900F02C
:104D600071FC002839D0814B984220D0089B082B39
:104D700000F0E48000225B000893294608AB584607
:104D80000092FFF791FE7A4B984200F0D38070B901
:104D9000DBF80020130A03F47F03134323F07F435F
:104DA000CBF80030059B013B0593BDD1002003905B
:104DB00000F058FC039811B0BDE8F08F4FF47F016C
:104DC000D1F80C0C01300CBF4FF40477D1F80C7CF7
:104DD00086E76848EBE76648C5E72946089800F08B
:104DE00017FC0028BFD1089B082B00F0A980042BDA
:104DF00000F0A980A3F10203B3FA83F35B090493E3
:104E0000C4F8C4A1C4F840A1C4F8C4A16B6AC4F832
:104E10003031D4F830219342F6D100234FF0FF30E7
:104E2000C4F82C31FFF77EFC002318466FF01B03FB
:104E3000C4F80031FFF784FC049B4B4FC4F80C31DD
:104E4000D4F8040A40F48060FFF77AFC0A23C4F81F
:104E500038312B6909A8A7FB03236A6A1B0902FBE7
:104E600003F303EB4303DB039B09C4F8D831C4F815
:104E70002CA1DBF80030089923F07F420B0243EAB3
:104E800001631343CBF8003000F0B2FB099B03F041
:104E90001A0303437FF46AAFA7FB0637D4F8143133
:104EA000B8EB970F0A93D4F818310B93D4F81C3150
:104EB0000C93D4F820310D93D4F824310E93D4F808
:104EC00028310F9301D1039B9BB9484618220AA9A8
:104ED000183EFFF7B5FC09F1180908F101089EB169
:104EE00000F0C0FB00230993002D7FF433AF22486C
:104EF00039E748461A46F61A0AA9994408F1010802
:104F0000FFF79EFC002EEBD1069F079E6A6939468B
:104F10003046FFF769FEAA6940B94FF4806339460D
:104F20003046FFF793FE00283FF440AF00231A9A63
:104F3000136018E72B6A002B3FF439AF0F4836E7B0
:104F4000032304935CE70223049359E701222946D3
:104F50005846009608ABFFF7A7FD00283FF4D4AEF3
:104F600025E700BF00108450ABAAAAAA020CF100EA
:104F7000310CF100300CF100350CF100320CF10075
:104F800030B4DDE9023402940024049DCDE90354D9
:104F900030BCFFF79BBE00BF30B51546012487B07B
:104FA00005AB00930022CDE9015404ABFFF78EFE60
:104FB00007B030BDF0B587B0002966D01E46002B83
:104FC00063D01446002A60D0314F0D4638684FF048
:104FD000FF31FFF74FFC00284DD10020FFF77AFC8E
:104FE000002844D12B4800F03FFAD8B101204FF0FF
:104FF000FF35FFF76FFC002835D14FF408712648C4
:10500000FEF70EFF04212548FEF70AFF214828215C
:10501000FEF706FF3868FFF735FC00282FD1284639
:1050200007B0F0BD1C4A0346029205AA019204AAE9
:1050300003900092174902461848FFF7A1FF034664
:105040000028D3D128461D46059B22469C4228BFF6
:105050001A46049932600831FFF7F2FB0120FFF78E
:1050600039FC0028C9D00E48FFF79AFCC5E70D4867
:10507000FFF796FCB6E70C48FFF792FCADE70B484C
:10508000FFF78EFC284607B0F0BD4FF0FF35C6E7AE
:105090004C11002080250020A82500207C25002020
:1050A000205F0000005F0000E85E0000C45F0000B9
:1050B00010B5044628B12046BDE81040F421FFF7A2
:1050C000C1BB0448FFF76CFC2046BDE81040F4214A
:1050D000FFF7B8BBDC5F000010B1F421FEF7A0BE03
:1050E000704700BF08B521B1012908D06FF0360024
:1050F00008BD012100F058F80028F7D108BD0221B1
:1051000000F052F80028F9D0F0E700BF30B50546AE
:105110008818B0F5801F0B461446A1B001D8802A2C
:105120000CD9B3F5801F17D922461946284600F03E
:105130007DF8044684B9204621B030BD6846FFF7AB
:105140007FFB22466946284600F070F8802104461D
:105150006846FFF777FBEDE76FF03604EBE700BF3B
:1051600070B5E8B10E46D9B1044600F031F80546F5
:10517000B0B92368012B0BD0022B01D0284670BD9B
:105180001C22304604F10801FFF75AFB284670BD87
:105190002022304604F10801FFF752FB284670BD7B
:1051A0006FF03605EAE700BF78B138B50D46F0215B
:1051B0000446FFF747FB402320462560E36500F0E7
:1051C00091FA003818BF012038BD0120704700BF98
:1051D000F0B5056EA5B0044604AEE5B9002301277D
:1051E000019330466760294602AA009300F046FA10
:1051F00010B1012025B0F0BD2A46204602A900F0DA
:1052000099FA0028F5D1204600F0AAFB0028F0D139
:10521000206625B0F0BD802D2A46304628BF80226A
:1052200004F16401FFF70CFB256ED7E7002800F0BE
:10523000AE802DE9F04F1446A5B0002A3DD00F46B0
:10524000002949D0B2F5803F0546006E20D34FF6C5
:10525000FF7805F1640AEB6D1A1AB2FBF3F103FB58
:105260001122002A65D18342B9464FF6FF7672D0EB
:10527000B6FBF3FB03FB0BFBBBF1000F30D1002EA1
:1052800045D1A4F57F44FF3CB4F5803F4744E2D2CA
:10529000EA6D161AB6FBF2F302FB1366A64228BFAC
:1052A0002646002E75D1824200F08D80B4FBF2F6C6
:1052B00002FB06F62EB9002C79D1002025B0BDE8FE
:1052C000F08F002331463846CDE9003302AA00F0C2
:1052D000D5F9002800F09580012025B0BDE8F08FB9
:1052E000002359464846CDE9003302AA00F0C6F92A
:1052F0000028F1D15A46284602A900F01BFA0028DE
:10530000EAD1A6EB0B06286ED944002EB9D019308D
:105310004946324605EB8000FFF792FAA4F57F4438
:10532000286EFF3C3044B4F5803F4744286692D253
:10533000AEE7424528BF4246164639465044FFF77D
:105340007FFA286EEB6D3044834207EB060928662E
:10535000A8EB06068CD1802B28BF802351461A4625
:1053600004A8FFF76DFA0023E96D02AACDE9003326
:1053700004A800F083F90028AED12846EA6D02A9FE
:1053800000F0D8F90028A7D1EB6D286670E701205E
:10539000704705F16403394632461844FFF750FA66
:1053A000286EEA6D3044A41B374428667BE72B6ED9
:1053B0002246193305EB83003946FFF741FA2B6E7D
:1053C00023442B6679E7802A28BF802205F16401F7
:1053D00004A8FFF735FA0023E96D04A8CDE90033EE
:1053E00002AA00F04BF900287FF476AF2846EA6D58
:1053F00002A900F09FF900287FF46EAFEA6D2866DD
:1054000054E73246284602A900F094F900287FF4B8
:1054100063AF3744A41B4EE7F8B51C460546114858
:1054200016460F46FFF744FE21460E48FFF75AFE88
:10543000044620B10B48FFF74FFE2046F8BD3A4620
:1054400029460848FFF762FE04460028F2D131469B
:105450000448FFF785FE04460248FFF73DFE20465C
:10546000F8BD00BFC82700201C2370B582B001A979
:105470000546019300F032F8044638B9019B1C2B15
:1054800007D0144C1C212846FFF7DCF9204602B057
:1054900070BDD5E90112131E18BF0123003918BFD2
:1054A0000121012628689B00EA6843EA410300289D
:1054B00018BF43F00103EE612AB9C5E90834002B97
:1054C000E4D1054CDEE7204643F00803C5E9083483
:1054D00002B070BD370CF0000E0CF000034600283F
:1054E00066D0002964D00A681C2A61D14FF47F027B
:1054F0003B49D2F8100C88425CD0D2F8101C013124
:1055000058D0D2F8101C4FF47F021960D2F8140C56
:105510003449884260D0D2F8141C01315CD0D2F8F2
:10552000141C4FF47F025960D2F8181C11F5947FB7
:105530004FD0D2F8181C01314BD0D2F8181C4FF4C0
:105540007F029960D2F81C0C274988423ED0D2F8DD
:105550001C1C01313AD0D2F81C1C4FF47F02D960D8
:10556000D2F8001C70312FD0D2F8001C01312BD0A2
:10557000D2F8001C4FF47F021961D2F8041CAF313D
:1055800020D0D2F8041C01311CD0D2F8041C4FF4F6
:105590007F025961D2F8080C144988420DD0D2F824
:1055A000081C013109D0D2F8082C00209A617047FC
:1055B0000120704740F6FC01A5E740F23732002099
:1055C0009A6170475121E2E79021D3E742F6041136
:1055D000C3E740F6D861B2E742F2D001A1E700BFCD
:1055E000FCF8FFFFD020FFFF0429FFFF37F3FFFF88
:1055F000014608B54FF48060FFF7AEF80022034B78
:10560000C3F8C821C3F82C2108BD00BF0010845086
:105610000138072805D8DFE800F0100E040A04045A
:10562000040607487047CB6800204B6270478B68C0
:1056300000204B6270474B68F6E70B68F4E700BF49
:10564000310CF1000B6802E0082B0B6006D8026AEF
:1056500013424FEA4303F7D00020704700487047D9
:10566000310CF1000022044B4FF48060C3F82C2170
:10567000C3F8C421FFF756B800108450F0B50024D9
:1056800083B0B0F1005F8DF8074025D38C46844489
:10569000BCF1804F04461FD817461D4601220DF16C
:1056A000070300F097F90646B0B99DF80730099A4C
:1056B0003C603B7192B14DB10246089928460DF10C
:1056C000070300F087F938B99DF807303046099A8A
:1056D0001560137103B0F0BD4FF47506304603B08A
:1056E000F0BD00BFD8B108B50368012B04D0022B70
:1056F0000FD043B10B4808BD20220B490830FFF7FB
:105700009FF8002008BD142208490830FFF798F8D8
:10571000F7E7202206490830FFF792F8F1E74FF447
:10572000730070470100F300EC5F00002C60000084
:105730000C6000002DE9F843002900F0F9800446D0
:10574000002800F0F98003680F469046002B00F017
:10575000C380013B012B00F2D7804FF0FF31784826
:105760004FF00209FFF786F8002840F0BF800020C4
:10577000FFF7B0F80646002840F0C280714AD2F820
:105780001C39002BFBD16F4DD5F8203C002BFBD1F1
:105790004FF0FF30FEF7C6FFD5F8040A20F04000B6
:1057A000FEF7CEFF01230722C5F81838C5F80029F7
:1057B000C5F8C437A36CC5F8CC37E36CC5F8D0374F
:1057C000C5F8C09723685BB1013B012B18D8636A09
:1057D000C5F85C36236AC5F85836E369C5F854360F
:1057E000A269584BC3F850266269C3F84C26226957
:1057F000C3F84826E268C3F84426A268C3F84026E6
:10580000504AD2F81039002BFBD1B8F1000F5FD00D
:1058100063684020012B08BFC2F884363A68494BC0
:10582000C3F8282CC3F82C8CFEF790FF0646454A97
:10583000D2F81039002BFBD1424AD2F8203C002B81
:10584000FBD123685BB1013B012B18D8D2F85C3641
:105850006362D2F858362362D2F85436E361394B8A
:10586000D3F85026A261D3F84C266261D3F84826BB
:105870002261D3F84426E260D3F84036A3600023C7
:105880000121304AD2F8CC07A064D2F8D007E064F6
:10589000C2F8C417C2F88436C2F8C837D2F8103933
:1058A000002BFBD1C2F81838002E3BD1254BD3F882
:1058B000040A40F04000FEF743FF0120FFF70AF81A
:1058C00060BB1F48FEF7DEFF10BB3046BDE8F88323
:1058D0000423C2F8C837AAE74FF0FF3118484FF049
:1058E0000109FEF7C7FF00283FF441AF1648FFF754
:1058F00057F80020FEF7EEFF064600283FF43EAFC3
:105900001248FFF74DF839E7114E3046BDE8F883ED
:105910001048FFF745F83046BDE8F8830E48FFF71A
:105920003FF8CEE7102104F10800FEF78BFFBDE73A
:105930000A4E3046BDE8F8834FF47306C5E700BF52
:105940005C11002000108450E85E0000005F000041
:105950000100F300405F0000205F00000300F3003F
:10596000A0B3034670B4D0E90240D3E9041226BACA
:1059700005BA0CBA10BAC3E90440D3E90612986A12
:1059800009BAC3E9026512BA996100BAD3E90841BC
:1059900025BA0CBAC3E90725D3E90B12C3E90940BC
:1059A00009BAD86B12BAD962D3E90D4125BAC3E955
:1059B0000C250CBA00BAD3E9101209BA12BAC3E91D
:1059C0000E40196400205A6470BC70474FF4730095
:1059D000704700BF00201870704700BF431810B513
:1059E00001D21F2A01D9002010BD013902F0140391
:1059F0000144102B80EA01043CD009DC8BB1042B5C
:105A0000F1D11F2C40E840F315D941E840F10EE0F8
:105A1000142BE8D11F2C40E8C0F30CD941E8C0F1A9
:105A200005E01F2C40E800F305D941E800F11C46D1
:105A30000B468C42D7D122F01402013A0A2AD2D85E
:105A400001A151F822F000BF975A0000915A0000BE
:105A5000835A0000E7590000E7590000E7590000A9
:105A6000E75900009D5A0000975A00008B5A000029
:105A7000835A00001F2C40E880F3DCD941E880F114
:105A8000D5E713F4001FAFD1ADE713F4801FFAE799
:105A90005B02A9D5A7E713F4002FF4E713F4802FD6
:105AA000F1E700BF08B5074B044613B10021AFF37F
:105AB0000080054B1868836A03B19847204600F0C0
:105AC00029F800BF000000004060000070B50D4DD7
:105AD00000260D4C641BA410A64209D10B4D0026D4
:105AE0000B4C00F0E5F9641BA410A64205D170BD73
:105AF00055F8043B01369847EEE755F8043B01366C
:105B00009847F2E7080900000809000008090000AA
:105B10000C090000FEE700BFB7EE000AF7EE000A2E
:105B2000B7EE001AF7EE001AB7EE002AF7EE002AD9
:105B3000B7EE003AF7EE003AB7EE004AF7EE004A49
:105B4000B7EE005AF7EE005AB7EE006AF7EE006AB9
:105B5000B7EE007AF7EE007AF1EE10CA40F29F013C
:105B6000CFF200013CEA010CE1EE10CA002383F3FE
:105B700000887047FDF7A0BBEFF30880EFF30981C1
:105B80002DE9F00F6B467246FBF7D8F808B0FFF727
:105B9000F1FFFEE7FDF790BBEFF30880EFF309811B
:105BA0002DE9F00F6B467246FBF7C8F808B0FFF717
:105BB000F1FFFEE7FDF780BBEFF30880EFF309810B
:105BC0002DE9F00F6B467246FBF7B8F808B0FFF707
:105BD000F1FFFEE7FDF770BBEFF30880EFF30981FB
:105BE0002DE9F00F6B467246FBF7A8F808B0FFF7F7
:105BF000F1FFFEE7FDF760BBEFF30880EFF30981EB
:105C00002DE9F00F6B467246FBF798F808B0FFF7E6
:105C1000F1FFFEE7814270B40546144602D370BC22
:105C200000F02EB8821821443CB141EA020313F07F
:105C300003030FD1E018032812D86FF00300A30864
:105C40004343002019441A442344984210D1284663
:105C500070BC704711F8013D013C02F8013DE3E7DB
:105C6000581850F8046C981840F8046C043BE1E7AD
:105C70000C1A14F8016C141A04F8016C0130E4E7F2
:105C800070B504463AB141EA040313F003030CD1A2
:105C9000D518032D0FD822F003031C441944002308
:105CA00002F0030293420CD170BD11F8013B013A9E
:105CB00004F8013BE6E7CD1A2E68E51A2E60043B96
:105CC000E6E75D5CE5540133ECE7F0B5044662B904
:105CD00022F00303234402F003021A44934214D136
:105CE000F0BD04F8011B013AF1E7A307F9D115460D
:105CF0000B0443EA01630B4343EA01231619032D06
:105D0000E6D9771B3B60043DF9E703F8011BE5E7A3
:105D100008B5EFF30583C3F308030BB1FDF7CCFA25
:105D2000BDE80840FDF79BBB10B50446EFF30583C3
:105D3000C3F308030BB1FDF7BFFA2046BDE81040DE
:105D4000FDF790BB2DE9F04104460D4616461F466F
:105D5000EFF30583C3F308030BB1FDF7ADFA3B4640
:105D6000324629462046BDE8F041FCF7E5BE2DE964
:105D7000F04104460D4616461F46EFF30583C3F374
:105D800008030BB1FDF798FA3B46324629462046F8
:105D9000BDE8F041FCF70ABF08B5EFF30583C3F394
:105DA00008030BB1FDF788FABDE80840FDF727BBF3
:105DB00000207047704710B5044608B1FDF714FF86
:105DC0002046BDE81040FDF7F9BE10B50446406A14
:105DD00010B1A16AFFF7EFFF0020C4E9090010BD70
:105DE00038B50546FFF7F1FF2B7F0446012B0ED097
:105DF000023B012B0ED82B6A012B18BF6FF09604C3
:105E00002C2200212846FFF760FF204638BD2B6A70
:105E1000002BF2E76FF09604F2E70020704770471E
:105E20000020704713B5002001AB1446FDF7D6FFE4
:105E300030B9019BA34218BF6FF0930002B010BDB0
:105E40006FF09200FAE7002070470FB4002004B012
:105E500070472DE9E04F2746A046A146A246A3463B
:105E6000A4462DED108B4FF0000545EC185B45EC7A
:105E7000195A45EC1A5A45EC1B5A45EC1C5A45EC8C
:105E80001D5A45EC1E5A45EC1F5AF1EE105A4FF6BA
:105E90006076C0F6FF763540E1EE105A84F3008854
:105EA00025462646A447BDEC108BBDE8E08F0000D8
:105EB000F8B500BFF8BC08BC9E467047F8B500BFF7
:105EC000F8BC08BC9E4670477AFFFFFFFF8FFFFFBC
:105ED000FF8FFFFFFE8FFFFFFE8FFFFFFD8FFFFF96
:105EE000FC8FFFFFFC8FFFFF4661696C20746F2001
:105EF00061637175697265206D757465780A00005B
:105F00004661696C20746F20696E637265617365A8
:105F100020504D20636F756E7465720A000000009A
:105F20004661696C20746F20646563726561736596
:105F300020504D20636F756E7465720A000000007A
:105F40004661696C20746F2072656C6561736520B1
:105F50006D757465780A0000436F756C64206E6F10
:105F600074206C6F636B20706F776572207361763D
:105F700065206D75746578006D757465785F6672FF
:105F800065652063616C6C65642077697468204E78
:105F9000554C4C20706172616D6574657200000033
:105FA00043616E277420696E697469616C697A65F2
:105FB000206D757465782C20776173204E554C4C9C
:105FC0000D0A00004661696C20746F20756E6C6F5D
:105FD000636B206D757465780A0000000A6374783D
:105FE000206973204E554C4C0A00000067E6096A90
:105FF00085AE67BB72F36E3C3AF54FA57F520E51EA
:106000008C68059BABD9831F19CDE05BD89E05C179
:1060100007D57C3617DD703039590EF7310BC0FFCC
:1060200011155868A78FF964A44FFABE012345677C
:1060300089ABCDEFFEDCBA9876543210F0E1D2C3D2
:10604000B811002054464D5F43525950544F0054EC
:10605000464D5F504C4154464F524D5F534552564A
:10606000494345000000000000000000000000005F
:106070000000000000000000000000000000000020
:107C00007FE97FE9FBF75EBF7FE97FE9FBF76CBFA8
:107C10007FE97FE9FBF79EBF7FE97FE9FBF78CBF38
:107C20007FE97FE9FBF772BF000000000000000061
:107C30000000000000000000000000000000000044
:107C40000090D003009000500000000000000000F1
:107C50000000000000000000000000000000000024
:107C60000000000000000000000000000000000014
:107C70000000000000000000000000000000000004
:107C800000000000000000000000000000000000F4
:107C90000000000000000000EC37000004000000BD
:107CA0000000000000000000FFFFFFFFFFFFFFFFDC
:107CB000FFFFFFFFFFFFFFFF0000000000000000CC
:107CC00000000000000000000000000000000000B4
:107CD0000000D6010000000000000700781200201C
:107CE000181200204401000090ED00E000A00350B5
:107CF0007FA60350009000506F9500504B5E00002F
:107D0000B55D0000B15D0000CB5C000054110020A7
:107D1000841100207C1100207811002074110020B3
:107D20007149000065490000594900000000000049
:107D30007D490000B0110020A8110020A0110020F2
:107D40000000000098110020894A0000D549000079
:107D5000094A0000514A00006C2500203A00003A10
:107D6000702500203A00003A742500203A00003ABD
:107D7000782500203A00003A0000000000000000D2
:107D800000000000000000000000000000000000F3
:107D900000000000000000000000000000000000E3
:107DA00000000000000000000000000000000000D3
:107DB00000000000000000000000000000000000C3
:107DC00000000000000000000000000000000000B3
:087DD0000000000000000000AB
:10800000183301201DB100006D7B010009B1000093
:1080100009B1000009B1000009B1000009B1000078
:10802000000000000000000000000000C5B20000D9
:1080300009B100000000000021B2000009B10000F9
:10804000E5B40000E5B40000E5B40000E5B40000CC
:10805000E5B40000E5B40000E5B40000E5B40000BC
:10806000E5B40000E5B40000E5B40000E5B40000AC
:10807000E5B40000E5B40000E5B40000E5B400009C
:10808000E5B40000E5B40000E5B40000E5B400008C
:10809000E5B40000E5B40000E5B40000E5B400007C
:1080A000E5B40000E5B40000E5B40000E5B400006C
:1080B000E5B40000E5B40000E5B40000E5B400005C
:1080C000E5B40000E5B40000E5B40000E5B400004C
:1080D000E5B40000E5B40000E5B40000E5B400003C
:1080E000E5B40000E5B40000E5B40000E5B400002C
:1080F000E5B40000E5B40000E5B40000E5B400001C
:10810000E5B40000E5B40000E5B40000E5B400000B
:10811000E5B40000E5B40000E5B40000E5B40000FB
:10812000E5B40000E5B40000E5B40000E5B40000EB
:10813000E5B40000E5B40000E5B40000E5B40000DB
:04814000E5B40000A2
:1081480081F0004102E000BF83F0004330B54FEA00
:1081580041044FEA430594EA050F08BF90EA020F6D
:108168001FBF54EA000C55EA020C7FEA645C7FEA00
:10817800655C00F0E2804FEA5454D4EB5555B8BF23
:108188006D420CDD2C4480EA020281EA030382EA94
:10819800000083EA010180EA020281EA0303362D26
:1081A80088BF30BD11F0004F4FEA01314FF4801CF9
:1081B8004CEA113102D0404261EB410113F0004F0B
:1081C8004FEA03334CEA133302D0524263EB4303C2
:1081D80094EA050F00F0A780A4F10104D5F1200E60
:1081E8000DDB02FA0EFC22FA05F2801841F10001BB
:1081F80003FA0EF2801843FA05F359410EE0A5F18F
:1082080020050EF1200E012A03FA0EFC28BF4CF0BF
:10821800020C43FA05F3C01851EBE37101F0004575
:1082280007D54FF0000EDCF1000C7EEB00006EEB82
:108238000101B1F5801F1BD3B1F5001F0CD349080C
:108248005FEA30004FEA3C0C04F101044FEA445263
:1082580012F5800F80F09A80BCF1004F08BF5FEAEA
:10826800500C50F1000041EB045141EA050130BDCA
:108278005FEA4C0C404141EB0101013C28BFB1F5DC
:10828800801FE9D291F0000F04BF01460020B1FA27
:1082980081F308BF2033A3F10B03B3F120020CDAFA
:1082A8000C3208DD02F1140CC2F10C0201FA0CF0D8
:1082B80021FA02F10CE002F11402D8BFC2F1200C3D
:1082C80001FA02F120FA0CFCDCBF41EA0C019040F3
:1082D800E41AA2BF01EB0451294330BD6FEA04043C
:1082E8001F3C1CDA0C340EDC04F11404C4F1200227
:1082F80020FA04F001FA02F340EA030021FA04F339
:1083080045EA030130BDC4F10C04C4F1200220FA8F
:1083180002F001FA04F340EA0300294630BD21FACD
:1083280004F0294630BD94F0000F83F4801306BF93
:1083380081F480110134013D4EE77FEA645C18BF87
:108348007FEA655C29D094EA050F08BF90EA020F1E
:1083580005D054EA000C04BF1946104630BD91EA16
:10836800030F1EBF0021002030BD5FEA545C05D119
:108378004000494128BF41F0004130BD14F5800458
:108388003CBF01F5801130BD01F0004545F0FE41CC
:1083980041F470014FF0000030BD7FEA645C1ABF01
:1083A800194610467FEA655C1CBF0B46024650EA38
:1083B800013406BF52EA033591EA030F41F4002164
:1083C80030BD00BF90F0000F04BF0021704730B5EA
:1083D8004FF4806404F132044FF000054FF00001BF
:1083E80050E700BF90F0000F04BF0021704730B580
:1083F8004FF4806404F1320410F0004548BF404255
:108408004FF000013EE700BF42004FEAE2014FEAA9
:1084180031014FEA02701FBF12F07F4393F07F4F84
:1084280081F06051704732F07F4208BF704793F087
:108438007F4F04BF41F40021704730B54FF460749A
:1084480001F0004521F000411CE700BF50EA01029D
:1084580008BF704730B54FF000050AE050EA010246
:1084680008BF704730B511F0004502D5404261EBB6
:1084780041014FF4806404F132045FEA915C3FF4F7
:10848800D8AE4FF003025FEADC0C18BF03325FEA94
:10849800DC0C18BF033202EBDC02C2F1200300FA45
:1084A80003FC20FA02F001FA03FE40EA0E0021FA6A
:1084B80002F11444BDE600BF4FF0FF3C06E000BFE8
:1084C8004FF0010C02E000BF4FF0010C4DF804CD55
:1084D8004FEA410C7FEA6C5C4FEA430C18BF7FEA15
:1084E8006C5C1BD001B050EA410C0CBF52EA430C43
:1084F80091EA030F02BF90EA020F0020704710F1C3
:10850800000F91EA030F58BF994208BF90422CBF51
:10851800D8176FEAE37040F0010070474FEA410C4A
:108528007FEA6C5C02D150EA013C07D14FEA430C68
:108538007FEA6C5CD6D152EA033CD3D05DF8040BD9
:10854800704700BF8446104662468C46194663460B
:1085580000E000BF01B5FFF7B7FF002848BF10F1E2
:10856800000F01BD4DF808EDFFF7F4FF0CBF012027
:1085780000205DF808FB00BF4DF808EDFFF7EAFFA3
:1085880034BF012000205DF808FB00BF4DF808ED5E
:10859800FFF7E0FF94BF012000205DF808FB00BF53
:1085A8004DF808EDFFF7CEFF94BF012000205DF8DD
:1085B80008FB00BF4DF808EDFFF7C4FF34BF0120EA
:1085C80000205DF808FB00BF4FEA410212F50012D7
:1085D80015D211D56FF47873B3EB625212D94FEA02
:1085E800C12343F0004343EA505311F0004F23FAEC
:1085F80002F018BF404270474FF00000704750EA41
:10860800013005D111F0004008BF6FF000407047FD
:108618004FF00000704700BF4FEA4102B2F1E0435B
:1086280024BFB3F5001CDCF1FE5C0DD901F0004C51
:108638004FEAC0024CEA5070B2F1004F40EB8300A1
:1086480008BF20F00100704711F0804F21D113F1CD
:108658003872BCBF01F00040704741F480114FEA06
:108668005252C2F11802C2F1200C10FA0CF320FA8F
:1086780002F018BF40F001004FEAC1234FEAD323AC
:1086880003FA0CFC40EA0C0023FA02F34FEA430316
:10869800CCE77FEA625307D150EA01331EBF4FF09F
:1086A800FE4040F44000704701F0004040F0FE40BA
:1086B80040F40000704700BF7BB972B90029BEBF03
:1086C80000204FF0004106E008BF00281CBF6FF0F3
:1086D80000414FF0FF3000F057B8ADF1080C6DE9DC
:1086E80004CE002909DB002B1ADB00F069F8DDF85D
:1086F80004E0DDE9022304B07047404261EB410128
:10870800002B1BDB00F05CF8DDF804E0DDE9022358
:1087180004B0404261EB4101524263EB43037047AE
:10872800524263EB430300F04BF8DDF804E0DDE967
:10873800022304B0404261EB41017047524263EBAF
:10874800430300F03DF8DDF804E0DDE9022304B05E
:10875800524263EB4303704753B94AB9002908BF33
:1087680000281CBF4FF0FF314FF0FF3000F00CB86D
:10877800ADF1080C6DE904CE00F022F8DDF804E054
:10878800DDE9022304B07047704700BF10F8012BE1
:1087980011F8013B012A28BF9A42F7D0D01A704736
:1087A800034611F8012B03F8012B002AF9D1704771
:1087B800034613F8012B002AFBD1181A0138704719
:1087C8002DE9F04786468C460846089E15467446AD
:1087D8001946002B40F0C1808542B2FA82F245D991
:1087E8004AB1C2F1200300FA02FC954094402EFAE7
:1087F80003F343EA0C0C4FEA154EA8B2230CBCFB5A
:10880800FEF80EFB18CC08FB00F943EA0C43994527
:1088180028D9EB1808F1FF3704D2994502D9A8F1F5
:1088280002072B44A3EB0903A4B2B3FBFEFC0EFB27
:108838001C330CFB00F044EA0344A04214D92C1961
:108848000CF1FF3304D2A04202D9ACF102032C444C
:10885800241A43EA07401EB1D440002334607360F1
:10886800BDE8F0874746DDE76346F1E792BB431B67
:1088780001214FEA154EAFB2200CB3FBFEFC0EFBF4
:108888001C330CFB07F840EA0343984561D9EB1801
:108898000CF1FF3004D2984502D9ACF102002B4408
:1088A800A3EB0803A4B2B3FBFEFC0EFB1C330CFBCA
:1088B80007F744EA0344A7424DD92C190CF1FF33BA
:1088C80004D2A74202D9ACF102032C44E41B43EAC8
:1088D8000040C0E7C2F120039540944020FA03F11C
:1088E8002EFA03F34FEA154E9040AFB20343B1FBA3
:1088F800FEFC0EFB1C10190C0CFB07F841EA0041AA
:10890800884522D969180CF1FF3004D2884502D96C
:10891800ACF102002944A1EB08019BB2B1FBFEFCBB
:108928000EFB1C110CFB07F743EA01439F420ED9CB
:10893800EB180CF1FF3104D29F4202D9ACF10201CD
:108948002B44DB1B41EA004193E76046E3E76146BD
:10895800F7E76046A4E76346B8E7834206D916B945
:10896800002108467CE7C6E900E0F9E7B3FA83F797
:108978008FB9834201D3724508D8BEEB020460EB7D
:10898800030301209C461EB9002169E73846FAE72F
:10899800C6E9004CF8E7C7F1200CBB400EFA07F512
:1089A80022FA0CF42EFA0CF1BA401C4320FA0CF30C
:1089B800B8404FEA144901431FFA84FEB3FBF9F8A3
:1089C80009FB18300B0C08FB0EFA43EA00439A45E2
:1089D80040D9E31808F1FF3004D29A4502D9A8F12A
:1089E80002002344A3EB0A0389B2B3FBF9F809FB9D
:1089F800183308FB0EFE41EA03418E452CD9611855
:108A080008F1FF3304D28E4502D9A8F102032144AC
:108A180043EA0040A1EB0E01A0FB02984145CE4677
:108A2800434602D306D14D4504D20138B9EB020EB4
:108A380068EB0403002EA7D0B5EB0E0261EB03012F
:108A480001FA0CFC22FA07F3F9404CEA0303C6E9E1
:108A5800003199E74046C5E74346D9E700000000E2
:108A68002DE9F04706460C4692B0002900F0BF8079
:108A78000F68002F00F0BB808D68D1F8048005F1E5
:108A88000409C1450AD80422AD49781912F042FDFB
:108A9800A8B90423F360A36804331DE06B1D98454F
:108AA80010D2454580F0A3807B5D7819222B24D114
:108AB8002146304612B0BDE8F04707F0F9BA6B1D01
:108AC80098450ED305229F49781912F023FD30B935
:108AD8000123F360A36805330120A36088E0C14542
:108AE800DFD804229849781912F014FD0028D8D14B
:108AF8000223F36001237361CDE72D2B03D0A3F18B
:108B08003002092A55D800230DF1080C67464FF0AA
:108B1800010EA8EB0505DFF83882019310F8012B48
:108B2800452A3ED82A2A10D9A2F12B01C9B20EFA39
:108B380001F111EA080F01D12E2A06D101333F2B8A
:108B48000CF8012B01D0AB42E8D1002548336B4427
:108B5800384601A903F8405C0CF040F8DDF804A0A1
:108B680059EC108BBA4542D073A3D3E90023404691
:108B78004946FFF715FDB0B9002240464946734BF8
:108B8800FFF704FD90B940464946FFF71DFD08234D
:108B9800C6E906897061F360A368AAEB070A534423
:108BA8009AE7652AC9E76FF00040F0E74FF0004008
:108BB800EDE75B2B58D1D4F80C90B9F57A7F16D233
:108BC80009F10103E3607B5D5B2B10D10135204681
:108BD800A56010F0B1FAA368984506D9FA5C5D2A39
:108BE80009D10027C4F80C9036E0013BA3600020AF
:108BF80012B0BDE8F08700252F46013BA36020692D
:108C080010F0EFFAA8460546002800F0A5804FB3FB
:108C1800C8F80000C0F80480A36820460133A360A8
:108C280010F08AFA21462846FFF71AFF002800F0BC
:108C38009380204610F080FAD4E90123934280F013
:108C48008E802268D35C2C2BD9D05D2B40F0878096
:108C5800E368013BE3607D602023C6E90273A368F3
:108C6800013339E70746D7E77B2BC0D1D4F80C90FE
:108C7800B9F57A7FBBD209F10103E3607B5D7B2BF9
:108C8800B5D101352046A56010F056FAA36898457D
:108C9800ABD9FA5C7D2A03D10027C4F80C9047E0D1
:108CA80000252F46A846013BA360206910F099FAD9
:108CB800A946054600284FD0002F4BD0C9F8000020
:108CC800C0F80490A36820460133A36010F034FA7A
:108CD8002146284607F0ECF900283DD0204610F040
:108CE8002BFA2B69C5F810802B62D4E90123934233
:108CF80032D22268D25C3A2A2ED101332046A360B0
:108D080010F01AFA21462846FFF7AAFE20B320469B
:108D180010F012FAD4E90123934220D22268D35CDE
:108D28002C2BC2D07D2B1AD1E368013BE3607D6018
:108D3800402392E7AFF300800000C0FFFFFFDF4150
:108D48001CE6010033E6010039E601000000E0C13D
:108D5800E57F00040746B5E7002F3FF448AF3846E3
:108D680007F09CFA43E700BF2DE9FF478046164607
:108D78000F46002900F0A280B1FA81F4341B002EBE
:108D880004F10A04C0F2A28030460DF061FF0444E9
:108D980030460DF063FFA4EB0609054669463046E8
:108DA8000DF084FFA9EB05036A4640467D3339463A
:108DB80012F06EFCA64282460D4600F38380B9F19C
:108DC8003F0F00F381804FF0FF33A9F12000C9F174
:108DD800200103FA00F003FA09F223FA01F103FA79
:108DE80009F3024328EA03030A4327EA020213436A
:108DF8000CBF01200020002D00F08A80B5FA85F311
:108E0800E31A40F2FE7203F23E43934200F3898074
:108E1800002B23EAE376D4BF01223246121BA2F2CA
:108E28003341A2F23447A2F25344C1F1200C2AFA8A
:108E380001F325FA04F4C7F1200E05FA0CFC25FA13
:108E480001F105FA0EFE43EA0C03A2F2544CA2F219
:108E5800544223432AFA07F425FA0CFC44EA0E0488
:108E680044EA0C04C7F1200C14F0010F54D0A8B147
:108E78004FF0FF3000FA02F200FA07F4144320FA28
:108E88000CF2B840144303F001022AEA000A25EA6A
:108E980004054AEA020A5AEA050A3DD0013341F1BB
:108EA8000002C2F3130253EA020138D0184642EA1C
:108EB800065141EC100B04B0BDE8F087B0FA80F41D
:108EC80020345BE7012096E7002094E7C6F100090B
:108ED80048460DF0C3FE241A48460DF0BFFEA61BF7
:108EE8000546694648462E440DF052FF6A464046FC
:108EF80006F17C03394612F0CBFB82460D4640460C
:108F080039460DF0BBFE81458CBF0020012072E779
:108F1800BAFA8AF3203373E7C1F31302C6E70136BE
:108F2800C4E79FED010BC6E7000000000000F07FDA
:108F3800012838B504460ED1074D0246E8212846D7
:108F480009F056FD38B995F85030044A13F001037A
:108F580018BF2346137038BD18C9002071F50020CA
:108F680030B5037887B01BB1012B19D007B030BDDD
:108F7800047A134D04F0FB04012C0FD1114A184652
:108F8800CDE901321049032200930DF0A4FF2C70A3
:108F98000E4807B0BDE830400AF028BC2B70E5E762
:108FA800C36803220493836807490393084B029319
:108FB80000231846CDE900330DF08DFFD6E700BF3A
:108FC80070F50020D6C8010078C0010058C80020FC
:108FD800E4C801002DE9F04F8A46002101279DB021
:108FE800DFF8C8B18146904607A85422069112F0CE
:108FF8004FFA58465F4906AB07AACDE909770EF044
:109008008EFE044608B9069B83B95B4B0122029386
:1090180000235A491846CDE9003303940DF05BFF4D
:109028004FF0FF3528461DB0BDE8F08F06223946BF
:10903800384602F03BFE061E12DA12F001FE504BD3
:109048003A461B584D4903934E4B2046CDE9014300
:10905800009423460DF03FFF06980EF0DAFEDFE796
:10906800069BD3E9062102F053FE054606980EF04A
:10907800D0FE95B112F0E4FD414B3A461B583F49EA
:109088000393414B2046CDE90143009423460DF05C
:1090980022FF30460EF0D0FEC2E7B8F1000F26D00E
:1090A8004046FFF785FB4B46CDE902084FF4806147
:1090B800CDE900AB354A36480BF044FD074600249D
:1090C800024623463046CDE90044314902F04CFEC1
:1090D800874216D02F4BCDE90307CDE90143012282
:1090E80023462046254900940DF0F5FED1E74B466E
:1090F8004FF48061CDE900AB274A25480BF022FDEB
:10910800DCE74FF400622146244812F0C1F940F22E
:10911800FF782746DFF8849000233046CDE90077B2
:10912800A8EB040209EB040102F054FE002805DD57
:1091380040F2FE7305449D422C46EDDD30460EF0AC
:109148007BFE1749154812F029FA00287FF46AAF08
:109158001449124812F022FA034600287FF462AF3D
:10916800114A0649CDE90102009002220DF0B3FE32
:1091780056E700BFFBC801000CC9010078C0010018
:109188000C0000001BC901002DC9010040C90100E5
:1091980070E90020D6C90100A6C9010070ED0020C1
:1091A800ECC90100F9C9010006CA0100FEC80100A6
:1091B8002DE9F04F0025A1B061480EF072FA614820
:1091C8000EF06FFA60480EF06CFA604960480EF0D5
:1091D80068FA50225F4960480EF063FA59480EF069
:1091E80060FA57480EF05DFA5C4B032228465C494A
:1091F8000293CDE900552B460DF06DFE03F0B6FE47
:109208000446C0B1574E2B46039001222846CDE9AB
:109218000156534900950DF05EFE2B46CDE90264D8
:10922800CDE90055184601224D490DF054FE20465F
:1092380021B0BDE8F08F4C4805F042F94B4B204671
:10924800CDE9014303222346454900940DF043FE2E
:10925800454805F04DF9044688B1454B0390CDE9E2
:10926800015301222B4628463D4900950DF033FE57
:109278003F4B039402930023CDE90033D2E74FF428
:10928800701200233B480AF0EBFA054660B13A4BEE
:109298002046CDE9014300942346012230490DF0D0
:1092A8001AFE6FF07304E3E7344B0322CDE90103A0
:1092B8002B49034600900DF00EFE314B0322284641
:1092C800CDE9015326492B4600950DF004FE2D48A3
:1092D80009F0A6FD044668B12B4B0390CDE9015374
:1092E8002B460095184601221D490DF0F4FD274B29
:1092F8000394BFE70F2009F065FD012009F008FD80
:1093080050B1234B0390CDE9014302222346204666
:10931800134900940DF0DFFD012009F025FD0446F6
:1093280030B11C4B039002930023CDE90033D9E7F9
:1093380009F07EFC044688B3174B0390F3E700BF9F
:10934800DBCB010011CA01003DCA010026CE010095
:109358005CCA0100FEC8010066CA010077CA0100A4
:1093680078C001008DCA0100698F0000A3CA0100FE
:10937800C0CA010058C80020D7CA0100EECA0100BF
:1093880009CB0100398F00001ECB0100DDCB0100A5
:1093980040CB010058CB010074CB0100894B03225C
:1093A800CDE901038849034600900DF094FD8748F4
:1093B8000EF077F92546DFF878B2854C00214FF496
:1093C800004011F01DFE9BF80010002900F0D3802A
:1093D80080480EF066F980480EF063F9D4E902235C
:1093E800CDE900237D48D4E900230EF05AF920691D
:1093F800FFF70AF80646E06A0F46FFF705F8CDE9D9
:109408000201E069FFF700F832463B46CDE900016A
:1094180073480EF046F96069FEF7F6FF0646606C81
:109428000F46FEF7F1FFCDE90201206CFEF7ECFFD5
:109438003246CDE900013B466A480EF032F96A4BE4
:109448006A4A19686A480EF02CF99BF80030002B1C
:10945800B4D0684B1B78002BB0D0E06CFEF7D4FF7B
:10946800CDE91E01A06CFEF7CFFFCDE91C01606CB1
:10947800FEF7CAFFCDE91A01206CFEF7C5FFCDE95A
:109488001801A06AFEF7C0FFCDE91601606AFEF771
:10949800BBFFCDE91401206BFEF7B6FFCDE9120141
:1094A800206AFEF7B1FFCDE91001A069FEF7ACFF15
:1094B800CDE90E016069FEF7A7FFCDE90C01E06A6E
:1094C800FEF7A2FFCDE90A01E069FEF79DFFCDE9AD
:1094D80008012069FEF798FF0026CDE90601D4E9C6
:1094E8000223CDE90423D4E90023CDE90223424B2A
:1094F8004FF40071414A00934148424B0BF022FB64
:10950800D4E90223CDE90623D4E90023CDE90423D5
:109518003D4B032230462C490293CDE90066334681
:109528000DF0D9FC364A39493948FFF753FDB042A6
:109538002FDB2D4A136801331360002D00F0E680FD
:10954800002234493448FFF745FD002811DB334930
:10955800334812F023F860B104300FF05EFE054680
:1095680038B130490FF06BFE0646E8B9284606F0D8
:1095780095FE002522E70C23154AB2F8520000B1E7
:109588000131013B02F10C02F7D127480EF089F8AE
:109598005BE7264B0122CDE90163304633460A4991
:1095A80000960DF098FCC8E70FF05AFE0028DDD0B1
:1095B80030460FF036FE82460028D7D04FF000091B
:1095C80087E000BF8ACB010078C00100ABCB010067
:1095D80018C90020F2CB0100FACB010015CC01001C
:1095E8002BCC010052CC0100E0D10020FEC80100C4
:1095F80076CC010070F50020D4CD0100ADCC01007F
:1096080070E7002026CE0100E4CD0100F3CD010073
:1096180002CE010018CE010032CE0100D1C90100EE
:1096280070ED002036CE01008BCC010007CE010082
:1096380071F50020494630460FF0FBFD80460028B2
:1096480045D033490FF0FBFD3249074640460FF03D
:10965800F6FD8046002F3AD038460FF0FAFD002874
:1096680035D03F692C493846FFF790F8002833D1A8
:10967800B8F1000F30D0404628490FF0E0FD2849E6
:10968800074640460FF0DBFD804607B3F8B1384681
:109698000FF0D8FDD8B140460FF0D4FDB8B121483D
:1096A8000DF0FFFF20480DF0FCFF20480DF0F9FFFA
:1096B800D8E90623CDE90023D7E906231C480DF095
:1096C800F0FF19480DF0EDFF16480DF0EAFF09F11B
:1096D8000109CA45AEDC49E738461649FFF756F88E
:1096E80048B910480DF0DDFF0F480DF0DAFF1248B9
:1096F8000DF0D7FFE5E70B480DF0D3FF0A480DF052
:10970800D0FF39460D480DF0CCFFDAE7012555E6C4
:109718003FCE010044CE01004CCE010055CE0100E1
:109728005ECE0100DBCB010013CA010068CE010048
:1097380086CE01009CCE0100A1CE0100BBCE010067
:109748002DE9F04F91B0009302F004030293C2F3A5
:10975800C2030133840705460E46DDF8688003928C
:10976800059340F0BB81041D30B1072909D86FF07B
:109778001B0011B0BDE8F08F01F007063444C6F1B4
:109788000806009B4FF000094FF0040A591E4FF0DD
:10979800FF334F460193CB465346CDF810900DB199
:1097A800009820600598002800F3E8809848009AFF
:1097B800824203D397488242C0F0E080039AA4EB28
:1097C800050E92074FEA9E0000F103810F2F00F269
:1097D800B180002D00F0058107F140020DEB020C6D
:1097E800019A0CF8200C0CF8102C04980130049005
:1097F800E7E07A285DD84B280ED8472859D8292879
:109808002DD8252852D054D820287AD02338D0F102
:10981800000B4BEB000B74E04C382E2849D8DFE8DE
:1098280000F07048484848484848484848484B4825
:109838004848484848484859484B4B595959704B2B
:109848006D487048184B184848827F4B48484B4829
:109858007F0000204FF0000B4FF0040A38E001228F
:109868002A38C0B202FA00F010EA0E0F49D110F0FF
:10987800625C2FD110EA020B43D06046013C54448D
:10988800B4FBFAF40AFB04F4002D61D0A3EB050C39
:10989800A444B4453FF66BAF002868D1042B47D1E8
:1098A80058F8043B2360042304342AE0019A013A5F
:1098B80001924FF0000B24E011F8010C6C2834D110
:1098C800002011F8023C83466C2BC5D14FF0080AE2
:1098D8005346D3E708F1070828F00708073424F0AF
:1098E8000704F8E802AB35B106982044B0423FF6C9
:1098F8003EAFC4E900AB4FF0000B08344FF0080A44
:10990800534611F8010F002878D0BBF1000F7FF4FF
:1099180070AF2528F5D14FF0010B019B013301935E
:109928004FF0040AECE7584694E700208346A5E781
:10993800082B02D06FF015001BE708F1070828F084
:109948000708B8EC027B84ED007B08230834D8E7CD
:1099580068B9042B02D108F10408A4E7082BE9D15F
:1099680008F1070828F0070808F10808EDE7059846
:109978000138059058F8040B009010E7039A9007F7
:1099880020D54FF0010CA4EB050E4FEA9E00BEF562
:10999800007FCFD20F2FCDD8F5B107F140020DEBE4
:1099A800020E019AC0B20EF8200C0EF8102CBCF171
:1099B800000F3FF41AAF60F07F000EF8200C09F199
:1099C80001090137C5F108024FF6DA7E0434069220
:1099D80097E74FF0000CDAE7BCF1000F01D0013631
:1099E800EFE7029A0236002AEBD10098CDE906315A
:1099F800FEF7DEFEDDE906310644E2E7631BB3F558
:109A0800806F97D245B9A6F10804E018B1E600BF07
:109A18005CBC0100C4E70100029A9B0828602B7017
:109A28009DF81030C2B1EB7085F80290B9F1000FC3
:109A380005D0002208A8C5F1010C97420ED14FF0BD
:109A4800000AC5F101030DF1200801930DF1300B57
:109A5800574512D1601B8CE66B70E5E710F8013BA7
:109A6800190608D50CEB040EB64503F07F033FF644
:109A78007EAE04F8013B0132DFE7B9F1000F03D0F5
:109A880098F90020002A17DB029BD3B11AF80B20A3
:109A980004F8012B0022019B18191044B0423FF62C
:109AA80066AE98F80000009904F8010B204603926E
:109AB80011F0E1FC039A14440AF1010A08F10108C3
:109AC800C6E798F8002055F822300093029B0098CA
:109AD80045F82230FEF76CFE421CDCE76FF00D0003
:109AE80047E600BF70B51F4B82689A4215DDD0E982
:109AF8000016013392FBF3F3012976F100054FEAD2
:109B0800E3741CDAC91844EB0604C0E900141649CA
:109B180001FB03238360012070BD002AFBDAD0E932
:109B28000041124E9B1A0029B3FBF6F310DA01F13B
:109B380000459C4275F100050ADA0020ECE7CD43A8
:109B48009D426FF00045A5EB0605A541DADAF4E77A
:109B580006FB0322E41A61F10001C0E900418260BA
:109B6800D9E700BFFFC99A3B003665C400CA9A3BD3
:109B780001287FB50C4634D18A681B4B9A4230D8ED
:109B880011F0CBFA6D46C20B42EA414252424FEA0B
:109B9800D13363EB4303CDE90023144AC0F30E002D
:109BA800A0FB0202C30B43EA42435B4228460293EE
:109BB800FFF798FF214628460DF041FDEFF3118687
:109BC800202383F31288BFF36F8F95E80F00084CAA
:109BD80084E80F0086F31188BFF36F8F002004B06C
:109BE80070BD6FF01500FAE7FFC99A3B00CA9A3BAF
:109BF80000CA0020014B1860704700BFE0C5002074
:109C080080B505460E46174698460AF071FB03468E
:109C180012F016F80446DFF81890424649F800306A
:109C280039463046A84754F8090001F0DFFA00BF6A
:109C380008000000032800B508D912F001F809222D
:109C4800074B1A504FF0FF305DF804FB3022054BEC
:109C580002FB0033D3E8AF3F002BEED00020F3E740
:109C68000C000000ECD100203023434330B50D49EF
:109C780008330B44D3E8AF2F92B1541ED3E8EF5FFB
:109C8800954204D1C3E8EC4FBCF1000FF6D1F1D1F5
:109C9800012A05D13023584300230A180B5053607A
:109CA80030BD00BFE4D1002038B504461546FFF7A3
:109CB800C1FF00280DDB30236343074AD0184068F2
:109CC800086015B10C3313442B6030235C431059E2
:109CD80038BD0020FCE700BFE4D1002070B50025A6
:109CE8004FF0FF334FF0FF3218480DF0F6FC184BD9
:109CF800D3E8AF2F82B10135042D03F13003F7D13A
:109D080011F09EFF17224FF0FF35124B1A500F48E3
:109D18000DF0E5FC284670BD30246C43D3E8EF0F06
:109D28000130C3E8E10F0029F8D10B4E3319325145
:109D38005A609A6204F10C00304410F0A7FF04F155
:109D48002000304411F0BAF8E1E700BFDCC700207A
:109D5800ECD100200C000000E4D100202DE9F041F6
:109D68003024164644430F4A101911514660C36205
:109D7800B6B1F368A3B111F063FF0B4F0C3450F880
:109D880007801319054640F2051230460DF096FC7F
:109D9800B8F15F0F04D0EB595F2B08BF45F8078077
:109DA800BDE8F081E4D100200C000000F8B50546BC
:109DB800FFF740FF002824DB30246C43124F04F1E6
:109DC8000C063E444FF0FF324FF0FF3330460DF0A3
:109DD80084FC3A1953689B688BB1D26A385912F4DB
:109DE800404F0AD029469847044630460DF077FC84
:109DF8002846FFF739FF2046F8BD9847F4E71C4688
:109E0800F3E74FF0FF34F6E7E4D100202DE9F843FB
:109E180040F26C7344690569E1170135E41841F1B2
:109E28000001022D8CBF00230123E41AC76861F1E9
:109E380000010029064607F1FF374EDA6FF4C770B4
:109E48004FF4C8720023201861F10001FEF734FCBA
:109E5800244B4FF03C0E03FB0044D6E900834FEA45
:109E6800E37C99466346022D02468CBF6FF00200E0
:109E78000920B6680544C6FB0E93A9FB0EC60EFB67
:109E8800036640F26D1E9920A3080EFB04333B4481
:109E9800642745430520B4FBF7F40235B5FBF0F51C
:109EA8001B1B114C1CEB080CA2FB042004FB01013A
:109EB8002B4446EBE87698180C4A41F100038018C9
:109EC8000B4A63F10003A0FB020102FB031110EB34
:109ED8000C0041EB0601BDE8F8834FF4C87200237B
:109EE8002046B3E770FEFFFFB13A02009405F5FF84
:109EF800805101002DE9F047058B0446280790465C
:109F080011D4022905F0070540F0CC8020460DF059
:109F18003AFC78B10138218B042811D8DFE800F029
:109F2800C2106D85950001290CBF45F0100545F05C
:109F38002005258388F31188BFF36F8FBDE8F0876C
:109F480001F0070AAA4500F0A5800027B9463E4659
:109F5800A368002B00F0BC8041F00801218388F33E
:109F68001188BFF36F8FA168002900F0BA800D68CF
:109F7800002900F0B680334652462046D1F80480C6
:109F8800C047002D76D02B6829461D46F0E701F022
:109F980007035A1F012A1BD8002221F00701062BAC
:109FA800276889B2C4E9002209D13B4603E0628BE5
:109FB800013262831B68002BF9D141F0020120466F
:109FC80021830DF0E0FB00287AD041F0200176E0F3
:109FD800042B0AD121F0070189B2204621830DF014
:109FE800D2FB10B141F020012183218B01F0070A37
:109FF800AA454FD00027B946AAE7236921F00701EF
:10A0080041F00601062DD3F8009021832DD1B9F136
:10A01800000F3FD041F00801218388F31188BFF376
:10A028006F8F20463949C84729E021F00701236985
:10A0380041F0040189B2042DD3F804902183E6D0BD
:10A0480000274FF0040A3E4682E721F00701236902
:10A0580041F0050189B2052DD3F808902183D6D0A7
:10A0680000274FF0050A3E4672E700274FF0060A20
:10A078003E466DE72B4687E7B9F1000FD1D1EFF3E4
:10A088001188202383F31288BFF36F8F238B23F06B
:10A0980008032383258BEA062ED525F01003238396
:10A0A80005F007056669218B002EBFF670AF002307
:10A0B8002768C4E9003321F0070141F00101218339
:10A0C800218B4FF0000901F0070AAA457FF440AF41
:10A0D800002F9CD041F00801218388F31188BFF339
:10A0E8006F8F002FC8D03D68394633465246204608
:10A0F8000DF075FB2F46F4E7AB067FF51BAF25F097
:10A108002003238305F0070500E700BF137801004B
:10A118002DE9F84F814630480F460DF020FC0646E1
:10A1280070B92E4C0546A0464FF0010ADFF8B0B0D2
:10A138005C4507D3B9F1000F02D04FF0010AFDB911
:10A14800BDE8F88F237B83B12368DB680BB1204619
:10A158009847636883F806A023681B6943B9636856
:10A168000422204619680DF01BFC01361034DFE785
:10A17800204698470028F2D00AFA06F31D43F4E770
:10A18800A94695FAA5F4B4FA84F40AFA04F3260168
:10A1980008EB04146FEA030B25EA0305237B63B17C
:10A1A80058F806301B6993B9464473680422204660
:10A1B800196809EA0B090DF0F3FB002DE1D127B16D
:10A1C8004FF4A470002110F01BFF4D46B7E720465E
:10A1D80098470028F1D1E7E7ACD20020E0C00100A1
:10A1E800F0C00100014B53F82000704718C401006B
:10A1F80008B5034608462BB1044A136000F07CFA00
:10A20800002008BD6FF01500FBE700BFE4C5002083
:10A2180000230C4A10B513700B4A4FF40041136029
:10A228000A4A0B481360FFF7E3FF0A4B0A4918462E
:10A238008B4200D310BD1A1A5C68121101322271C8
:10A248001033F5E772F50020A4D20020A8D2002030
:10A2580063790100E0C00100F0C0010070B50B4D4A
:10A26800297841B90120FFF753FF094C094EB44240
:10A2780002D301232B7070BD63685B791BB123681F
:10A2880020469B6898471034F1E700BF72F500201C
:10A29800E0C00100F0C0010010B5044606480DF00A
:10A2A8005EFB3CB1054BD3E8EF1F0139C3E8E21F61
:10A2B800002AF8D110BD00BFA4D20020A8D20020E7
:10A2C80070B50A4B05461B689847094C094EA860AB
:10A2D800B44200D370BD63685B7923B12368294613
:10A2E80020461B6898471034F2E700BFE4C50020F9
:10A2F800E0C00100F0C00100044A054B9B1AB1EB15
:10A30800D30F34BF52F831000020704750C001000D
:10A31800E0C001002DE9F04F87B004AF0446D7E94B
:10A328000EA90E46934698463D6BBAF1000F1ED013
:10A33800C7F80490CDF800901021534600207A6B9E
:10A34800FFF7FEF9B0F5006F014611D340F2FF7335
:10A358000393194B02220293002318491846CDE9AA
:10A3680000330DF03FFB0C37BD46BDE8F08F51467A
:10A3780004F007040BF0070BE40044EA8B1444EAEA
:10A38800412444EA055417350D4425F00705ADEB83
:10A39800050D04ADBAF1000F07D0CDF80090534673
:10A3A8007A6B05F11000FFF7CBF943462246314698
:10A3B80028460DF0FEFAD6E703CF010080C0010061
:10A3C800406820B1034BC01A40F3CF0070474FF0EC
:10A3D800FF30704750C001000EB403B503AB53F80B
:10A3E800042B01460448019301F0A6FA02B05DF877
:10A3F80004EB03B0704700BF297A0100CA0605D4F0
:10A408008B064CBF02490349FFF7E6BF704700BF00
:10A41800DBCB0100D3C901002DE9F04F87B09DF8CF
:10A42800446004460D4690469946002E00F0A280EE
:10A43800159B03F0020A03F001030493159B03F034
:10A44800080B03F4807305930DF0A8FA0246002860
:10A458003DD020469449FFF7BFFF0746BAF1000FE9
:10A4680009D0159B13F0440F33D12A4620468F4953
:10A47800FFF7B2FF0744049B53B18D4B204653F8B6
:10A4880026208C4B8C49002A08BF1A46FFF7A4FFE8
:10A49800059B002B49D0BBF1000F64D1B8F1000F28
:10A4A80066D0424620468549FFF796FF0546129B2F
:10A4B8003D44002B6DD1149B002B73D1159BDB07FA
:10A4C80000F1EB8020461599FFF798FFD8E0074682
:10A4D800C4E77B4B18680028CCD07A4B4FF47A7AC3
:10A4E8001B684FF03C0CB5FBF3F5B5FBF0F14FF4EE
:10A4F800616300FB11550AFB05F5B1FBF3F2B5FBEF
:10A50800F0FE03FB121100FB1E55B1FBFCF30AFB26
:10A5180005F5B5FBF0F50CFB131120460091CDE9CC
:10A5280001E56949FFF758FFA4E7BBF1000F1DD00B
:10A53800664B204653F826206549FFF74DFF054630
:10A54800B8F1000F05D0424620465C49FFF744FFAA
:10A558000544B9F1000FAAD04A4620465D49FFF7E5
:10A568003BFF0544A3E74FF00009E1E75D46E7E755
:10A5780045469CE7B9F1010F129B06D1002B66D125
:10A58800149B002B7CD000250CE0002BF8D05248FF
:10A598005EE05248129B224651490DF01FF8149B69
:10A5A800002B6AD0DFF84481DFF84491149F2046DD
:10A5B800102F159928BF10274FF0000BFFF71EFF2B
:10A5C8005D4547DC139B494620461A78FFF704FF90
:10A5D8004FF0010B1BF0070F03D141462046FFF750
:10A5E800FBFE5F453DD9139B4946204613F80B20D7
:10A5F800FFF7F2FE0BF1010BBBF1100FEAD14FF0A0
:10A60800000A20463749FFF7E7FE5246DFF8E4B074
:10A61800139B20469A5CA2F120015F2928BF2E22B5
:10A628005946FFF7D9FE0AF1010ABAF1100F1DD0F9
:10A638001AF0070F03D141462046FFF7CDFE5745D4
:10A648005246E5D841462046FFF7C6FEEBE72348C9
:10A6580035469FE741462046FFF7BEFE0BF1010B4A
:10A66800AEE720462049FFF7B7FEC3E7139B3B44FC
:10A678001393149BDB1B149398D1002E7FF41EAF09
:10A688006268A168D2E9002320680DF0BBF90022B6
:10A6980063681A6007B0BDE8F08F2046054A06498E
:10A6A800FFF79AFE0EE700BF40CF010044CF01003C
:10A6B80028C401003BCF0100A3C9010069CF0100F4
:10A6C800B4D20020B0D200204DCF01003CC401001C
:10A6D8006DCF010073CF0100457A0100297A01008E
:10A6E80041B900007ECF0100A9CC0100ABCC01002C
:10A6F80078CF010002DF010000210123064A9042C1
:10A7080006D8064A01B901231360054B1860704743
:10A71800012140085B00F2E740420F00B0D2002060
:10A72800B4D20020F8B50D460446064F4618B44288
:10A7380001D12846F8BD14F8011BBB6801485B68C5
:10A748009847F4E78CBD0100014B03600020704777
:10A7580084C4010070B50D461646044638B331B3BB
:10A768002022002110F094FE28881122022101F0F5
:10A778009DFA0028E06005DA11F062FA0D4B1858CE
:10A78800404270BD3246294601F0C2FA0028E0680E
:10A7980002DA0DF051FBEFE70121A36844F833001A
:10A7A80004EBC3020B4491800020A360E9E76FF03B
:10A7B8000D00E6E70C00000070B505468EB00C46AB
:10A7C80016460021302202A810F062FEA96822462F
:10A7D80028460DF086FA002806DA11F031FA2A4BDD
:10A7E800185840420EB070BD42D0E86800243022AC
:10A7F8002346CDE9004402A901F0ECFA0028ECDB7D
:10A80800302838D1D5E90412089B1BBA944208BFF6
:10A818008B4233D1099BAA691BBA93422ED19DF86A
:10A82800083003F00703042B02D06FF01500D9E7B6
:10A838009DF809302BB30C990D9B09BA1BBA51EA44
:10A848000302F2D00029B3600DDA104B994202D806
:10A85800C6E90014E9E70E4BC91864EB04040020AC
:10A86800C6E90014BEE70A4BC91844F10004F6E72C
:10A878006FF07300B6E76FF07900B3E76FF021006F
:10A88800B0E76FF00F00ADE70C0000007F7EAA83F1
:10A898008081557C2DE9F0410F46164605468EB05D
:10A8A800002846D0002A44D03022002102A810F007
:10A8B800EFFD1B238DF8083010F02FFC1F4C4FF0D4
:10A8C8000008A0FB043204FB012113F5804341F189
:10A8D8000001D80B40EA41400023184AC90BFDF794
:10A8E800EBFE41F2C603040E5A43030244EA012474
:10A8F80003F47F032343C5E9040143EA0063000A24
:10A9080000F47F400343AA6112BAE8680C930D92E1
:10A9180030224346CDE9008802A901F025FA002833
:10A9280009DB3246394628460EB0BDE8F041FFF74C
:10A9380043BF6FF00D000EB0BDE8F08140420F003C
:10A9480008B504480CF0ADFEBDE8084002480CF01C
:10A95800A8BE00BFBACF0100EFCF010008B5034879
:10A96800034A0021121A0DF0E5F808BD18C90020A5
:10A97800D80A0120074808B5074A0849121A0DF0F5
:10A98800DBF8BDE808400648064A0749121A0DF0E8
:10A99800D3B800BF80C5002014C90020DCE701003F
:10A9A80068C5002080C50020C4E701002DE9F047F4
:10A9B80080460D468CB0002966D000248B680122A1
:10A9C80005934B68204604930B683B4903933B4B24
:10A9D800CDE90044029323460DF0B0F86B690122DB
:10A9E80005932B6920460493EB6833490393344B52
:10A9F8000094CDE9014323460DF0A0F8EB6901224C
:10AA08000393304B2046CDE901432B49234600945C
:10AA18000DF094F82F462646DFF8B8A0DFF8989096
:10AA2800FB6A01220A93E31C0993BB6A494608930F
:10AA3800A31C07937B6A10370693631C05933B6935
:10AA4800CDE9016ACDE90343002300961846043492
:10AA58000DF074F8102CE3D12B6E012203931A4BDE
:10AA68001549CDE901630023009618460DF066F8F4
:10AA7800AB6901220393154B0F49CDE9016300230C
:10AA8800009618460DF05AF8B8F1010F0DD1EFF302
:10AA98000583103B03930E4B42460293002306495D
:10AAA8001846CDE900330DF049F8294640460CB068
:10AAB800BDE8F04708F002BCC8C001001DD0010085
:10AAC8004CD001007BD00100CDD00100DCD00100CA
:10AAD8000AD101008AD0010030BFFFF7FDBF00BFD7
:10AAE8002DE9F04105460B4EDFF83080324606EB83
:10AAF8000807CC1B2046084910F0BDFCA0194246A7
:10AB08000021083C10F0C4FCC5F8A84007F1080073
:10AB1800BDE8F0810000000034C101000800000019
:10AB2800054B9A699B689A421FBF044A536843F0D1
:10AB380080535360704700BF30DB002000ED00E019
:10AB4800F0B50024414B85B00293074623460E46D4
:10AB580001222046CDE900443D490DF00AF83D4B5D
:10AB68009B6ADD066FD53C4B2046CDE901430122A7
:10AB78002346374900940CF0FCFF1120354B9B6AA3
:10AB88001C070AD5354B0122029300233049184689
:10AB9800CDE900330CF0EDFF12202E4DAB6A99077A
:10ABA8001FD500242E4B0122029320462346CDE9CF
:10ABB800004427490CF0DDFF6B6BAA6A12060FD51B
:10ABC8000393284B0122CDE901432046234620491F
:10ABD80000940CF0CEFF1FB1AB6A23F08003AB6288
:10ABE80013201C4B9B6ADD070AD51F4B01220293D9
:10ABF800002317491846CDE900330CF0BAFF14209A
:10AC0800144B9B6A9C060AD5184B01220293002319
:10AC18000F491846CDE900330CF0ABFF15200D4B5A
:10AC28009A6AD10658BF9A6A9A6A920642BF5A6AC5
:10AC380022F400525A629A6A42F0FF029A62002392
:10AC4800337005B0F0BD102098E700BF1DD101009A
:10AC5800C8C0010000ED00E033D1010066D1010059
:10AC680079D1010091D10100A7D10100C6D101001D
:10AC7800F0B50024434B85B00293074623460E46A1
:10AC880001222046CDE900443F490CF072FF3F4BBA
:10AC98009B6ADB0465D53E4B2046CDE90143012282
:10ACA8002346394900940CF064FF1720374B9B6A00
:10ACB8001D050AD5374B0122029300233249184655
:10ACC800CDE900330CF055FF1820304DAB6A9C05D8
:10ACD8001FD50024304B012220460293CDE90044C1
:10ACE800234629490CF045FFAB6BAA6A10040FD51F
:10ACF80003932A4B0122CDE90143204623462249EA
:10AD080000940CF036FF1FB1AB6A23F40043AB622A
:10AD180019201E4B9B6A59050AD5214B0122029323
:10AD2800002319491846CDE900330CF022FF1A20F8
:10AD3800164A936A13F4807315D01A4B01220293B2
:10AD4800002311491846CDE900330CF012FF1B20EF
:10AD58000E4A936A43F47F4393620023337005B02D
:10AD6800F0BD1620A2E7926A9204F1D50E4A184661
:10AD7800CDE901320449012200930CF0FAFE1C20AF
:10AD8800E6E700BFF5D10100C8C0010000ED00E012
:10AD98000BD2010066D101001CD2010035D201009E
:10ADA8004AD2010065D20100C6D101001FB50024B6
:10ADB8003E4B3F490293012223462046CDE90044F9
:10ADC8000CF0D7FE3B4B9B6A99016DD53A4B204658
:10ADD800CDE9014301222346354900940CF0C9FE10
:10ADE8001E20344B9B6ADA010AD5344B01220293A8
:10ADF80000232F491846CDE900330CF0BAFE1F2076
:10AE08002C4B9B6ADB020AD52D4B012202930023AF
:10AE180027491846CDE900330CF0ABFE0220254B3C
:10AE28009B6A1C030AD5274B012202930023204961
:10AE38001846CDE900330CF09CFE21201D4B9B6A7F
:10AE480059030AD5204B01220293002318491846BA
:10AE5800CDE900330CF08DFE2220164B9B6A9A0335
:10AE68000AD51A4B01220293002311491846CDE94D
:10AE780000330CF07EFE23200E4B9B6ADB030AD5C1
:10AE8800134B01220293002309491846CDE90033E8
:10AE98000CF06FFE2420074A936A6FEA03436FEAB7
:10AEA8001343936204B010BD1D209AE77DD20100C0
:10AEB800C8C0010000ED00E095D20100A8D2010051
:10AEC800C2D20100ECD201000AD301002FD3010045
:10AED80049D301002DE9F043754B0546D3F80480AA
:10AEE800894614460026A3B0C8F3080786F31188DC
:10AEF800BFF36F8F02F07F43B3F17F4F25D112F07C
:10AF0800010322D1510603D422070DD401260DE0F6
:10AF1800684A1846CDE901326749012200930CF0CE
:10AF280028FE14F0040400D04D4600264FF0000916
:10AF3800FB1E8DF81F90092B00F2A080DFE803F0BC
:10AF4800079498909E9E9E9E9E9C3546EEE75B4B8E
:10AF58000122CDE90193002357491846544FCDF8F3
:10AF680000900CF006FE8DF81F90FC6A14F00204A5
:10AF780005D0534BCDE90193CDF8009006E0FB6A6C
:10AF8800002B0BDA4F4B0094CDE90143002301223B
:10AF9800184649490CF0EDFD002430E0FB6A5B00DF
:10AFA800FAD5494B0122CDE90143204623464249BF
:10AFB80000940CF0DEFD7B69AA6943F480737B6121
:10AFC800BFF34F8FBFF36F8F7B6932F8022C23F4E6
:10AFD80080737B61BFF34F8FBFF36F8F4DF60273A2
:10AFE8009A4226D12B6820460393384B0094CDE92A
:10AFF80001430122234630490CF0BBFD2C689DF823
:10B008001F309BB96822294608A810F034FA0F9B14
:10B01800002E47D0C3F3080222B96FEA53236FEA20
:10B0280043230F93204608A9FFF7C0FC23B0BDE8CF
:10B03800F083BB6ADBB22BB101200DF11F01FFF7D2
:10B048007FFD0FE0BB6A13F47F4F05D001200DF19F
:10B058001F01FFF70DFE05E0BB6AB3F5803F9BD3E8
:10B06800FFF7A4FE0446CAE700200DF11F01E6E73A
:10B0780000200DF11F01ECE7154B7BE7154A18F48A
:10B08800F87F154B18BF1346103FCDE90337134B14
:10B0980001220293002308491846CDE900330CF039
:10B0A80068FD79E723F4FF7323F00103B9E700BFD4
:10B0B80000ED00E0A2D30100C8C00100C5D3010023
:10B0C800DCD30100FDD301000BD401002AD4010018
:10B0D80046D4010089D3010074D301006AD4010069
:10B0E800064B5A6942F010025A615A6942F480626A
:10B0F8005A615A6922F008025A61704700ED00E06F
:10B10800EFF30880EFF3098101B57246FFF7E2FE1D
:10B1180001BD00BF002080F31488BFF36F8F0020AB
:10B1280080F30A8880F30B88104880F30888002091
:10B138000F49087005F042F900200E490860BFF376
:10B148004F8F00F02DF8202080F311880A484FF423
:10B158000061401880F30988EFF314800221084346
:10B1680080F31488BFF36F8F00F00EF918330120B5
:10B17800D40A012094ED00E0D819012000231846D4
:10B188000649D1F89020C2F30722934200DB7047AA
:10B19800C1F89830C1F8A0000133F6E700ED00E0EF
:10B1A80010B572B6002484F31388FFF7E7FF23462F
:10B1B8004FF0FF300C4A03F120010133102B42F805
:10B1C8002100F8D100234FF0FF30074A03F1600156
:10B1D8000133102B42F82100F8D162B6BFF34F8F2C
:10B1E800BFF36F8F10BD00BF00E100E0084B9B6804
:10B1F80083420BD1EFF3058343B1064B5A6842F003
:10B2080080525A605A6A22F400425A6209F076B8AB
:10B2180030DB002000ED00E025498A6882F8F5E07F
:10B228004FF030001044EFF3098C80E8F01F1EF057
:10B23800100F03D102F1B40080EC108A202080F3B3
:10B248001288BFF36F8F1B4F4FF000668A698A60C0
:10B258003E60D2F8A800184C206092F9F5E0D2F8C8
:10B26800AC000023C2F8AC3080F311881EF0100F38
:10B2780003D00023E1EE103A03E002F1B40090ECB1
:10B28800108AEFF3148323F0040383F31488BFF3C5
:10B298006F8F02F1300090E8F01F8CF3098802F1FB
:10B2A800000004B50CF0A7FCBDE80440704700009E
:10B2B80030DB002004ED00E0E4D200201EF0040F93
:10B2C8000CBFEFF30880EFF30980816911F8021CC5
:10B2D8000229FFD001B572460CF040FC01BD00BF49
:10B2E80040B2002807DB01234109034A00F01F0090
:10B2F800834042F82130704700E100E040B2002866
:10B308000CDB01220649430900F01F00824020336C
:10B3180041F82320BFF34F8FBFF36F8F704700BFF3
:10B3280000E100E0054B420953F82220012300F018
:10B338001F0003FA00F01040704700BF00E100E072
:10B3480040B2002801F10101ACBF00F16040064B9A
:10B358004FEA4111C9B2ABBF00F5614000F00F00E0
:10B3680080F800131954704714ED00E0044B054AA7
:10B3780023F07F039360BFF34F8FBFF36F8F704746
:10B388000080000000ED00E008B5FFF7EFFF104B6C
:10B39800D3F8882022F47002C3F88820D3F88820D4
:10B3A80042F4A002C3F888204FF04042C3F8342288
:10B3B800BFF34F8FBFF36F8F0023E1EE103AFFF713
:10B3C800CDFAFFF7D7FA00F07DF808F08DF800BF46
:10B3D80000ED00E042F8203C009B0D4942F81C3C7F
:10B3E800019B21F0010142F8183C029B42F8081C1D
:10B3F80042F8143C4FF0807342F8043C0023C0F834
:10B40800AC304FF43C43203A0265C0F8F430704742
:10B41800099C0000104B9B6883421AD1EFF305800A
:10B42800B8B9EFF31181202282F31288BFF36F8F2E
:10B438001A7B22F002021A73EFF3148323F0040339
:10B4480083F31488BFF36F8F81F31188BFF36F8F75
:10B4580070476FF01500704730DB00200E46154628
:10B46800002300B5E1EE103AEFF3148323F0040350
:10B4780083F31488BFF36F8FBFF36F8F0C4BD0F833
:10B48800A82098600B4B1A60D0F8983083F30B888B
:10B498002C4686F309880020034B98472046002154
:10B4A80000220023014C20470D7C0100099C00006C
:10B4B80030DB0020E4D200201022014B1A617047D3
:10B4C80000ED00E0002320210348C2180133412B7E
:10B4D80082F80013F9D1704700E100E008B5EFF3F6
:10B4E8000583064A103B02EBC30152F83300496852
:10B4F8008847BDE80840FFF713BB00BFACBD01009B
:10B508001FB5094C094A23460121094800F020F9D2
:10B5180000230393074B0121E41A01A80193029425
:10B5280000F020F904B010BD0000042080C5002000
:10B5380084C4010018C9002010B50C7A0B6804F007
:10B548001F0223F01F031A43CB68640923F01F036B
:10B55800054943EA440343F00103C1F89800C1F8E0
:10B568009C20C1F8A03010BD00ED00E01FB50E4BC7
:10B578000446D3F89030C3F30723013B98420FD910
:10B588000A4B03900293002301221846CDE90033A9
:10B5980007490CF063FB6FF01504204604B010BD9A
:10B5A800FFF7CAFFF9E700BF00ED00E081D4010012
:10B5B800A8C001002DE9F04F8946144606464FF011
:10B5C8000008544D89B0C8452DDAD6F804A0BAF160
:10B5D800000F4AD0BAF11F0F17D91AF01F0F14D154
:10B5E800D6F800B01BF01F0F0FD158460CF02DFBFA
:10B5F80007460AEB0B0001380CF027FB874216D0F0
:10B608006FF01507444B039702E0444BCDF80C80CC
:10B618000293002301221846CDE9003340490CF07B
:10B628001DFB6FF01504204609B0BDE8F08F17F137
:10B63800160FE7D0BC42E5DDC5F89870D5F89C1028
:10B64800C5F89870D5F8A03021F01F0143F01F0B02
:10B65800D6E900321A44994202F1FF3A1DD1D34586
:10B6680007D13146F8B20CF009FB08F101080C3695
:10B67800A9E73146C5F89870D5F89C3022F01F022A
:10B6880003F01F031343C5F89C30E0B20CF0F6FA40
:10B6980010F1160FC5D0441CE7E7C5F89870D5F827
:10B6A800A020013B23F01F0302F01F021343D345E0
:10B6B8003146E0B2C5F8A030E8D00CF0DFFA10F15E
:10B6C800160FAED0C5F89870D5F89C209DF81830A4
:10B6D8000BF1FF3B62F304038DF81830D5F8A03066
:10B6E8009DF818205B0863F347128DF81820D6E9F7
:10B6F80000321344049323F01F035B44A3EB0A03B3
:10B70800013023F01F0304A9C0B20793FFF72EFFEF
:10B71800BEE700BF00ED00E0CAD40100A7D40100D5
:10B72800A8C001000522044BC3F89420BFF34F8F33
:10B73800BFF36F8F704700BF00ED00E0BFF35F8F6E
:10B748000022024BC3F89420704700BF00ED00E0D0
:10B7580010B5034C2278FFF72DFF207010BD00BFF5
:10B7680074F500202DE9F74F294D8A4606464FF01B
:10B778000008AB46274FD0451BDAD6F80490B9F13C
:10B78800000F3FD03168084601910CF05EFA01992C
:10B79800044609EB010001380CF057FA84424FF0D7
:10B7A80014021D4B08D002FB08F36FF015024BF88A
:10B7B800032003B0BDE8F08F14F1160F2C60F8D009
:10B7C8001978A142F5DD02FB08B0C7F89840C7F820
:10B7D8009840D7F89C4000F10801007B64F304000E
:10B7E8000871D7F8A0000C79400860F347140C7171
:10B7F800D7F89C1021F01F016960D7F8A01021F03C
:10B808001F01296108F1010814350C36B3E700BFA0
:10B81800E8D2002000ED00E074F50020F0B54149C1
:10B82800414CD1F890302568C3F307239D4287B077
:10B8380075D80020FFF782FF3C4BC1F8C030854225
:10B8480016D13B4C01A82570FEF77EFF0025064661
:10B85800384FAE4213D1002023783249D1F89020D6
:10B86800C2F30722934254DBFFF75CFF00202FE06E
:10B87800616801EB0011FFF75FFE0130DFE7019916
:10B88800280101EB0513DA683A40B2F5001F21D010
:10B89800B2F5800F2BD0B2F5801F38D15A689B685B
:10B8A8000958013B22F01F0003440120844623F07D
:10B8B8001F0340EA4C10CDE902218DF8100002A9BF
:10B8C80020780593FFF752FE00281DDA6FF0150067
:10B8D80007B0F0BD5A689B680958013B22F01F0069
:10B8E80003444FF0020C012023F01F03E1E75A68DC
:10B8F8009B680958013B22F01F0003444FF0000CDD
:10B90800062023F01F03D4E7237801332370013581
:10B918009FE7C1F89830C1F8A00001339EE74FF0C7
:10B92800FF30D5E700ED00E090C40100AAFF440015
:10B9380074F500200000F0FFF0B587B007460E460A
:10B9480014460021102268461D460FF0A1FD02236F
:10B958008DF80230054B2A4621466846CDE9047623
:10B96800019309F081FD07B0F0BD00BFB77C01006D
:10B9780008B5024B1B689847002008BDFCD2002080
:10B98800034B044A1860937843F00203937070479E
:10B99800FCD20020F0C5002008B50649064821F071
:10B9A8000701C1F1005202F580220BF0BFFD002013
:10B9B80008BD00BF1F5B012000D300204FF0FF32FD
:10B9C8004FF0FF33014807F017BE00BF00C6002044
:10B9D800014807F089BE00BF00C6002038B50546FB
:10B9E800FFF7ECFF2A46082107480BF0EBFC04465A
:10B9F80028B925B110F024F90C22044B1A50FFF78E
:10BA0800E7FF204638BD00BF00D300200C0000002F
:10BA180038B504460D46FFF7D1FF21462B460822CC
:10BA280007480BF04BFD044628B925B110F008F97A
:10BA38000C22044B1A50FFF7CBFF204638BD00BF3D
:10BA480000D300200C00000010B50446FFF7B6FF35
:10BA5800214603480BF055FCBDE81040FFF7B8BF7E
:10BA680000D300202DE9F04F0F464FF00008BB46E9
:10BA780046469DB0069008A814461D460FF04FFB99
:10BA8800DDE90823DDF81890CDE904230DAB0A930E
:10BA9800CDF80C80BBF1000F21D1002E6BD0B5F191
:10BAA800FF3F08BFB4F1FF3F17BF4FF47A724FF062
:10BAB800FF34A4FB024302FB05331CBFE40B44EA3A
:10BAC80043444FF482724146CDE90074069B0398C3
:10BAD8000CF0F8F8064630461DB0BDE8F08FD9F8EE
:10BAE8000000002842DB0CAA0BA9FEF7DDF882460D
:10BAF80000283BD00C984FF0FF324FF0FF3307F08F
:10BB08007BFD1CAB01930AAB00934FF481724B464B
:10BB180051460B980CF0D6F810F1780F03461AD15D
:10BB28000023002208A80FF0FAFADDE90834CDE96D
:10BB380004340024254623460C98079307F0D4FDC7
:10BB4800079B002B12DA5B4210F07AF8404A4FF05C
:10BB5800FF361350BFE710F1120FEDD1039B13B955
:10BB6800D0460B9B039300230126E5E709F108095A
:10BB78000BF1FF3B8EE7DDE9042308A80FF0F4FA88
:10BB8800DDE90845B04622462B46DFF8CC900A99F5
:10BB98000DAC091B891009FB01F1204608F064FE71
:10BBA80000F10B030B2B04D82A4E1E4116F0010698
:10BBB80001D04342C8E73D46B2460A94069C85B97F
:10BBC800BAF1000F87D0002E85D1DDE9042308A83B
:10BBD8000FF0CAFADDE908452B4625432246D6D19F
:10BBE80079E72068A4F8068000282ADB0CAA0BA9AC
:10BBF800FEF75AF8834618B92023E380013620E07F
:10BC08000C984FF0FF324FF0FF3307F0F5FC0AAB0A
:10BC18005946009340F2031223460B980CF052F851
:10BC280083460C9807F060FD1BF10B0F0CD0BBF19D
:10BC3800000F02D0CBF1000386E7B4F90630002BE1
:10BC4800DCD10834013DBAE74FF0010AF9E700BF3B
:10BC58000C0000007EF7FFFFCDCCCCCC0122024BBC
:10BC68000020C3F8402570470090034048B1054BB9
:10BC7800054A1B68B3FBF2F35843044B43F0010336
:10BC880018477047F8C6002040420F0080C10100E5
:10BC980008B54FF6FF723F230348C0E9002304F0BC
:10BCA8009BFB002008BD00BF0CD300202DE9F0410C
:10BCB80005460E461746134CDFF85080444508D316
:10BCC8000FF0BEFF6A22104B1A504FF0FF30BDE84C
:10BCD800F0812368AB4200D08BB93A4631462846FA
:10BCE800A368984758B10FF0ABFF0022064B3146C6
:10BCF800C2503A462846E368BDE8F0411847103478
:10BD0800DCE700BF40C001000C00000050C001008B
:10BD180073B50D461646694601AAFDF7C5FF0446E8
:10BD2800B0B1009B9B69DBB14FF0FF324FF0FF339E
:10BD380001980CF07DF8009B2046324629469B6905
:10BD48009847044601980CF075F8204602B070BD7B
:10BD580009230FF075FF034A4FF0FF341350F4E73F
:10BD68005F23F6E70C0000002DE9FF410D4616465B
:10BD780002A903AA1F46FDF797FF0446E8B1029BF4
:10BD88005B6A13B34FF0FF324FF0FF3303980CF0A8
:10BD98004FF80B9B204601930A9B32460093029B67
:10BDA8002946D3F824803B46C047044603980CF044
:10BDB80041F8204604B0BDE8F08109230FF040FFA8
:10BDC800034A4FF0FF341350F3E75F23F6E700BF51
:10BDD8000C0000002DE9FF410D46164602A903AAF2
:10BDE8001F46FDF761FF0446E8B1029B9B6A13B347
:10BDF8004FF0FF324FF0FF3303980CF019F80B9B0C
:10BE0800204601930A9B32460093029B2946D3F8A9
:10BE180028803B46C047044603980CF00BF82046A0
:10BE280004B0BDE8F08109230FF00AFF034A4FF080
:10BE3800FF341350F3E75F23F6E700BF0C00000060
:10BE48000122024B1860024B1A70704714D300206D
:10BE580075F50020034B186808B1034B187800F0FB
:10BE68000100704714D3002075F5002010B4034C6E
:10BE780024682468A4465DF8044B604714D3002066
:10BE8800014B1B685B68184714D300202DE9F0416B
:10BE98000D460646F8B1F1B10846FCF789FC0828BA
:10BEA8001CD8114FDFF84480441C474508D322466C
:10BEB800294606F10C000FF0DEFA0020BDE8F081FB
:10BEC800B74206D02246294607F10C000FF0E8FADF
:10BED80038B14437E9E76FF01500EFE76FF05A0023
:10BEE800ECE76FF07700E9E788C80020CCC80020AD
:10BEF8002DE9FF414FF0FF324FF0FF3324480BF09C
:10BF0800EDFF244C244E254D254FB44205D320483F
:10BF180004B0BDE8F0410BF0F6BF00222046C4E9AA
:10BF2800032222750BF0A4FFD0F80880B8F1000FA7
:10BF380014D0D8F800308BB104F118000EF0A6FE2A
:10BF480004F12C000EF0A2FED8F8003020469847E5
:10BF580094F8403023F0030384F84030237B83B9FE
:10BF680020460CF060F870B10E4A1368591C116035
:10BF78000D4A092101A808F0E5FD204601A9FFF7AF
:10BF880085FF4434C1E72B685A1C2A603A46F0E71B
:10BF980004C8002088C80020CCC8002018D300207E
:10BFA8001ED501001CD3002017D5010038B5074C59
:10BFB800074DAC4200D338BD032120460BF065FF86
:10BFC80010B920460BF0FDFF4434F2E788C8002082
:10BFD800CCC8002001282DE9F8430C46164637D175
:10BFE80000234C1E136019461A461D4614F8010F0B
:10BFF80018B12E281BD101339BB2012909D9092A6E
:10C0080003D9032907D1632A05D86FF01500BDE8C5
:10C01800F8830029F9D0FF2AF7D8725522781AB187
:10C028000135EDB2042D10D1032B7BD0EDE730386C
:10C03800C7B2092FE9D80131C9B20429E5D002EB0A
:10C04800820200EB420082B2D0E700221146CDE71F
:10C058000228DAD12E2120460FF032FA2378002860
:10C068000CBF082706273A2B08BF01342046FCF7E7
:10C078009FFB00224249824223DB0025A846237801
:10C08800002BC2D03A2B41D010220021204608F0C4
:10C098005FFF102281460021204608F059FFC9F3AE
:10C0A800072949EA002926F815903A2120460FF079
:10C0B80007FAD8B1441C0135AF42E0DC062F31D174
:10C0C80033E0A35CA3F13005092D09D9462B09D823
:10C0D8002D2B9AD92E3BDBB221FA03F3DB0794D53B
:10C0E8000132C8E7613B052BFAD98EE77B1EAB42CC
:10C0F8008BDC0135AF4288DC062F13D185E706EBD0
:10C10800450306F8158083F801800135BD42F6DB4A
:10C118003A2120460FF02CFAA0421ED1062F03D058
:10C128006378F3B9002072E7013400250B362378D1
:10C13800002B3FF46AAF00210A22204608F008FFCE
:10C148002E2106F8010F20460FF0BAF9B0B10135DB
:10C15800042D00F10104EAD1E4E7062F08BF00F13D
:10C16800FF307D1E013010F8013D3A2B02D1013D10
:10C17800FFF44BAFA042F6D101349CE7032D54E7FE
:10C188000110F801084B70B5C31A0D4607499B10FA
:10C1980004465943402206480CF079F82B460146DC
:10C1A8002046BDE87040184734D30020B76DDBB691
:10C1B8002CBD0100402373B50B4C0093041B0B46A8
:10C1C8000D460A49A41061430646094A09480CF07D
:10C1D80089F8011E05DA30462B4602B0BDE87040EA
:10C1E800184702B070BD00BF34D30020B76DDBB66E
:10C1F800558301002CBD0100F8B500220121054638
:10C208000520FFF79DF8104804F00EF90446B8B968
:10C2180004F02AF92F690D4938460BF004FB031E78
:10C2280009DB01263E642D69084905F11C000BF065
:10C23800FAFA031E02DA1C462046F8BDEE64FBE754
:10C248006FF00404F8E700BF95C30000B8C401000C
:10C258007FB500220123CDE9022304ABCDE90433E5
:10C26800094A6B46CDF800D0CDF804D00CF067F839
:10C27800002805DB4FF480420023684607F0F0FAF7
:10C2880007B05DF804FB00BF6983010010B5EFF348
:10C298001184202383F31288BFF36F8F074A136832
:10C2A80023F00201DB07116002D401200DF033F8FE
:10C2B80084F31188BFF36F8F10BD00BF84D30020B3
:10C2C8000C22104B014602FB0033002030B4D3E9A6
:10C2D8000E529863EFF31180202484F31288BFF381
:10C2E8006F8F1C6C04F0C00444F002041C6480F3DB
:10C2F8001188BFF36F8F1DB12B4630BC0248184719
:10C3080030BC704734D300202CBD010010B4EFF3CB
:10C318001182202383F31288BFF36F8F18480168B6
:10C3280041F002040460C80708D482F31188BFF3FF
:10C338006F8F01205DF8044B0CF0E5BF1149D1F86F
:10C348000C04D1F80C14C907EFD5EFF3118083F36F
:10C358001288BFF36F8F0C490B6C03F0C00343F0D6
:10C3680002030B6480F31188BFF36F8F82F3118887
:10C37800BFF36F8F00205DF8044BFFF7A1BF00BF2C
:10C3880084D300200050004034D3002010B101288D
:10C3980004D07047034B1B6C5B0701D1FFF790BFBC
:10C3A800704700BF34D300202DE9F0410122074631
:10C3B8003449D1E8EF3FC1E8E02F0028F9D133B97B
:10C3C800314932484B60CB608A600BF03FFA7B1EE4
:10C3D800012B28D8012F06D12D4BD3F81C3403F09C
:10C3E8000303022B1FD00EF06DFD0546E8B9294B5B
:10C3F8001B78D3B102220646254BC3F80823244CE8
:10C40800DFF89480D4F81824D4F81834D20315D55A
:10C4180003F00303022B01D0012F0FD16DB386F374
:10C428001188BFF36F8FBDE8F081EFF311862023E9
:10C4380083F31288BFF36F8F0125E0E7C5B130465B
:10C448000BF0F4FBD4F81835DBB2012BDAD1D4F8B1
:10C458000421002AD6D00022C4F80421D4F80421EB
:10C468000222C4F818252022C8F88021A360C9E751
:10C47800002121200EF0C4FDE4E70222044BC3F89A
:10C488000423D0E730D3002020D3002050D300204D
:10C4980000500040D40A012000E100E008B5074838
:10C4A8000EF057FB38B10648FFF76AFA0448FDF763
:10C4B800A1FB002008BD6FF01200FBE78CBD010056
:10C4C800CDC400000A2838B50446074D04D1AB682E
:10C4D8000D2128465B689847AB6803485B68E1B262
:10C4E8009847204638BD00BF8CBD0100430970B590
:10C4F80007D10B4B596821B101250C68094E8540BD
:10C5080001B970BD8A682A4002D030464B68984706
:10C518001CB1236821461C46F2E72346FAE700BF10
:10C5280088D300204CBD01002DE9F04340F20635C8
:10C538004768D00648BF4FF0030C3B7C02EA05056C
:10C5480058BFC2F3401C87B001F01F06B5F5837FC2
:10C55800144646EA43168DF803C042D00DD8062D7E
:10C5680016D005D8A5B1022D3DD06FF0150035E0E5
:10C57800B5F5807FF9D101250AE040F20222954203
:10C5880033D0B5F5407F32D0B5F5007FEDD1022527
:10C598000123220303FA01F12BD57B689960B8685F
:10C5A80060BB06F01F03760971D13B4A84F48031E1
:10C5B80002EB8302D2F80032C1F30041C4F34044D5
:10C5C80023F4E16344EA410423F007031C4344EAEB
:10C5D8008C0444EA0524C2F80042002007B0BDE8F4
:10C5E800F0830725D4E70425D2E70525D0E70325FE
:10C5F800CEE7630344BF7B68D960D0E731460DF1CD
:10C6080002020DF080F814F4403F80460CD1314608
:10C61800B8680DF08AF8B8F1000FDED19DF8021065
:10C62800B86804F0BDF8D8E74FF0000901ABCDE9D0
:10C638000199CDE90439CDF80C903146B86803AAC0
:10C648000CF05CFF4845C8DB14F4003314D09DF8A7
:10C65800033084F48034C4F300448DF80E308DF830
:10C668000C508DF80D404B463146B86803AA0CF0C3
:10C67800E0FF0028CFDAB0E7CDE904330DF103037A
:10C6880003933146B86803AA0CF038FFF1E780330A
:10C6980050F82330FFDE00BF0025844038B54568D8
:10C6A800A86890B10DF03BF8014670B9A86804F08D
:10C6B80045F8044658B902460649A8680DF020F81E
:10C6C800224605213120FEF73BFE002038BD6FF0E1
:10C6D8000400FBE7F5C40000F0B544681646A068FE
:10C6E800227C01F01F0587B045EA4215002864D076
:10C6F800B6F5001F04D129460DF05FF800204DE083
:10C708000020B6F5800F01AA0190506035D1B3F131
:10C71800007F14BF052304238DF804300023CDE9DE
:10C7280004230393E3680DF1030723FA01F111F0E1
:10C73800010135D1B6F1A07F32D105F01F036A0996
:10C7480003F180033CD1204A52F82330DB0727D479
:10C758003A462946A0680CF0D6FF163018D0029742
:10C768002946A06803AA0CF0C9FE002816DB01229E
:10C778002946A0680CF0DBFFC0E7B3F1C06F05D015
:10C78800B3F1007F14BF01230223C5E70323C3E7E6
:10C798003946A06804F00EF80028E0DA07B0F0BDCA
:10C7A8003A462946A0680CF0AEFF0028D8D19DF87B
:10C7B8000310A06803F0F4FFD2E76FF08500EDE7FF
:10C7C80051F82330FFDE00BF002584402DE9F047F3
:10C7D80040F2FF16594FDFF868C1DFF868E100EB57
:10C7E8008101814202D10020BDE8F087046814F479
:10C7F800804FC4F3C325C4F3080340F08C80240E93
:10C80800B34208BF4FF0FF337D5D192C00F28680DC
:10C81800DFE804F00D13191C1F251C84848484365A
:10C828006084848484848484848463787B7EC2F86E
:10C838000C355C1C5BD10430D3E7C2F814355C1CA2
:10C84800F9D000245CE0C2F80835F2E7C2F81035E8
:10C85800F5E75C1CC2F80835EDD0002404E05C1C48
:10C86800C2F80C35E7D001245FEA531859D14FF0CC
:10C878000109DFF8CC8009FA03FAC8F80CA008E02F
:10C88800C2F80835002DDAD15C1CD4D00024062566
:10C89800A146D0F800A00AF40048B8F1000F1CBF68
:10C8A8004FF00009012403F01F085B093FD10CEB8E
:10C8B8008808D8F80032CAF3412A03EA0E0343EA8B
:10C8C8008A0343EA052343EA090343EA4403C8F811
:10C8D8000032B0E7C2F80C35D4E7C2F86035B3F1DE
:10C8E800FF3F0468A7D0C4F30044002CBBD05C0908
:10C8F8001AD10124DFF8488004FA03F9C8F808902F
:10C90800A146C6E7C2F86435E9E7C2F86835E6E744
:10C91800C2F86C35E3E76FF0150065E76FF0850046
:10C9280062E70023DB60FFDE00239B60FBE7002358
:10C9380008F1800853F82830F5E700BF5DD50100FD
:10C9480000258440F0F8FCFF7FB50BAB05930393FB
:10C95800054B0122029300231846CDE90033FDF769
:10C96800D9FC07B05DF804FB65D501002DE9F0415D
:10C9780004460D4647680EF0A5FA4FF0200888B91E
:10C98800264B1B7873B1642660680BF013FEF0B970
:10C9980001200CF06FFC013EF6D1002121200EF0A1
:10C9A8002FFBF0E7EFF31186314688F31288BFF3C7
:10C9B8006F8F60680BF0FEFDA8B986F31188BFF38E
:10C9C8006F8FEFE786F31188BFF36F8FE5E7EFF31B
:10C9D8001186314688F31288BFF36F8F60680BF0B9
:10C9E800E9FD0028EED0BB6900201D706368BA69B4
:10C9F8001B68C3F844250122C3F84825C3F8200161
:10CA0800D3F82041C3F85801D3F858019A6081F34C
:10CA18001188BFF36F8FBDE8F08100BFD40A0120F1
:10CA28002DE9FF410546002201210820FEF788FC78
:10CA38000820FEF755FC6C680121E0680BF010FE39
:10CA48006B681A682369C2F82435617D237D0B431E
:10CA5800A17D0B43C2F86C356F68D7E9004313F02A
:10CA680001034CD0D5F8108004F10C0108F10C0238
:10CA780004F590700CF033FC061E0DDA2D4B0122E4
:10CA8800029300232C491846CDE90033FFF75CFFD9
:10CA9800304604B0BDE8F08198F80C0003F0B0FC13
:10CAA8000823C4F80035BB69C4F844350023C4F82A
:10CAB80048350123A360D4F85831002BFBD0002659
:10CAC800C4F800656B683146D8680BF0C9FD6D681D
:10CAD8003146E8682C680BF0C3FD0823C4F800351C
:10CAE8002A7A52B9EB69C4F834350123C4F83835C9
:10CAF800C4F81021D4F8102123600026C8E70822C2
:10CB0800C4F80025BA69C4F84425C4F84835012397
:10CB1800A360D4F82031002BFBD00023C4F82031C7
:10CB2800D4F820310123E3604FF48073C4F8043350
:10CB3800C1E700BF65D50100D8C0010001238340CB
:10CB480070B5DC430B4AD2E8EF1F01EA0405C2E8DE
:10CB5800E65F002EF7D14FF4803282400648C0F8D5
:10CB68000823BFF35F8FBFF36F8F0B4214BF012001
:10CB7800002070BD98D300200050014070B40E49C9
:10CB880022F07F46D1E90034D01AC31844F10004DA
:10CB9800C1E90034A6F50013B3F5400F09D2074BDD
:10CBA8001B681A0A1B069C19054B42F10005C3E9CC
:10CBB800004570BC07F0B8BD20CA00209CD30020F7
:10CBC80028CA0020D9B101230D4A8340D2E8EFCF0B
:10CBD8004CEA030CC2E8E1CF0029F7D14FF48033C7
:10CBE800084A8340C2F80433074BD3E8AF3FC34039
:10CBF800DB0742BF4FF40012044BC3F80021704713
:10CC080098D300200050014094D3002000E100E0B8
:10CC18000D4B1868010A0006BFF35F8F0B4BD3F862
:10CC28000435181841F10001B3F5801F0AD2084BEA
:10CC3800D3E90023904271EB030303D210F1807013
:10CC480041F10001704700BF9CD300200050014013
:10CC580028CA00202DE9F04F85B016461F46044625
:10CC68009DF840A0FFF76AFF0190FFF7D1FFB0429F
:10CC780071EB070352D23B4B301A67EB0101984224
:10CC880071F100014DD2384B03EB0413D3E90223B1
:10CC98009F4208BF964258D04FF48038334908FA6B
:10CCA80004F8204626F07F4BC1F848830BF02FFD8F
:10CCB8004FF00309584604F15005AD00ADB205F137
:10CCC800804504F5A87305F5A8350293029A20F06B
:10CCD8007F4341F82230C1F84483D1F80435244A0F
:10CCE800C01A033820F07F4090422ED9286868B1D6
:10CCF800D1F80435A3EB0B0020F07F40B0F5000F0E
:10CD0800039322D920460BF002FD039BBAF1000FD2
:10CD180007D109EB030009F10109D7E7BAF1000FC0
:10CD280009D06FF0150520460199FFF74BFF2846FB
:10CD380005B0BDE8F08F01230E4AA340D2E8EF0FFB
:10CD48001843C2E8E10F0029F8D107490E982301DA
:10CD5800C8500F9B01EB04120025C2E9026753601B
:10CD6800E1E700BF0100800010CA00200050014028
:10CD7800FDFF7F0094D300207FB500254FF0FF30E2
:10CD88004FF0FF31194C1A4B0226C4F80833C4F887
:10CD98004833184BC4F80855C3E902014FF48033EF
:10CDA8004FF40012C4F80433134B0121C4F8046390
:10CDB8001520C3F880212A46FEF7C2FA1520FEF78F
:10CDC8008FFA01230D4AA360236013600C4B0D4AB0
:10CDD800009328460023CDE90155FFF73BFF304675
:10CDE800FFF7E2FA284604B070BD00BF00500140CA
:10CDF80003000F0010CA002000E100E098D30020D3
:10CE080085CB0000FFFF7F002DE9F7432E4BD3F8B9
:10CE1800042390070BD5D3F8042142B10022C3F8AC
:10CE280004212A4AD3F80431136801331360264ACF
:10CE3800D2F80433D90326D5254BD3E8EF1F21F0C8
:10CE48000100C3E8E40F002CF7D1CB0702D4D2F8D5
:10CE58004031C3B100251C4CC4F84051D4F84031CE
:10CE6800FFF7D6FEEFF31182202383F31288BFF376
:10CE78006F8F184BD3E90267B042B94106D282F3EB
:10CE88001188BFF36F8F03B0BDE8F0834FF0FF3810
:10CE9800D3E900104FF0FF391D60C3E902894FF450
:10CEA8008033C4F84833C4F84051D4F8403182F391
:10CEB8001188BFF36F8F0029E5D0009032463B46BA
:10CEC80028468847DFE700BF005001409CD3002078
:10CED80094D3002010CA002030B5431C124C85B0F2
:10CEE80005D08442A8BF0446012CB8BF0124FFF72F
:10CEF8008FFE0E4B0C4DD3E90013401AB0F5000F0E
:10CF08000FD22218AA4228BF2A46002052180849E0
:10CF1800CDE90100009143F10003FFF79BFE05B046
:10CF280030BD2A46F1E700BFFFFF7F0020CA00207E
:10CF380085CB000008B5FFF76BFE024B1B68C01AD3
:10CF480008BD00BF20CA002070B50546054C064E36
:10CF5800B44200D370BDD4E900312846984708345C
:10CF6800F6E700BFACE70100ACE701007FB500229F
:10CF780001212A20FEF7E4F90E4803F0B9FD044622
:10CF880050B10D4B03900293002301221846CDE9BE
:10CF980000330A490BF0CBFB094D0A4EB54202D3C8
:10CFA800204604B070BDD5E90031204698470835C1
:10CFB800F4E700BF4CC501009ED50100C0C00100C8
:10CFC800ACE70100C4E70100F0B50F4B01461A6851
:10CFD8000E4B0B25002618461F46B84201D3013DCB
:10CFE80004D11846013A19605A60F0BD04688C42B1
:10CFF800FBD03CB14468141BA642BCBF034626467E
:10D008000830EAE70346ECE78CD4002098D40020E7
:10D018000020054BC3E90000044BD3E8EF2FC3E819
:10D02800E10F0029F9D1704790D400208CD400205A
:10D038002DE9F04F89B005460E460CF0CAFB20B921
:10D048006FF06D0009B0BDE8F08F0EF066F8336838
:10D058000446002B0F4604D107F0A6F86FF00A002B
:10D06800F0E7BCBF4FF0FF3333600122002101A875
:10D078000DF0A8FEE8460795EFF3118B202383F304
:10D088001288BFF36F8F0EF0DBFDDFF82CA1DFF8FD
:10D098002C915AF80000FFF797FFD9F80030426842
:10D0A8009A426ED10023434D00936B68002B6FD1D9
:10D0B800C5E900888BF31188BFF36F8F33685A1C5A
:10D0C8006BD04FF4004E40F2E730002123EAE37CB6
:10D0D8004FF47A720023CCFB0E01FBF73DFB0246AE
:10D0E8000B4601A806F0BCFBEFF3118B202383F35A
:10D0F8001288BFF36F8F00222B685BB1434556D16E
:10D108000099002A4DD16A6829609A4200D1696065
:10D11800002300930EF094FD5AF80000FFF754FF27
:10D12800D9F8003043608BF31188BFF36F8F0CF090
:10D1380050FB002884D035686B1C27D00DF0EDFF1C
:10D148004FF47A7EA0FB0E320EFB0121A4FB0E42A7
:10D158000EFB0722DB0BE40B43EA414344EA42445B
:10D168001B1B4FEAD1314FEAE57C61EBD231ED1A56
:10D178006CEB010CBCF1000FB8BF002535602DB970
:10D188006CE743608BF31188BFF36F8F002059E77A
:10D19800C3F80080C5F804808CE74FF0FF321346CF
:10D1A8009FE711606968994208BF6A60B0E71A464C
:10D1B8001B68A2E790D40020080000008CD400204F
:10D1C800024600B50EF03CFD014B1A505DF804FB19
:10D1D8000C00000030B404682CB10D4B9C4202D303
:10D1E800D8339C420BD30B4C2378082B0BD85D1CEF
:10D1F8002570074C03EB430304EBC303036000688B
:10D2080030BC0DF0DFBD6FF00B0030BC704700BFC5
:10D21800B4D3002099F5002002682AB1094B9A423C
:10D2280002D314339A4206D3074B1A7832B9012233
:10D238001A70044B036000680DF028BD6FF00B00F6
:10D24800704700BFA0D3002098F5002038B50546E8
:10D258000A4BD3E8EF1F0131C3E8E21F002AF8D1D7
:10D26800074B1C6804B938BDE369AB4201D005B16E
:10D2780013B9201D06F0BAFA2468F3E78CD400200D
:10D2880090D40020014600220023014806F0A6B9E8
:10D29800E8D40020014601480DF0C9BCE8D40020BC
:10D2A800014600220023014806F098B9FCD400206A
:10D2B800014601480DF0BBBCFCD4002008B54FF472
:10D2C8008062064906480DF0A9FCBDE808404FF405
:10D2D8000252044904480DF0A1BC00BF9AF5002091
:10D2E800E8D40020E8840020FCD4002010B5044BCA
:10D2F8001C6804B910BD201D06F078FA2468F8E708
:10D3080090D4002070B50546054C064EB44200D3B3
:10D3180070BDD4E90031284698470834F6E700BFC5
:10D328009CE70100ACE701007FB50BAB05930393C5
:10D33800054B0122029300231846CDE90033FCF780
:10D34800E9FF07B05DF804FBD4D501001FB568B14B
:10D35800094B03900293002301221846CDE90033BC
:10D368000649FFF7E1FF05B05DF804FB044805B086
:10D378005DF804EB03F0DCBFD4D50100C0C00100A8
:10D388000DD30000292800F08D8009DC012855D034
:10D39800062800F0918000287DD04FF0FF307047BC
:10D3A800B0F58D7F08D0B0F5007FF6D140F2064386
:10D3B8009942F2D11E2128E00F2929DC0029ECDD51
:10D3C8004B1E0E2BE9D801A050F823F013D400000F
:10D3D80013D4000013D4000013D4000013D40000A9
:10D3E80013D40000A3D30000A3D30000A3D30000EC
:10D3F800A3D30000A3D3000013D4000013D400006B
:10D4080031D4000035D400000E210020116070478F
:10D41800A1F2FA33042BC0D8A1F2FB310329F3D8C7
:10D42800DFE801F02F06080A0F21EEE71021ECE7EC
:10D438001221EAE71321E8E71421E6E740F209435D
:10D44800994220D009DC1429DFD004DC0229DCD081
:10D458000429DAD0A1E71529FBE740F225439942D0
:10D4680013D008DC40F20A43994210D0B1F5826F1C
:10D4780093D12821C9E740F2274399428DD13F2112
:10D48800C3E71121C1E72121BFE73D21BDE72221E3
:10D49800BBE72021B9E740F2074399427FF47DAF0B
:10D4A8001F21B2E7B1F5816FF3D040F226439942CC
:10D4B8007FF473AF3E21A8E740F21F4399427FF4FF
:10D4C8006CAF3721A1E700BF002330B50E4C0568CB
:10D4D80085B05A01A25804EB4311954203D1CA6999
:10D4E8002AB905B030BD0133082BF2D1F9E74B68F2
:10D4F800019383680393436801A8002B18BF0B238B
:10D5080002939047EDE700BF14D500204FF0FF329B
:10D51800074B00201A601A621A641A66C3F8802042
:10D52800C3F8A020C3F8C020C3F8E020704700BFAC
:10D5380014D500202DE9F0431C46002387B00129AB
:10D5480080460E461546CDE904330E9FD0F800906C
:10D5580003D1192A12D15F2307E02946304603AACE
:10D56800FFF710FF002823DA6D230EF069FB1B4A32
:10D5780013504FF0FF3007B0BDE8F083294630461E
:10D5880003AAFFF7FFFE0028EEDBA5F11403012B29
:10D5980015D80CB3082723680493A36804AC059333
:10D5A800234631464846039A009704F075FDE2E7A2
:10D5B800B6F58D7FF4D10C2D08BF0427F0E740F2B3
:10D5C80027439D42ECD12CB123680427044CC8F8AA
:10D5D8001C30E5E7C8F81C400024E1E70C00000017
:10D5E800A8C600202DE9F0411D4600238AB00F4649
:10D5F8001446CDE9043308230668214638460DEB66
:10D608000302DDF840800393FFF7BCFE00280ADA26
:10D618000EF016FB6D224FF0FF361F4B1A503046A6
:10D628000AB0BDE8F081012F1DD1A4F11403012B2C
:10D6380019D803AA04AB304600923946029A04F07E
:10D6480015FE06460028EAD1012FE8D1042C0DD199
:10D6580028680028E3D0FFF7B3FD0EF0F1FA0E4B6F
:10D668001B582B60DBE742462B46E4E7143C012CB1
:10D67800D5D8D8F80040049B102C28BF1024CDE939
:10D688000630059B2246284606A908930DF0F3FEAE
:10D69800C8F80040C3E700BF0C0000000B49034670
:10D6A800087880B90A49097839B1A2F58071022948
:10D6B8000AD9A2F58872012A06D9013B022B8CBF30
:10D6C8000020012070470020704700BF1BFA00208F
:10D6D8001AFA00202DE9F0430546D0F8009080683A
:10D6E80089B00E4617469846109C08B10BF08AF888
:10D6F800A4B9CDE9004443463A46314648460CF0C1
:10D7080010FD0446A86828B14FF0FF324FF0FF33F0
:10D718000BF076F8204609B0BDE8F0832388012B8A
:10D728000BD1ADF808306368628803930823ADF81D
:10D738000A2001936B440093DDE7022B18D162881D
:10D74800ADF80830ADF80A20231D0DF10C0C04F1DA
:10D75800140E624618685968083303C27345944624
:10D76800F7D1237D8DF81C301623019302ABE2E735
:10D778000EF066FA6A22024B4FF0FF341A50C1E7E6
:10D788000C0000002DE9F347074690460C4679B394
:10D7980000231A46C868834235D1802A72D80025EA
:10D7A8004FF0FF324FF0FF3339480BF029F8A94604
:10D7B800384EE368AB422DD800263546DFF8D4A0B2
:10D7C800B14511DD85B96368384601932368A9EB33
:10D7D800060200930AEB06014346FFF77BFF051E8E
:10D7E800EEDD2E44B145EEDC29480BF00BF806E0DF
:10D7F8000EF026FA16224FF0FF35274B1A5028460E
:10D8080002B0BDE8F087A16801EBC30149680133A4
:10D818000A44C0E7A36806EB090003EBC50253F806
:10D82800351052680DF027FEA3684FEAC50A534425
:10D838005B6801359944BCE7A3684FEAC60A03EB65
:10D84800C6035B683BB14FF00009A36803EB0A020B
:10D858005268914504D30136E368B342ECD8CEE769
:10D8680053F80A10636849440193236838460093C3
:10D87800A2EB09024346FFF72DFF011E05DB894491
:10D888000D44E2E700263546E6E70D46B7E700BF58
:10D8980018C800209AF900200C00000038B50A4D7D
:10D8A80004464FF0FF3228464FF0FF330AF0A8FF36
:10D8B80000234FF0FF32C4E901232260E3612846C8
:10D8C800BDE838400AF09EBFC8C7002070B54FF0C9
:10D8D800FF324FF0FF3305460B480E460AF090FF23
:10D8E80000230A4A5901505802EB4314013006D16B
:10D8F8005550666004480AF085FF204670BD013324
:10D90800082BEFD10024F5E7C8C7002014D5002064
:10D9180010B50446094B0A4A186003680948DA61D9
:10D92800FEF78EFA236843B10C33D3E8EF1F41F0BA
:10D938000801C3E8E21F002AF7D110BD10D5002066
:10D9480065DA000078C50100F0B5A1F581730468B7
:10D9580087B0032B58D8DFE803F002417A54012737
:10D96800D2E9016113683B4AB3F904300492ADF877
:10D9780014308DF816703368994205D10EF060F9AD
:10D988000C22354B1A5014E000F10C0528460DF016
:10D998002AFD2B460022394630680DF0F6FC082394
:10D9A800204600933C22394604AB04F075FB04463C
:10D9B80010B14FF0FF340EE0336814333360CDE913
:10D9C8000200284602AA03A90DF012FD039B002BB2
:10D9D80018BF6FF07704204607B0F0BDD2E90042C7
:10D9E8001368143313600023CDE9033303AA04A991
:10D9F8000C300DF0FDFC049B0BB1039BE38000246D
:10DA0800E9E713688360FAE7032913D0042919D1D9
:10DA1800126832F4804304D00EF012F916210E4B2E
:10DA2800195004212046C2F3803207B0BDE8F04007
:10DA38000CF0F2BD204600220CF0EEFD840304F445
:10DA48008044C8E70EF0FCF81622034B9AE76FF003
:10DA58005E04C0E769DC00000C0000002DE9F0411D
:10DA68000D1E0646174615DA06F04EFBDFF88880CD
:10DA7800012388F800303A46304625F04041FEF749
:10DA880015F9002388F80030044606F051FB2046BB
:10DA9800BDE8F08115F0804804D006F035FBDFF8CA
:10DAA8005C80E5E7FCF71AF9041E09DB29463A46CB
:10DAB800304604F05DFA051E05DA204609F011FE2D
:10DAC8004FF0FF34E3E72146FFF700FF014640B976
:10DAD8000EF0B6F80C22064B1A50284604F0A8FAA5
:10DAE800EBE743462046034AFCF738F9CFE700BF87
:10DAF8000C00000080C501001BFA00201AFA002063
:10DB08002DE9F04389B007460C461546FCF7E6F8C0
:10DB18000646002E38681FDB0CB31DB32B6801AA1C
:10DB2800082B18BF16230DF10809019349460CF07C
:10DB38005AFAB0F100080CDB3146FFF7C7FE07467A
:10DB480098B90EF07DF80C22274B1A50404604F085
:10DB58006FFA304609F0C5FD4FF0FF3619E022464E
:10DB6800A146E3E72A46A946E0E764B15DB1B9F802
:10DB78000020012A11D108232B60BDF80A30228029
:10DB88006380039B6360002339463046174AFCF7DD
:10DB9800E5F8304609B0BDE8F083022A17D118230A
:10DBA8002B60BDF80A3003AD638023460DF11C0CD1
:10DBB80023F8042B2A4603CA6245186059601546A3
:10DBC80003F10803F6D19DF81C302375DBE70EF04E
:10DBD80037F88622044B1A50404604F029FA384692
:10DBE800FFF75CFEB5E700BF0C00000080C5010030
:10DBF800F0B50A880B46012A066887B00DD1ADF842
:10DC08000020082249885B68ADF802100193694634
:10DC180030460CF076F907B0F0BD022A15D14988D4
:10DC2800ADF80020ADF802101A1D01AD03F114077C
:10DC38002C4610685168083203C4BA422546F7D109
:10DC48001B7D16228DF81430E1E70DF0F9FF6A22EA
:10DC5800024B1A504FF0FF30DDE700BF0C00000008
:10DC6800002330B4084C01685A01A558A94206D1CE
:10DC7800B0F906100C32A01830BC06F04DBE0133C6
:10DC8800082BF1D130BC704714D500207FB50BAB01
:10DC980005930393054B0122029300231846CDE90F
:10DCA8000033FCF737FB07B05DF804FB06D601002C
:10DCB8007FB5436801220493036806490393064B22
:10DCC800029300231846CDE90033FFF7DFFF07B0C2
:10DCD8005DF804FBC0C0010006D601001FB5094865
:10DCE80003F020FB50B1084B03900293002301225C
:10DCF8001846CDE9003305490AF0CBFE002005B0EF
:10DD08005DF804FB19DD00002FD6010058C00100A2
:10DD18002DE9FF41054600261E4CDFF8908044455A
:10DD280018D3A6B12846FAF743FD0022411D002367
:10DD3800194805F053FC0446F0B9184B0222CDE906
:10DD4800010317490346039500900AF0A2FE04B0A8
:10DD5800BDE8F081277AFA070AD4216819B1284664
:10DD68000DF01CFC20B1BB0704D528466368984712
:10DD78000C34D4E70126FBE729460430FAF710FDF6
:10DD8800214608480DF013F8074804B0BDE8F041F3
:10DD980005F0CEBE54C70020B4C700205CD60100F1
:10DDA80058C0010070C80020B8C6002090C70020E5
:10DDB8002DE9F843134E144FDFF854800022002356
:10DDC800304605F0E1FC0546B8B9BDE8F883237A8A
:10DDD800DA070AD49B0708D4216819B148460DF020
:10DDE800DDFB10B14846636898470C34BC42EED35B
:10DDF800294640460CF01BFFE0E7044C05F10409F6
:10DE0800F4E700BF70C8002090C7002054C7002066
:10DE1800B4C70020024883681B6A03B118477047DB
:10DE28008CBD01001FB5074B03900293002301210D
:10DE38001A461846CDE900330AF03AFE05B05DF8F7
:10DE480004FB00BFA3C901001FB50F4B4FF480515D
:10DE580018460E4A03F0D6FA00280ADA0C4B03904B
:10DE68000293002301221846CDE9003309490AF03C
:10DE78001FFE0548FFF7D6FF0022074B1A7005B0B2
:10DE88005DF804EBFFF7C6BF1DFA0020A3C9010027
:10DE980093D6010050C001001D0A0120F0B50446C8
:10DEA80087B08368DB6B03B19847A368DB6A0BBB59
:10DEB800554E564D33780BBBA3681B692BB1012215
:10DEC80020460DF117019847C0B19DF81730082B6F
:10DED80001D07F2B14D12B68002BEBD04C4A013B8F
:10DEE8002B60D35C222BE5D14A4A137883F00103D7
:10DEF8001370DFE7204698470028D9D107B0F0BD56
:10DF080044480278002A51D10A2B23D00D2B0ED079
:10DF1800002B4BD1404A12786AB1404A1846CDE9E5
:10DF280001323F49022200930AF0C2FDC2E73A4A91
:10DF38001278012A30D100223449354B0F680A6023
:10DF48001946DA55027013F8012B202A4BD8002AFB
:10DF5800F9D1AFE7304A1778022FECD02B49032FBD
:10DF68000A6813D12A4F6AB107EB020C1CF801CCDE
:10DF7800BCF10D0FDFD0501CB0F5805F1BD2BB5435
:10DF8800086097E73B7001230B6093E7501CB0F5DE
:10DF9800805F10D21E4FF2E71C4A1068411CB1F591
:10DFA800805F08D21A4F11603B5483E72F68791CB1
:10DFB800B1F5805F0BD303931A4B01220293002320
:10DFC80017491846CDE900330AF072FD72E7DFF809
:10DFD80040C0222B0CF8073029607FF46BAF82F029
:10DFE8000102027066E70B78002B3FF463AF0E481E
:10DFF80083685B6A03B1984701230C490C48337066
:10E008000CF04CFF56E700BF1D0A012014D6002073
:10E018001DFA00201CFA00201E0A0120B9D60100B2
:10E0280050C00100E5D601008CBD010018D60020C3
:10E0380030CA00202DE9F0430124454B87B01C70FD
:10E0480044480CF086FD0346D0B9434A4349CDE91C
:10E058000102009022460AF02BFD6FF01203039391
:10E068003F4B0122029300233C491846CDE9003377
:10E078000AF01EFD6FF00D09484607B0BDE8F083B1
:10E088000DF04BF84FF47A72A0FB020302FB013348
:10E09800304EC00BB768DFF8E48040EA4345BB6800
:10E0A800B3B1304698478146A0B93B6C002B49D1A3
:10E0B8002C492D480CF0D6FE00234FF480620093C3
:10E0C8002A490A232A4805F039FDFFF7A3FED3E7BA
:10E0D8006FF057090DF021F84FF47A74A0FB040291
:10E0E80004FB0122C40B44EA4244641BB4F5FA7FE2
:10E0F8004FF00003CDF80C900BD91E4A1846CDE915
:10E1080001320093012215490AF0D2FC6FF0040392
:10E11800A5E703221846CDE90138104900930AF013
:10E12800C7FCB4682369002BFCD0012230460DF1EE
:10E13800170198470028F5D100214FF4A4700CF07E
:10E148005FFFACE702460C4902489847B0E700BFBA
:10E158001E0A01208CBD010005D7010050C0010036
:10E1680086D7010051DE000018D60020D80B012008
:10E1780030CA00201BD70100A5DE000051D70100DE
:10E1880050B103685BB143684BB10069054BC01AD5
:10E1980018BF4FF0FF3070476FF0150070474FF011
:10E1A800FF307047EEFFC00000232DE9F04F0C460A
:10E1B800017B89B005464268079369B1C4E9002329
:10E1C80008222281426803730792AB68002001335A
:10E1D800AB60079B6B6079E0D0F80880B8F1000F5E
:10E1E80005D110460AF075FC08B102326A606F6802
:10E1F8003E78002E71D00D2E51D00A2E02D17B7898
:10E20800002B6AD03A46137892460D2B02F1010290
:10E21800F9D00A2BF7D04FF00009DFF8D0B05BF83F
:10E22800041B08460191FAF7C3FA019902465046C1
:10E238000DF070F9002850D009F10109B9F1040F67
:10E24800EDD10D2E01D00A2E02D17B78002B47D1BB
:10E2580038460AF03EFC002842D102AE3946304624
:10E2680007AAB8F1000F20D10AF0C3FC96E807000E
:10E2780084E80700237ADBB1237A0798053B032B50
:10E28800A3D80178627A0D2903D8174B0B41DB0715
:10E298001FD50AF01EFCE0B9002A96D114E07B785D
:10E2A800DBB10A2BAED1BB78AAE70AF035FDDDE772
:10E2B8003046696807AA00F0A9F896E8070084E8DC
:10E2C8000700237A002BD7D16FF04C0009B0BDE8C6
:10E2D800F08F012A08BF2A7377E76FF00400F5E78B
:10E2E8006FF00A00F2E700BFFEDBFFFFC4C50100C4
:10E2F8002DE9FF411F460023054688461646CDE90D
:10E3080001330393002A6BD0FFF73AFF044688B91C
:10E31800AB68013B99429CBF2B68C5E90130284690
:10E3280001A9FFF741FFAB680446013B984505D9B1
:10E338000028F4D0204604B0BDE8F0810028F9D1C7
:10E348009DF80C30052B06D0082B0CBF6FF03C0451
:10E358006FF05E04EEE70DF073FCDFF88C80052F9C
:10E36800054640F80840019810D103782D2B02D1BA
:10E378006FF02104DEE70A22214606F055FF55F822
:10E388000830222BF4D030607160D3E70A2221468E
:10E3980006F054FE013F0546032F03D8DFE807F0D7
:10E3A8000D10141810F5004341F10001B3F5803F3A
:10E3B80071F10001DCD23580BCE7B0F5803FF7E7AA
:10E3C80010F1004341F100010029D1D13560B1E7D6
:10E3D8000DF036FC58F80030222BC9D03560D3E751
:10E3E8006FF01504A6E700BF0C00000048B141B16A
:10E3F8000023054AC0E900118360C3600261184622
:10E4080070476FF015007047EEFFC0000B78F0B54D
:10E41800392B08D82F2B0AD8202B19D00023C0E974
:10E4280000338360F0BD5A2B0ED8402BF6D90B462B
:10E438000126224F5C785D1C392C30D81F2C14D84B
:10E448000D2C35D02B461AE0613B192BEFD9E5E7A7
:10E458004B785A2B06D8402B02D8303B092BDDD8F5
:10E468000131E4E7613B192BF9E7A4F12003DBB2A2
:10E4780006FA03F33B4219D12C2C2B461CD013F877
:10E48800014C02B113600923A4F12C020372534218
:10E49800A5EB01055341016045604372C2E75F2C5B
:10E4A80004D094BF413C613C192CCBD82B46C1E722
:10E4B8009C780A2CC6D102330133E0E70168FF03D8
:10E4C8001FB5034650B9084A0849CDE90102009032
:10E4D80003220AF0D6FC05B05DF804FB05B05DF830
:10E4E80004EB00F091B800BFD5D7010098C0010037
:10E4F8001FB5044638B100F087F8002004B0BDE825
:10E50800104000F0D9BA00F0CFF80028F5D0074B3A
:10E518002046CDE9014301222346054900940AF02B
:10E52800B0FC6FF0150004B010BD00BF47D8010063
:10E5380098C001001FB5044660B1264B03900293B2
:10E54800002301221846CDE9003323490AF0B6FC1E
:10E5580004B010BD00F0B0F8204B1978204B1878A3
:10E568000AF0A6FC50B11F4B0390CDE901430122EC
:10E5780023462046184900940AF0A0FC1A491B4873
:10E588000AF08EFC50B11A4B03900293002301222B
:10E598001846CDE9003310490AF090FC01200AF032
:10E5A80081FC50B1134B03900293002301221846BB
:10E5B800CDE9003308490AF081FC00200AF074FC18
:10E5C80001210D4802F0BAFE04B0BDE8104000F089
:10E5D8000FBF00BF64D8010098C00100230A0120C2
:10E5E80040C7002099D80100CFD80100D8D8010031
:10E5F800E1D8010002D9010022D90100014805F043
:10E6080073B800BFF0C7002070B50646124D4FF032
:10E61800FF324FF0FF33114804F0EEFF2C6844B985
:10E62800082006F0BDF948B9FFF7E8FF6FF0680069
:10E638000DE063689E4207D02468F0E704604660F6
:10E648006B682BB9C5E90000FFF7D8FF002070BD43
:10E6580018606860F8E700BF28D60020F0C70020DF
:10E6680038B50F4C05462368C3B14FF0FF334FF060
:10E67800FF320C4804F0C0FF23680BB11C681BB9BB
:10E68800BDE83840FFF7BABF28465B6898471CB119
:10E69800226823461446F2E72246FAE738BD00BF4F
:10E6A80028D60020F0C70020024B1868B0FA80F086
:10E6B8004009704728D6002000B595B04021164A79
:10E6C80004A802F09FFE68B1144B03900293002344
:10E6D80001221846CDE9003311490AF0FFFB15B0B5
:10E6E8005DF804FB0F4904A80CF058FF18B101228B
:10E6F8000D4B1A70F3E70D4904A80CF04FFF10B149
:10E708000222094BF5E70A4904A80CF047FF002844
:10E71800E5D00322044BECE735D901003DD90100CF
:10E7280098C001006AD901001F0A012073D90100AD
:10E738007CD90100014B1878704700BF1F0A0120DF
:10E748007FB50023CDE90433064B4FF4A062039351
:10E7580003AB009304490E23044805F0EFF907B012
:10E768005DF804FB89D90100D80F012048CB0020AF
:10E778000048704748CB00202DE9F041B8B0064664
:10E788003822002100252AA80CF082FE0A23302214
:10E7980029461EA8CDE909350CF07AFE4FF0FF3363
:10E7A800314619A8CDE92033CDE90E33FFF71EFE17
:10E7B800012108AA19A80AF012FA0446C8B1994B0F
:10E7C800039001222846CDE9015397492B4600952D
:10E7D8000AF094FB954B012202930023CDE90346EE
:10E7E8001846CDE9003390490AF088FB38B0BDE8F7
:10E7F800F0810AA919A89DF820700AF0D0F90446FA
:10E8080010B18B4B0390DCE75A2F1ED00A9B032BC9
:10E818001BD9022109AB16AA19A80AF0E3F9014687
:10E8280020B9102216A806F099FC21900A2303218A
:10E83800099316AA09AB19A80AF0D4F9014620B918
:10E84800102216A806F08AFC2090042108AA19A80C
:10E858000AF0C5F9002838D19DF8208005210BAAB7
:10E8680019A80AF0BCF90CAA0446062119A80AF04E
:10E87800B6F90B9A44EA0003134310D1219A1846BB
:10E888000592209A684904920C9ACDF81880039250
:10E89800684A0093CDE9013202220AF02FFB07F003
:10E8A800FB05012D14D0372F00F28E80BB1F2B2BB8
:10E8B80045D8614B03970293002301221846CDE9FE
:10E8C800003359490AF01AFB90E74FF00008C5E7F2
:10E8D800002309260721CDE91033CDE913338DF83C
:10E8E80048308DF8543010AA0DAB19A80D960AF0CF
:10E8F80079F9082104460DAB13AA19A80D960AF058
:10E9080071F9044311D122460EAB13A910A800F0E7
:10E918000FFC50B1494B0390CDE901432A462346E9
:10E928002046414900940AF0E9FA012F01D0052F49
:10E93800BCD1209B01334DD0414804F057FFFFF76D
:10E94800B3FE00287FF452AF3E4B1A78BA4207D084
:10E958008DF8A8002AA81F708DF8B070FFF780FE08
:10E96800394B20999A68914203D1DB68219A9A42DF
:10E9780019D00423344D1EAC8DF8A8300FCC0FC528
:10E988000FCC0FC594E80F001EAE85E80F000FCE20
:10E998002CAD0FC50FCE0FC594E80F0085E80F000A
:10E9A8002AA8FFF75DFE294A137843451ED0B8F11F
:10E9B8000E0F05D844F2812323FA08F3DB070BD4A2
:10E9C800234BCDF80C8076E7A7F15A03012B3FF6CD
:10E9D80070AFB4E70427B2E705232AA882F80080BD
:10E9E8008DF8A8308DF8B080FFF73AFE07F0FB03EA
:10E9F800012B0AD0002F7FF4F9AE4FF0FF33CDE999
:10EA08000E330EA800F0EAFAF0E60E9B0133F8D1B7
:10EA1800FFF7AEFE044600F0E7FC014620460CF086
:10EA28003DFAE3E697D9010098C0010093DA0100A6
:10EA3800C4D9010013DA0100BFDA010066DA010067
:10EA480040C80020200A012060CC0020210A0120B3
:10EA5800E7DA010030B5002587B00446059500B314
:10EA68001149124805AB0DF1120202F0B3FD00285E
:10EA78000EDC0F4B0390CDE9015328462B460122AB
:10EA88000C4900950AF03AFA6FF00D0007B030BD56
:10EA9800059B002001330CBF04239DF8123023701E
:10EAA800F4E76FF01500F1E7FCDA010019DB01006B
:10EAB80097D9010098C001002DE9F04107464FF0B1
:10EAC8000108354D86B0D5E8EF4FC5E8E38F002B38
:10EAD800F9D17CB1314B0222029300233049184608
:10EAE800CDE900330AF00AFA6FF07604204606B042
:10EAF800BDE8F0810DF11700FFF7ACFF98B1294B85
:10EB08004246CDE9014320462346254900940AF0B0
:10EB1800F5F96FF00D040023D5E8EF2FC5E8E13FC4
:10EB28000029E3D0F8E79DF8173003F0FB03012B29
:10EB380001D10024EFE70DF1160000F067F8064652
:10EB48000028E6D1184804F0B1FE404600F08AF8E3
:10EB580004460028DFD1002FEBD04FF09672002337
:10EB6800114804F07DFE10F10B0F044610D10F4B35
:10EB78000322CDE9016330463346094900960AF07D
:10EB8800BDF96FF073049DF8160000F06BF8C2E74A
:10EB98000028F8D1CDE700BF30D6002023DB0100E4
:10EBA80098C001003FDB010040C8002069DB01007C
:10EBB8001FB50A4802F0C2FB60B1094B03900293EB
:10EBC800002301221846CDE9003306490AF096F9D8
:10EBD8006FF00D0005B05DF804FB00BF8EDB01008F
:10EBE80099DB010098C0010008B5FFF7E1FF48B9BB
:10EBF80000F0EEF830B9044B1B781BB1BDE80840B3
:10EC080000F076B908BD00BF220A012010B50446FD
:10EC180086B0E0B10F4910480DF1160202F0DAFC97
:10EC280001284FF000030DD00C4A0390CDE90132C2
:10EC3800184601220A4900930AF06FF96FF00D0097
:10EC480006B010BDBDF8162018462270F8E76FF020
:10EC58001500F5E7D6DB0100E1DB0100EADB010086
:10EC680098C0010004287FB504462BD9A0F11406EA
:10EC7800F6B21A2E0DD9294B0122029300232849F6
:10EC88001846CDE9003303940AF047F96FF01500F0
:10EC980016E00125234BB5401D402DD1012EEAD1A8
:10ECA800FFF7A2FF40B3204B0390CDE901532B4659
:10ECB8000095012218461A490AF02FF96FF00D0045
:10ECC80004B070BD0428D6D801A353F820F000BFC3
:10ECD80001ED0000EDEC0000EDEC00007FEC000021
:10ECE80001ED0000FFF780FF30B10F4B0390029356
:10ECF8000023CDE90033DCE721460C4802F01EFB77
:10ED08000028DDD00A4B012202930023044918464B
:10ED1800CDE900330AF001F9D0E700BF4FDC01006C
:10ED280098C00100010C300725DC01006BDC0100F4
:10ED380076DC010010B5044698B0382200210AA8F4
:10ED48000CF0A6FB214605A8FFF750FB012104AAF9
:10ED580005A809F044FF0446B8B1194B0390029383
:10ED6800002301221846CDE9003316490AF0E5F8D8
:10ED7800154B01220293002312491846CDE90033AE
:10ED880003940AF0DAF818B010BD049B73B1012B94
:10ED98000CD003930D4B0122CDE901030949034629
:10EDA80000900AF0CAF86FF01504E1E78DF83030EA
:10EDB80003230AA88DF82830FFF752FCE3E700BFC9
:10EDC800AFDC010098C00100F4DC0100D8DC0100D0
:10EDD8001FB50A4802F0B2FA60B1094B03900293DA
:10EDE800002302221846CDE9003306490AF0A5F8A7
:10EDF8006FF00D0005B05DF804FB00BF58DD0100A1
:10EE08001BDD010098C0010070B594B0044638229B
:10EE1800002106A80CF03CFB0B2300252E4E8DF894
:10EE28001830083456F83500F0B12146F9F7AEFC31
:10EE3800B8B92A4B13F835308DF820300B238DF8EC
:10EE480018309DF82030012B42D1FFF773FC0328BE
:10EE58003ED040F6CD420023214804F0D9FE14B03C
:10EE680070BD0135082DDDD120461E4903AA05F0E5
:10EE780095FE012806D106238DF82030039B8DF8D6
:10EE88002430DBE70223059305AB0093204616499F
:10EE980004AB03AA05F082FE01280CDD08238DF8D7
:10EEA8002030039B8DF82430049B8DF82530059B7A
:10EEB8008DF82630C2E720460C4903AA05F06EFEFD
:10EEC8000128CCD109238DF82030039B0993B5E79D
:10EED80006A8FFF7C5FBC2E7D8C50100D4C50100E5
:10EEE80080C5002063DD010077DD01009DDD0100A4
:10EEF80008B5084802F022FA20B901220020064B82
:10EF08001A7008BD054802F019FA0028F5D06FF00C
:10EF18000D00F6E7B3DD0100220A0120BFDD010084
:10EF280030B5431E072B05460C4685B00ED9204B3D
:10EF380003900293002301221846CDE900331D49AE
:10EF48000AF01DF86FF0150005B030BD042902D98C
:10EF5800194B0391EDE708281CD151B1174B012239
:10EF68000293002313491846CDE900330AF007F845
:10EF7800E8E7134802F0E2F9A8B1124B0122029324
:10EF880000230C491846CDE9003309F0F8FF6FF06B
:10EF98000D00D9E70C4B5A5C0C4B53F820100C4869
:10EFA80002F0CCF9E8E70B4B1D700B4B1C70CBE75C
:10EFB80048DE010098C001006ADE01008FDE010012
:10EFC800D5DE010005DF01001FDF010014C60100C6
:10EFD800EFDE010040C70020230A012010B50446D7
:10EFE8008EB03822002168460CF052FA0C4B21688A
:10EFF8001A68914203D162685B689A420DD0012376
:10F00800206861688DF80030054B03C3206861688B
:10F0180002AB03C36846FFF723FB0EB010BD00BF69
:10F0280034D6002038B50C46054640B931B30846F9
:10F03800F9F7BEFB082816D06FF0150012E0F9F7B3
:10F04800B7FB0828F8D18CB12046F9F7B1FB08289E
:10F05800F2D129460B48F9F7A3FB21460A48F9F7EC
:10F068009FFB002038BD074B1D70F6E72946054871
:10F07800F9F796FB0022044B1A70F2E7014B19705E
:10F08800F8E700BF41C700204AC700201FB568B392
:10F098001748F9F78DFB04461648F9F789FB082C41
:10F0A8001BD1082814D1134A1149134802F046F914
:10F0B80060B1124B03900293002301221846CDE958
:10F0C80000330F4909F06BFF6FF00D0004B010BD5D
:10F0D80007490C4802F032F9EAE7082802D1054945
:10F0E8000948F7E7094802F029F9E1E70848FAE78B
:10F0F80041C700204AC7002048DF01008FDF010018
:10F1080098C001005FDF010071DF010084DF0100AA
:10F118009CE00100002208B511460346034802F0AE
:10F128000DF9002818BF6FF00D0008BDBEDF010003
:10F138002DE9F0411E46002386B007460D461446C9
:10F148000593F9F735FB08283DD12846F9F730FB38
:10F15800082838D124B12046F9F72AFB082832D1EB
:10F168002A88AB780021ADF8142005A802228DF872
:10F17800163005F0F3FF2A4B022253F820800021B5
:10F18800E81C05F0EBFFB8F1000F21D14FF0FF3379
:10F19800336014B32288A378ADF81420002102222A
:10F1A80005A88DF8163005F0D9FF1E4B53F82050EE
:10F1B8005DBB1D4B0122CDE9015328462B461B4957
:10F1C800009509F0ECFE6FF0150006B0BDE8F0817F
:10F1D80000FB08F030600130DBD03A88BB780021B2
:10F1E800ADF8142005A802228DF8163005F0B6FFF8
:10F1F8000F4B022253F820400021F81C05F0AEFF07
:10F208005CB1444300207460DFE702220021E01C67
:10F2180005F0A4FF45433560DFE74FF0FF34F1E721
:10F2280074C6010054C60100D3DF010098C0010074
:10F2380034C601002DE9F047002496B00D46064675
:10F24800CDE90844CDE90B44CDE90E448DF82840BA
:10F258008DF834408DF840400594002800F08C80EB
:10F26800002900F08980DFF83081A0214046444A17
:10F2780088F8004002F0C6F8074678B1414B039081
:10F28800CDE901432046234601223F49009409F075
:10F2980086FE6FF00D0016B0BDE8F087414611A854
:10F2A800FFF7A4F8012105AA11A809F098FC044663
:10F2B80048B1364B0122CDE901733B4603900097D4
:10F2C800184631490CE0059B23F00407012F0CD0A8
:10F2D80003932F4B0222CDE9010303462A490090EC
:10F2E80009F05DFE6FF04C00D5E74FF0090A0E21DA
:10F2F80004AB08AA11A8CDF810A009F073FC814648
:10F3080038B1224B0390CDE90143234600943A4695
:10F31800D6E70F2104AB0BAA11A8CDF810A009F06D
:10F3280061FC804638B1194B0390CDE90193CDF8C3
:10F3380000904B46EBE7102104AB0EAA11A8CDF8BC
:10F3480010A009F04FFC044638B1104B0390CDE9EA
:10F358000183CDF800804346D9E706AB0EAA0BA976
:10F3680008A8FFF7E5FE10B10A4B0390CBE7069B10
:10F378003360079B2B608EE76FF015008BE700BFAB
:10F38800F3DF010000E0010098C001001DE001006A
:10F3980042E0010066DA0100240A012010B50F4B93
:10F3A80086B004AC93E8030084E80300204605A96E
:10F3B800FFF740FF68B14D3009D0094B0122029395
:10F3C800002308491846CDE9003309F0E8FD06B0E6
:10F3D80010BD2046FFF702FEF9E700BF40C101005B
:10F3E8007EE0010098C0010000487047C8C60020B0
:10F3F800042310B58EB0ADF82E3010231B4C01201D
:10F40800214605AAADF8363003F026F910BB21468F
:10F41800022006AA03F020F90346F8B101230220CE
:10F4280006A90EAA02EBC30333F80A2C0AF07AFCE9
:10F4380070B10CF005FC0E4B01221B580D490393CB
:10F448000D4B029300231846CDE9003309F0B6FDB1
:10F458000EB010BD0023012005A9E2E7074A0549BF
:10F46800CDE90102039401220090EFE7A6E0010034
:10F478000C00000098C00100AEE00100D9E00100D6
:10F48800FF281CBF034B1870034B1B680BB10148C6
:10F4980018477047C40A012044D6002010B50378E5
:10F4A80083B9037A03F0FB03012B0BD109F09BFD11
:10F4B80040B9BDE810404FF4004200230249034818
:10F4C80004F0ACBB10BD00BFB0C5002098CC002034
:10F4D800012270B50F4BD3E8EF1FC3E8E42F002CCF
:10F4E800F9D1B1B94FF47A734FF4004503FB00F436
:10F4F80040F2E7304FF47A720023E4FB0501F9F794
:10F508002BF9BDE8704002460B460348034904F056
:10F5180085BB70BD40D6002098CC0020B0C5002027
:10F528000022054BD3E8EF1FC3E8E02F0028F9D1EC
:10F538004FF46150FFF7CCBF3CD600207FB50023C5
:10F54800CDE90433084B4FF4A062039303AB07499A
:10F55800009307480E2304F0F1FA0648FEF7B0FFBF
:10F5680007B05DF804FB00BF08E10100D8140120D2
:10F5780098CC0020A5F40000034AD2E900321343D6
:10F5880014BF01200020704790CC002010B5104C0B
:10F59800D4E90032134302D16FF03C0010BD0BF0E8
:10F5A800BCFD4FF47A72A0FB020302FB0131C30BCE
:10F5B80043EA4143D4E900209B1A064A4FEAD13175
:10F5C80061EB0001934271F10001E5DA0020E5E703
:10F5D80090CC002080EE36002DE9F043154610222D
:10F5E80093B080460F460DEB020000211E460BF03B
:10F5F8004FFF242200210DEB02000BF049FF0BF016
:10F608008CFD4FF47A724FF00009A0FB024302FB15
:10F618000131DFF894C01F4BE40B44EA4144C90BA5
:10F628001E60CCE90041FFF77BFF1B4BD3E8EF2FAF
:10F63800C3E8E19F0029F9D1404639464FF47A7270
:10F648000023F9F739F8154BCDE904015A4306921E
:10F65800012004A9FAF78CFA88B1114B0390CDE97F
:10F66800019348464B4601220E49CDF8009009F017
:10F67800BCFC0320FFF704FF13B0BDE8F08309A921
:10F6880004A805F0BBF91DB1314609A800F020FA1D
:10F698002846EFE7D8C600203CD6002040420F009D
:10F6A80019E1010070C0010090CC0020014B1B68DB
:10F6B800FFF792BFD8C6002030B587B0FFF766FFC6
:10F6C80038B9FFF72DFFFF2007B0BDE83040FFF73E
:10F6D800D7BE00221C4BD3E8EF1FC3E8E02F002859
:10F6E800F9D163230024002501A902A8CDE9024528
:10F6F800019300F0A3F9024630B9DDE90201019B4C
:10F70800FFF76AFF07B030BD04A8CDE9044500F053
:10F718001FF828B9DDE904010122FFF7C7FFF1E767
:10F728000A4BD3E8EF2F511CC3E8E01F0028F8D19B
:10F73800002A05DBFFF7F4FE0320FFF7A1FEE1E74F
:10F748003C20FFF7C5FEF7E740D600203CD6002056
:10F758002DE9F047A4B007460FA809F0A7FB064615
:10F7680068B1424B03900293002302221846CDE968
:10F7780000333F4909F048FC6FF03C0571E09DF803
:10F788003C3003F0FB03012BF6D1DFF8FC80DFF8F7
:10F79800FCA0DFF8EC90542200210FA858F8044B85
:10F7A8000BF076FE4FF4806351461093204605AB6C
:10F7B8000FAA08F0B4FA0546C0B12E4B0390029385
:10F7C800002302221846CDE90033294909F01CFC20
:10F7D80056B1294B02220293002325491846CDE948
:10F7E800003309F011FCC7E70126D4E7059B06A8FA
:10F7F800D3E90621FAF7AEFF044688B11F4B039000
:10F80800CDE901532B46009518460222184909F004
:10F81800FBFB059808F0FDFA06A808F086F9D7E77B
:10F8280041F28831164A06A8FBF734F8054630B18C
:10F83800144B0390CDE9014300942346E4E705986F
:10F8480008F0E7FA06A808F070F94FF47A71D9F8C9
:10F858000030D9F80400A3FB013201FB0022C7E9FC
:10F868000032284624B0BDE8F08700BF37E1010028
:10F8780070C0010075E10100B7E101008CE10100F1
:10F88800B0CD0020A1E1010094C6010071E10100A2
:10F89800012801D0152803D1024903480BF0FEBA0C
:10F8A800704700BFDCC6002098CC00201FB509486F
:10F8B80001F044FD50B1084B03900293002301224C
:10F8C8001846CDE90033054909F0AEFB05B05DF8EF
:10F8D80004FB00BFF7E1010003E2010070C0010072
:10F8E80070B501264F4B92B005461E70FFF74EFECD
:10F8F80078B12C2128460BF0E3FD044658B94A4B51
:10F908003246CDE90103034648490395009009F0C2
:10F918008BFB12B070BDF8F74BFF102809D8444B89
:10F9280003950293002332461846CDE900333F4938
:10F93800EDE76378222B02D03E4B0395F1E70723CE
:10F948000E2107AAA01C07F0E6FE06280CD83A4BA1
:10F95800CDE903050293002332461846CDE900336A
:10F96800324909F061FBD4E79DF81C109DF81D2071
:10F9780001F00F0303EB8303090901EB430102F0D4
:10F988000F0303EB8303120902EB43029DF81E30B9
:10F99800C9B203F00F0000EB80001B0903EB400322
:10F9A800DBB20C939DF81F30D2B203F00F0000EBCE
:10F9B80080001B0903EB4003DBB20B939DF820305A
:10F9C800013A03F00F0000EB80001B0903EB400332
:10F9D800DBB20A939DF82130643103F00F0000EB8D
:10F9E80080001B0903EB40039DF82200DBB209935A
:10F9F80000F0070303EB8303040904EB4304030744
:10FA080009A84FF47A7548BF64420D920E91FAF72F
:10FA1800FDF9A0FB05062346002205FB0161FFF75F
:10FA2800DBFD76E7C50A01203FE2010070C0010056
:10FA38006CE201008FE20100C6E20100632370B5A9
:10FA480090B006931D4B04461B780D46EBB106ABF0
:10FA580007AECDE9036308AB029309AB01930AAB88
:10FA6800009317490BAB17480CAA01F0B3FD831F8D
:10FA7800012B0ED9144B039002930023022218463F
:10FA8800CDE90033114909F0CFFA6FF03C0010B00E
:10FA980070BD0C9B304664330C930B9B4FF47A7605
:10FAA800013B0B93FAF7B2F9A0FB060206FB012211
:10FAB800069BC4E9000200202B60E8E7C50A012084
:10FAC80008E3010024E301002DE3010070C00100F8
:10FAD800F0B5124B85B01C78F4B9D0E9042664253A
:10FAE80096FBF5F70391036805FB176102934368DA
:10FAF8000132019383680093C368094801F01EFC32
:10FB080050B1084B0390CDE901430122234620461A
:10FB18000549009409F088FA05B0F0BDC50A01202E
:10FB2800C1E30100EEE3010070C001001FB50378D6
:10FB3800014673B1084801F001FC50B1074B03902E
:10FB48000293002301221846CDE90033044909F045
:10FB58007AFA05B05DF804FBA3C9010013E40100BB
:10FB6800A0C001001FB568B1124B03900293002397
:10FB780001221846CDE900330F4909F064FA05B0AF
:10FB88005DF804FB0D48FFF7D1FF0D48FFF7CEFFE6
:10FB98000A48FFF7CBFF0948FFF7C8FF0748FFF7F8
:10FBA800C5FF0648FFF7C2FF044805B05DF804EB3F
:10FBB800FFF7BCBFD4D50100A0C00100DCCB010019
:10FBC80039E401001FB50A490A4809F06BFA0446EE
:10FBD80050B1094B03900293002301221846CDE946
:10FBE8000033064909F04EFA204604B010BD00BFA4
:10FBF80041FF000048D600205FE40100C8C00100B2
:10FC08002DE9F041DFF82C830E46D8F8704086B015
:10FC1800072C00F0080700F08780132C00F00581FE
:10FC2800052C40F038810024A84BD8F85450012204
:10FC3800029320462346CDE90044A54909F022FA5B
:10FC4800EB0462D5A34B2046CDE90143009423463B
:10FC580001229F4909F016FA172428050AD59E4B58
:10FC68000122029300239A491846CDE9003309F08E
:10FC780009FA1824A9051AD50024984B01220293E1
:10FC880020462346CDE90044914909F0FBF9944BFD
:10FC98002A049B6B0AD50393924B0122CDE90143B9
:10FCA800204623468A49009409F0ECF919246B058B
:10FCB8000AD58D4B01220293002385491846CDE9C8
:10FCC800003309F0DFF91A2415F480731FD0874B2D
:10FCD8000122029300237E491846CDE9003309F03A
:10FCE800D1F91B24F369002F40F0EB80C3F308021D
:10FCF80022B96FEA53236FEA4323F3613146204662
:10FD080006B0BDE8F041FAF751BE1624A5E7A804ED
:10FD1800E8D5774A1846CDE901326D4901220093AA
:10FD280009F0B0F91C24DDE70025724BD8F85C40D7
:10FD38006749029301222B462846CDE9005509F070
:10FD4800A1F961060CD5D8F86830012203936A4BF3
:10FD58002846CDE901535E492B46009509F092F9F2
:10FD680014F001020BD0654B01220293002358497D
:10FD78001846CDE9003309F085F92624B2E714F0D6
:10FD880002030BD05E4B0092CDE901231346504984
:10FD98000122184609F076F92724A3E714F0040293
:10FDA8000AD0584A1846CDE9013249490122009340
:10FDB80009F068F9282495E714F008030BD0524B92
:10FDC8000092CDE90123134641490122184609F062
:10FDD80059F9292486E714F010020AD04B4A18462C
:10FDE800CDE901323A490122009309F04BF92A245E
:10FDF80078E714F020030BD0454B0092CDE901239E
:10FE0800134633490122184609F03CF92B2469E7C7
:10FE1800220654D53F4A1846CDE901322C49012221
:10FE2800009309F02FF92C245CE700253A4BD8F809
:10FE38006C800122029328462B46CDE900552449BF
:10FE480009F020F918F0020F09D0344B0122CDE94E
:10FE5800015328462B461E49009509F013F918F05E
:10FE6800010F09D02E4B012202930023184918468E
:10FE7800CDE9003309F006F918F0040F3FF432AF6A
:10FE8800284B01220293002311491846CDE900337B
:10FE980009F0F8F826E7244A244B0D490F2CC8BF6F
:10FEA8001346103CCDE903340024214B0122029370
:10FEB80020462346CDE9004409F0E4F812E725245A
:10FEC80010E723F4FF7323F0010316E7F5D10100CF
:10FED800C8C001000BD2010066D101001CD201008C
:10FEE80000ED00E035D201004AD2010065D20100E0
:10FEF800C6D1010099E40100B2E40100C2E40100A6
:10FF0800D8E40100F6E4010011E501002EE5010046
:10FF180043E501005DE5010070E501008AE50100A7
:10FF2800BAE50100E8E5010089D3010074D30100B6
:10FF38006AD4010048D6002000B5104B9BB05A6A1D
:10FF4800D86C00929A6A20F005000192DA6A694634
:10FF580002921A6B03925A6B04929A6B0592DA6BAF
:10FF680006921A6C1B6D07929B0748BF40F004006D
:10FF7800FFF746FE1BB05DF804FB00BF48D6002023
:10FF88002DE9F041A2B005460E46174698460AF0FC
:10FF980099FF70B9114B1B785BB14FF0FF324FF0EE
:10FFA800FF330F4803F028FB044618B16FF08305B0
:10FFB80010E00124684607F0ECFD42463946304619
:10FFC800289BA8470546684607F0FBFD14B9044876
:10FFD80003F08AFB284622B0BDE8F081D40A01204C
:10FFE8002CC80020002300B589B0CDE9063303AB47
:08FFF800049304230390059318
:020000040001F9
:10000000A9B10B6806934B6807930223111E18BF12
:1000100001210848CDE9002140F2F53104AA00F0A1
:100020002FF80028B8BF012009B05DF804FB0123B8
:10003000ECE700BF0501004070B5402696B006AB66
:1000400005460C463246002118460BF025FA4FF4BF
:100050008072CDE90206CDE90454ADF8402054B1D8
:10006000012304AA009200210448019302AA00F08F
:1000700007F816B070BD2046FBE700BF0001004046
:1000800010B4B1F5004F029C0FD2042B0DD8042CF4
:100090000BD8240444EA0364134644EA01020146EF
:1000A0005DF8044B0348FFF76FBF6FF080005DF809
:1000B000044B7047217C00002DE9F0470A688B68EB
:1000C00006465C1CD018D35C0F46222B144440F02B
:1000D000E18025460023D1F804C0A91A614580F0CB
:1000E000D9802978222919D1C3F10103281A3A6944
:1000F000184490478146002800F0CC808046AC42EE
:1001000016D3002388F8003010230120C6E90339F4
:100110003B68ED1A0135BD60BDE8F0875C2905D16B
:100120000135A91A614580F0B58001330135D4E766
:1001300023785C2B06D0013408F1010288F80030E6
:100140009046DCE76378752B0AD86D2B0FD8622BAD
:100150002AD023D82F2B39D05C2B37D0222B35D067
:1001600048467B6998473B68E41ABC6095E06E3B63
:10017000072BF5D801A252F823F000BFB50101000A
:10018000610101006101010061010100BD01010087
:1001900061010100C5010100D3010100662BDFD11F
:1001A0000C2308F1010202E0082308F101020221F8
:1001B0000C44C3E70A2308F10102F8E70D2308F114
:1001C0000102F4E7092308F10102F0E708F1010256
:1001D000EDE72B1B052BC3DDA01C08F092FFA0F55B
:1001E0005C43B3F5806F8246BAD3A0F55843B3F5AC
:1001F000806F2CD2A31DEB1A052BB1DDA3795C2BEC
:10020000AED1E379752BABD104F1080008F079FF8A
:10021000A0F55C43B3F5806FA2D20C21204BC0F354
:10022000090003EA8A23034303F5803AF0200422FD
:1002300002F1FF3C58FA8CFCE0455FFA8AF320D1CA
:10024000012A14BF034303F07F034244B0E77F2831
:100250000BD9B0F5006F0CD3B0F5803F0DD3B0F5DE
:10026000881FBFF47DAF0621E0E7062100200122B0
:10027000DEE70621C0200222DAE70621E020032281
:10028000D6E703F03F0363F07F030CF801394FEA30
:100290009A1AD1E7002C7FF466AF00203CE700BF3C
:1002A00000FC0F0070B504460F4D04B970BDE36843
:1002B0002668D90504D4A06870B920696B6888B92C
:1002C000E3689B0503D4206A08B16B689847204611
:1002D0006B6898473446E8E7FFF7E4FFE368DA0520
:1002E000EBD5EDE79847EBE7ECC600202DE9F043AE
:1002F00005464FF0000989B02F4F0C4616460021E5
:100300001C2201A898460BF0C7F8C7E9009925B947
:100310000024204609B0BDE8F083002C3DD0274BD7
:10032000CDE9015493E8070008AB03E9070008F0A2
:100330005CFF0446002830D0019850B1039BE3B91C
:10034000029B042B04D903221D490BF0E7F888B166
:1003500001A808F0F5FE01462046F8F785FBC8B174
:10036000B8F1000F0BD1002ED3D0019B039A134498
:100370003360CEE703230393EAE74846E9E701A8A1
:1003800008F0DEFEDDE90223934203D2019AD35C3A
:10039000002BE8D02046FFF785FFDDE902239342DA
:1003A00001D332B1531E0EB1EA183260C7E90053CF
:1003B000AEE71346F7E700BFBCD60020ECC600202E
:1003C0003EE60100054AD2F8883043F47003C2F8D3
:1003D0008830BFF34F8FBFF36F8F704700ED00E0A1
:1003E000014B1860704700BFC4D6002010B5054B04
:1003F0001446186808F044FF0028A4BF20700020AD
:1004000010BD00BFC4D600200123024A8340C2F8B9
:100410000435704700700140014B00201B681847ED
:10042000C8D60020014B1B68184700BFC8D6002063
:1004300010B50C4C237993B9012323710A4B002882
:10044000206018BF184600F041F850B923680748EB
:10045000002B08BF1846BDE8104000F093B86FF0BD
:10046000770010BDC8D60020190401002504010042
:1004700008B5064B1B6843B10520FAF757FF20B9B2
:10048000BDE808400520FAF72FBF08BDC8D60020F8
:1004900038B501230C4C42F21075C4F80833636080
:1004A0000023C4F80031D4F80031D4F80C24D4F877
:1004B0000C34D20306D5DB0704D5012008F0DEFE9C
:1004C000013DF2D138BD00BF00500040054B02464F
:1004D000187918B91A6001221A7170476FF0770005
:1004E000704700BFD0D6002000220B4B0B49C3F849
:1004F0000021D3F8002101221A60096811B1C3F864
:1005000004237047D3F80021002AFBD00022C3F84F
:100510000021D3F80031704700500040D0D60020B1
:10052000094BD3F80423D2070DD5D3F8002152B1DB
:100530000022C3F80021D3F800210122C3F80823C8
:10054000024B1B681847704700500040D0D600206F
:1005500038B502230A4C42F21075C4F8083301235F
:10056000E3600023C4F80431D4F80431D4F818341B
:10057000DB0304D5012008F081FE013DF6D138BD32
:1005800000500040064B0246187930B91A6001222B
:100590001A71044BC3F8182570476FF07700704745
:1005A000D8D600200050004010B51F4B1F4CD3F888
:1005B0001814D3F8182411F4803F19D002F0030264
:1005C000022A04D0012A01D0FFF7C2FF0122164BF4
:1005D000C3F818250022C3F80421D3F8042101220E
:1005E0009A6022688AB9D3F80421002AFBD014E06B
:1005F000D3F81424D207E9D5D3F81C2402F003025F
:10060000013A012AE0D822681AB10222C3F8042371
:1006100010BDD3F80421002AFBD00022C3F8042126
:10062000D3F80431F4E700BF00500040D8D60020D2
:10063000F8B501261A4C1B4FD4F8045305F00205F7
:1006400005B9F8BDB5FA85F0C0F11F00830003F5C8
:1006500080739BB203F1804303F5A043196806FA47
:1006600000F225EA02050029EAD0002101281960DC
:100670001B68C4F808230ED1D4F81834D4F8183401
:1006800003F00303012B06D10222C4F81825C4F895
:100690000423A360D4E73B68C0B29847D0E700BF0B
:1006A00000500040D8D60020036803F01F025B0909
:1006B0000260024818BF0020704700BF0025844038
:1006C000024611F0010004D003490B6A13600B626B
:1006D00003B90020704700BF0025844073B5CEB237
:1006E00000EB4606B38A0446DB070D4625D508F025
:1006F000ECFEB38A9A0608D55A0B236803EB8203F3
:100700000022C3F81025C3F81025204600242946EE
:1007100008F08DFEB48201A80195FFF7C5FF019B8B
:1007200000EB8300D0F80022054B134043F0020396
:10073000C0F80032204602B070BD6FF01500FAE735
:10074000F0F8FCFF70B590F86C40054690F86D60CD
:1007500024BB2146402214300AF09EFE2146114B54
:10076000286853F836608E420ED10024C0F87C41D0
:10077000D0F87C3140F30730FAF7B6FD012320466C
:1007800085F86C30AB6570BDCBB29B0003F5807211
:100790007C2B04BF845083580131E4E76FF077006D
:1007A000F1E700BF9CC6010090F86D00024B03EB1F
:1007B000800008F07FBD00BFFCC6002010B5064BCE
:1007C00090F86D000C4603EB800008F059FD0028FE
:1007D000A4BF2070002010BDFCC600202DE9F04F02
:1007E000814659F804AB90F86D60DAF80413574C61
:1007F000C9B2804654F83620504687B041F00041D7
:1008000008F03CFE051E23DA00234FF0010B049391
:1008100004EBC6035B6804A8194604EBC604019305
:10082000FFF74EFF231D0293029B1B78D90701D5CA
:10083000049C9CB94FF000410022504608F01EFE77
:10084000019904A8FFF73CFF0028EDD125F00045F1
:100850000124002D63D107B0BDE8F08F94FAA4F411
:10086000B4FA84F408EB44039F8AE00804AB1B5CF1
:1008700004F007020BFA02F223EA020304AA13545B
:1008800005A80594FFF710FF059BB908803350F8C1
:100890002330C7F382064A073746C3F3014322D504
:1008A0003A4648462146DEB208F0A4FD05A8059464
:1008B000FFF7FAFE059B803350F82330C3F3014362
:1008C0009E4207D10021204608F085FD3146204692
:1008D00008F081FD05A80594FFF7E6FE059B0BFADD
:1008E00003F30362A4E7022B0DD10321204608F095
:1008F00072FD06F00503012BECD13A46214648462D
:1009000008F078FDE6E702212046039308F063FD36
:10091000032EF2D0039B032BDCD1022EECE795FAD9
:10092000A5F3B3FA83F304FA03F225EA020503F50B
:10093000A2725AF8222008EB43034846B3F85C1031
:10094000C2F3014208F056FD83E700BF9CC60100D8
:10095000F8B5084D0F462C79164644B92A20FAF707
:10096000C3FC012320462B712F60AE60F8BD6FF0F1
:100970007700FBE7E0D60020002330B50D4A50F8A1
:10098000234003F5A2710133082B42F82140F6D130
:100990000023084A00F11C0103F5B27451F8045F0A
:1009A0000133082B42F82450F6D1036CC2F804330B
:1009B00030BD00BF00A0024038B50024154D2A20EC
:1009C000C5F81045C5F81445C5F81845C5F81C45C7
:1009D000C5F82045C5F82445C5F82845C5F82C4577
:1009E000C5F89045C5F89445C5F89845C5F89C45A7
:1009F000C5F8A045C5F8A445C5F8A845C5F8AC4557
:100A0000FAF780FC4FF0FF33C5F80833024B1C7136
:100A100038BD00BF00A00240E0D600200123024AFA
:100A20008340C2F80433704700A002400123024A09
:100A30008340C2F80833704700A00240F8B5012691
:100A400000270B4B0B4DD3F80C4304B9F8BD94FAB7
:100A5000A4F0B0FA80F006FA00F324EA0304064B8F
:100A600082009F502B68002BEFD0A9689847ECE7D5
:100A700000A00240E0D6002000A1024037B50125C9
:100A8000074C4FF4FA70656107F064FE0023636160
:100A90000193256123690193019B03B030BD00BF21
:100AA0000056004030B50E4D89B0036A02AC00908C
:100AB0008DF804300FCD0FC495E8030084E80300DF
:100AC000684608F098FE40B9044602AD55F8043B6C
:100AD000984710B90134062CF8D109B030BD00BFD9
:100AE00048C10100034BD3E8EF2FC3E8E10F002911
:100AF000F9D17047ECD6002038B50546002850D013
:100B0000436A002B50D0836A002B4DD00124294B1F
:100B1000D3E8EF2F002A03D1C3E8E14F0029F7D132
:100B200045D1686A00F04EF8FCF7CCFB224BC82098
:100B30009C6607F00FFE2846FFF7B4FF044640B955
:100B400001221D4B0220DA66FFF7CCFF002420466D
:100B500038BDFFF793FF002C11DBAB6A20469847A6
:100B6000164B9C421AD013DCA4F18864033C012C80
:100B700011D82846FFF796FF04460028E0D001224E
:100B80000D4BDA66FCF7B6FB0020FFF7ABFFDEE7A4
:100B90000B4B9C42EDD06FF00404F0E76FF00A04B9
:100BA000EDE76FF00D04D2E76FF01504CFE74FF0DB
:100BB000FF34CCE7ECD60020005000400500400494
:100BC00001005005014B1860704700BFF0D60020AF
:100BD00007B5044BCDE900011B686846984703B090
:100BE0005DF804FBF0D60020014B1870704700BF81
:100BF000C60A0120024B1878431E584258417047DC
:100C0000C60A012070B503680446033BDBB20A2B19
:100C100003D8094A52F823502DB9A06858B1BDE84D
:100C2000704000F01DB808F02AFE21682B46BDE890
:100C30007040090C184770BDACC60100014B5B69E0
:100C4000184700BF04C70020014B1B68184700BFAE
:100C500004C70020014B5B68184700BF04C7002091
:100C6000014B1B69184700BF04C70020014B9B685C
:100C7000184700BF04C70020014B1B6A184700BF7C
:100C800004C70020014B5B6A184700BF04C700205F
:100C9000014B1868704700BFF4D60020002230B521
:100CA0000B4B19680C6894420FD001EBC2039D688E
:100CB000A8420BD14FF003020433D3E8CF1F002921
:100CC00003D1C3E8C02F0028F7D130BD0132EAE7D5
:100CD00014D700202DE9F041002406460F46204697
:100CE000DFF854803368A34201D8BDE8F08106EBF9
:100CF000C4056B68DBB2012B16D16A68B8F8003006
:100D0000B3EB124F10D1022FA8680FD1FFF77AFF73
:100D100001206B6823F0FF0343F003036B60B8F816
:100D200000300133A8F800300134DBE70168090C1A
:100D300008F055FDECE700BF6CDB002010B5074C58
:100D400002216068FFF7C6FF0028F9D10121206861
:100D5000FFF7C0FF0028F3D110BD00BF1CD7002053
:100D600070B5072860D8DFE800F00B5F475F435F8E
:100D70003C0402F037FA0320BDE87040FCF76ABA81
:100D800003202A4BD3F81446D3F81866284B1D7855
:100D90001870EDB2FFF728FF012D10D1254B264A20
:100DA0009C4212D0230C1B04B3F1886F0DD0A4F524
:100DB0008033203B022B0FD96FF0040313603146C0
:100DC000C4F30B00FFF704FF00E014601B4B18682E
:100DD00007F0C4FC0020CFE7194931F91330136044
:100DE000F4E70024124B20461C70FFF7FDFEEDE7F0
:100DF000FFF7A4FF0220BFE70D4B1A78012AD0B2FB
:100E00000ED1104A1168104A8C685460496811600C
:100E100002221A70FFF7E8FE084B186807F09EFCE4
:100E2000FFF78CFF0120A7E770BD00BF00A00240C4
:100E3000C80A01200100500518D7002004D700205F
:100E4000D0C8010000D700201CD700200A23F7B526
:100E50004FF47A750C4E0D4F01933168386808F0E5
:100E6000E9FC044640B907F077FC40B9012001A92C
:100E7000FCF7E2F86E30F0D1204603B0F0BD0198E7
:100E8000684307F067FCE8E708D7002010D7002088
:100E9000054B1B782BB9054B1968054B186808F0F2
:100EA000C9BC0020704700BFC70A01200CD7002032
:100EB00014D7002070B5164B42681B6822F0FF0261
:100EC00042F00202C31A42601248134A0168C3F397
:100ED0008913D2E8DF4F651CC2E8D65F002EF8D137
:100EE00001EBC3014A6892B242EA04424A600268D6
:100EF000032002EBC302536823F0FF0343F0010316
:100F0000536007F027FC0122044BDA6070BD00BF7C
:100F10000CD7002014D700206EDB002000A0024078
:100F20002DE9F04F95B038220021064603A80AF0BB
:100F3000B3FA02230493082306932023089304237F
:100F40000D93102340250F9380230122CDE91153E7
:100F5000D52300215A480B921393FCF73FF905461D
:100F6000002840F0A980024656493079FFF7F0FC8E
:100F700003A8FFF701FD34686268B2F59D6F40F089
:100F800098806169E3680B44E16903F59D630B4454
:100F9000B3F5003F00F28D80206829460AF07CFA04
:100FA00033681C68D3F81C9004F1E802009204F541
:100FB0003A72019204F16007434A04F1A40804F173
:100FC000200BB9F1000F5ED1C2F800B000254FF040
:100FD000010A2570657084F802A0E5703368404608
:100FE0001B69636033685B69C4F814B0A360374B56
:100FF000C4F81890C3F80080354BE7601F600823E1
:10100000C4F8108084F8A43088F8015088F80250A1
:1010100088F8035084F860307D70BD70FD7008F072
:10102000ECFB384608F0E9FB019A2A4B31681A605C
:10103000009A294BC8681A60284B294E1860086925
:10104000496958609960274B2749C3F81046C3F88F
:101050001456264B264C1D80264B86F800A01D807A
:10106000254B029525601D611B690293029B144B61
:10107000186807F075FB98B103236FF073043370A1
:10108000FFF79AFC11E09B6904F14009636433683F
:101090004846DB69C2F800B0236402F07BF895E7AC
:1010A0002468002CECD1154B1C70204615B0BDE80F
:1010B000F08F6FF01504E3E76FF02D04F5E700BF44
:1010C00004D70020610D010000D7002014D70020B4
:1010D00010D700200CD7002008D70020F4D600201D
:1010E000C80A012000A00240F04902006EDB002087
:1010F00018D700206CDB002000560040C70A0120F2
:1011000070B5164B42681B6822F0FF0242F00102E4
:10111000C31A42601248134A0168C3F38913D2E824
:10112000DF4F651CC2E8D65F002EF8D101EBC3018A
:101130004A6892B242EA04424A600268032002EB23
:10114000C302536823F0FF0343F00103536007F029
:1011500001FB0122044B5A6070BD00BF08D700207C
:1011600010D700206EDB002000A0024010B5FFF772
:101170006DFE012400220321047081704270C27050
:10118000FFF7BEFF054B1C7008F04AFBBDE810409E
:10119000034B47F23051186807F0E2BAC70A012042
:1011A00004D7002038B50A4B04461B78022BDDB269
:1011B0000DD1FFF74BFE50B1002201218460017078
:1011C00042708570C270BDE83840FFF799BF38BDE6
:1011D000C80A0120034A126812B1002800DB104738
:1011E000704700BF30D700202DE9F7430025814626
:1011F0000F461048294690461E46019305F070FAA6
:10120000041E11DB0134204608F066FBC9F800001B
:1012100068B1334642462146019605F061FA2846F8
:101220003C6003B0BDE8F0836FF01500F9E76FF0A4
:101230000B00F6E778C1010010B50E4B04461B68A1
:10124000A3B1F7F7B9FA082810D9237A3F2B0DD0AC
:101250000949082220460AF044F9014630B904F150
:1012600008000A22BDE8104003F07CBF4FF0FF30B9
:1012700010BD00BF30D7002042E60100F7B504469C
:101280000F460420002116461D4608F0FAFA0246D1
:1012900038B914B1204608F021FB6FF00B0003B001
:1012A000F0BD00206FF0580314600D4C13735073A1
:1012B0009073D073207031460320576008F001FB13
:1012C0004FF0FF3301932378AB4201D10020E6E7D2
:1012D000022001A9FBF7B0FE0028F4D0DFE700BF31
:1012E000C90A0120F8B5054600240F4F57F8046BD2
:1012F000284631460AF056F928B90134042CF5D1B4
:101300004FF480300DE06CB1A31E012BF8D83046AD
:10131000F7F752FA0A220021284403F01DFE40EAA2
:101320000440F8BD2046FCE7D8C60100014B186018
:101330000020704734D70020014B1860704700BF71
:1013400030D700200FB42DE9FF410A9CFFF752FC73
:1013500000284AD0002C4BD0284E294F31683868DD
:1013600007F020FA002846D1264D3168286807F09A
:10137000F7F9002836D122460BAB03A902A8019346
:10138000FFF732FF044658B1286807F0E7F93868DC
:1013900007F006FA204604B0BDE8F04104B07047FB
:1013A000029C2046FFF748FF022306460122204602
:1013B0000399FFF763FF04460028E5D1DFF8488072
:1013C000D8F80000FFF78EFF0446D8F8000008F0B8
:1013D0007FFA286807F0C2F9002CD8D13046FFF711
:1013E000F9FED4E76FF00A04D1E74FF0FF34D1E7FC
:1013F0006FF00D04CEE76FF00A04CBE748D700206A
:1014000040D7002044D7002038D700200CB42DE965
:10141000F04F8BB007460E46149CFFF7EBFB0028FD
:1014200000F0C380002F00F0C380002C00F0C080CB
:10143000002E00F0C080DFF89C81624BD8F80010CD
:10144000186807F0AFF9002840F0B8805E4DD8F872
:101450000010286807F084F9002840F0A380224695
:1014600015AB09A908A80793FFF7BEFE044618B1FB
:10147000286807F073F93CE0DDE908830393534BD8
:101480001C68002C5AD0C246DDF80C90CDF80480C0
:101490009AF80030202B36D0093B042B33D90C228C
:1014A0004FF0000B4A4BCDF808B01B6802FB03431A
:1014B0000493049B9C422ED1029B002B3ED02868B3
:1014C00007F04CF9019A114611F8013B202B0191CC
:1014D000F8D0093B042BF5D931463846029B984792
:1014E000044618B93846FFF7FDFE0446404608F0AA
:1014F000F5F9344B186807F053F920460BB0BDE8F6
:10150000F04F02B07047B9F1000FC8D00AF1010ADC
:1015100009F1FF39BCE7A3685B450DD94B451A4675
:10152000504628BF4A462168059309F0DAFF18B9EA
:1015300063680293059B9B460C34BAE74046FFF76D
:101540007BFE02238146012240460399FFF796FE67
:10155000044600288CD1DFF880803846D8E9004A5C
:10156000B2455246214628BF324609F088FFB245AF
:10157000204607D908F0ACF9286807F0EFF86FF0BB
:101580000604B6E7FFF7AEFE0446D8F8000008F000
:101590009FF9286807F0E2F8002CAAD14846FFF727
:1015A00019FEA6E76FF00A04A3E74FF0FF34A4E7A3
:1015B0006FF00D04A1E76FF015049EE76FF00A04C9
:1015C0009BE700BF40D7002044D7002028D7002049
:1015D00024D7002048D7002038D700200EB42DE9AA
:1015E000F343DDF824808146FFF704FB00285FD039
:1015F000B9F1000F5FD0B8F1000F5CD0314C324F21
:101600002168386807F0CEF8002857D12F4E21689E
:10161000306807F0A5F8002847D14846F7F7CCF81E
:10162000451C284608F058F9044668B9306807F0A8
:1016300095F86FF00B04386807F0B2F8204602B056
:10164000BDE8F04303B0704749462A4609F078FFE9
:101650002046FFF7F1FD022381460122204629465C
:10166000FFF70CFE044618B1306807F077F8E2E7A0
:10167000174B30681D6807F071F8B9F1000F06DBF1
:101680002846FFF72FFE10B94846FFF7A3FD0AAA28
:1016900041462846019205F04BF8041E284608BF33
:1016A0006FF04C0408F014F9C5E76FF00A04C2E7C4
:1016B0004FF0FF34C2E76FF00D04BFE76FF00A048C
:1016C000BCE700BF48D7002040D7002044D7002007
:1016D00038D7002038B5C3680446A72B01D020684E
:1016E00010E0032907D0042926D0022902D10122C3
:1016F000154B1A7038BD144B00681A78022A05D1B0
:101700000028F7D0BDE8384008F0E2B80F4D2A684D
:1017100062B12B689847002320682B6008F0D8F846
:101720000B4B1868BDE8384007F018B8094A10603C
:10173000616851600222DCE7074B1B68002BCED0AA
:1017400000689847CBE700BFC90A01202CD70020CA
:1017500044D7002038D7002034D70020012210B50C
:1017600011460B48FBF73AFD70B90A48FBF758FDE4
:10177000014648B94FF0FF32074B1A60BDE81040F0
:1017800001230522FFF77ABD6FF02D0010BD00BFC9
:1017900044D7002040D7002048D7002010B400F1E3
:1017A0001C03D3E8EF2F511EC3E8E41F002CF8D12F
:1017B000012A0DDC084BD0E8EF2FC0E8E13F0029FB
:1017C000F9D1682200215DF8044B043009F064BEB1
:1017D0005DF8044B704700BF1EF1010010B50024F6
:1017E0000A4B4FF45872214609481C7009F054FE08
:1017F00021462246064B074801310829C3E9000269
:101800009A6003F16C03F7D110BD00BFCA0A012032
:101810004CD700201EF10100164830B500220346C7
:101820004FF0FF34144DD0E8EF1FA94204D1C0E8B7
:10183000EC4FBCF1000FF6D10CBF0121002112D1F9
:101840006C2101FB023301220C49DA61097893F81B
:10185000202061F3451283F820200222A3F84C20B7
:1018600083F84E2030BD0132082A00F16C00DAD135
:101870000846F7E74CD700201EF10100CA0A0120F4
:1018800030B5024600236C25054905FB03F46018BA
:101890000C59944203D00133082BF6D1002030BDFF
:1018A0004CD7002010B50446043008F01EFAA06C96
:1018B00008B1FBF7F3FC064BD4E8EF2FC4E8E13F97
:1018C0000029F9D12046BDE81040FFF767BF00BFEF
:1018D0001EF1ADDE70B50825064C074E2368B342F5
:1018E00002D02046FFF7DEFF013D04F16C04F5D184
:1018F00070BD00BF4CD700201EF101002DE9F84358
:101900000F4C06460025A0464FF06C090D4B0E4FBC
:1019100018702368BB420CD009FB058393F8202084
:1019200066F3451283F82020A36B13B1204608F01C
:1019300037F80135082D04F16C04EAD1BDE8F883CD
:101940004CD70020CA0A01201EF10100112807DC33
:10195000002801DA00207047064B23FA00F005E06A
:10196000A0F1FF03122BF5D80348D84000F0010086
:10197000704700BF410002000900040010B5436930
:1019800004461BB908F0FDFE23684360044B186849
:1019900006F0E4FE2046BDE8104008F0F4BE00BFAB
:1019A000ACDA0020032208B511460448FBF716FC08
:1019B000002818BF6FF02D0008BD00BFACDA002072
:1019C0002DE9F04F9A46002387B081460E46144613
:1019D000CDE903330593FFF70DF940B90120FBF77B
:1019E000F3FB6FF00A04204607B0BDE8F08FB9F1B1
:1019F000000F5CD1002E00F0C28000F019FD08B984
:101A00000D20ECE7002C49D1002506274FF00108F6
:101A100001950A220021304603F0A4FB4FF6FE7325
:101A2000421E9A4200F21B814FEA002B4BEA102B18
:101A30001FFA8BFB002C6FD02368DB046CD53A2196
:101A4000304609F041FD00B1461C3046854909F099
:101A5000A9FD0A22002872D00021033003F07CFA8D
:101A60000446814B4FF47A61186806F079FE00282D
:101A700040F08C80B9F1000F64D04846F6F79CFE28
:101A80000146182007F0FDFE064600285CD1764B83
:101A90006FF00904186806F061FEA4E7236823F4D8
:101AA000A05323F002038BB14FF0FF349BE700F00B
:101AB000BFFC0028A4D0002CF0D1002EA4D13546C4
:101AC00006274FF00108B346019625E0606838B953
:101AD000A06860B108F0A9F848B96FF0060482E781
:101AE00008F09DF80028F3D16FF005047BE7E0686B
:101AF000A8B9606800F05EFEC3B20193A368E7680E
:101B0000002B08BF0123002F08BF062725685FFAB6
:101B100083F8BFB256B9B3464FF0FF34A1E7A168CE
:101B200008F097F80028E4D16B2058E705F4A0539B
:101B3000B3F5805F7FF46DAF4FF0000B7CE701469B
:101B400030468BE749469CE70461B9F1000F07D0A6
:101B50004846F6F731FE49460246306809F08FFCE8
:101B6000019B314647F20D00B361C6F81C80376215
:101B7000756103AA00F03EFE1628044602D16FF0FC
:101B8000010430E705DC50B10B2806D16FF00204E8
:101B900029E7722801D1732021E720461FE7202082
:101BA000DDF81090FBF772FB0646CAF8000070B330
:101BB000D9F8080008F04DFD7060DAF8006073682D
:101BC000012B0DD0022B25D03046FBF767FB6FF0C1
:101BD0000504049800283FF406AF07F079FE02E7F9
:101BE0000823C6E90287002733613560F76109F1F0
:101BF00018085A464046B9F8141007F077FE70618D
:101C0000DAF8006073693BB93046FBF747FB6FF0C9
:101C10000904DEE71623E4E715F002051DD0B9F844
:101C200016000130FBF732FBDAF80030B06198693A
:101C300028B95869FBF732FBDAF80000E5E7B9F894
:101C40001410B9F81620414409F019FCDAF8002004
:101C5000B9F816309269D754BBE7B561B9E76FF0B0
:101C60000704C0E64BE60100ACDA0020F8B548F204
:101C70000F03994205460E4641D022D848F20D0383
:101C8000994234D048F20E03994234D00069FFF7EC
:101C9000F7FD044618B3B6F5004F20D9A6F5004667
:101CA000013E0B2E1BD8DFE816F07500BD007D004D
:101CB0007D007D00100110017D008B001A001A00CC
:101CC000E00049F2040399421DD0B1F5104F40D90C
:101CD000C068FFF7D5FD0446002840F03B81286826
:101CE000002800F04681BDE8F84007F0F1BDBDE8EE
:101CF000F840FFF743BEBDE8F84008F05AB8BDE829
:101D0000F84008F000B80369082B00F23281DFE8E0
:101D100013F01000160009000E001600300130010B
:101D200018001E000020BDE8F840FFF7E7BD0120C5
:101D3000F9E70021E868BDE8F84007F034BF012169
:101D4000F8E70021E868BDE8F84007F038BF012156
:101D5000F8E70069FFF794FD04460028BFD048F279
:101D600081039E42BBD10146284600F07FFB1CE068
:101D7000A6F51046013E042EB1D801A353F826F073
:101D8000E11E0100BF1E0100FD1D0100DF1C01005E
:101D9000091E01006B692BB9284608F0F2FCAA69FC
:101DA00043681A60284608F0EEFC204607F08EFED5
:101DB000002800F0DE802046BDE8F84007F0F0BDC6
:101DC00090F8203043F0010380F8203007F055FEF2
:101DD00018B1684B186806F0C1FC94F82030204612
:101DE00023F00A0384F8203007F070FE10B120467B
:101DF00007F0D6FD2046FFF755FDD3E7286969288F
:101E000019D16823A361D0E7204607F064FE0028BB
:101E1000CBD0286908F062FC6A690146204607F0C9
:101E2000D7FDC2E790F82030EE686FF3410380F8E9
:101E30002030686918B108F051FCA061B5E7204670
:101E400007F005FE28B994F8203043F0040384F825
:101E50002030204607F0FBFD0028A6D0002EA4D09D
:101E60000021204600F038FB9FE76B69F3B9284654
:101E700008F087FCAA6943681A60426892F820302B
:101E800043F0040382F82030436822691A614368F2
:101E900062695A6183684BB105F10C0205F13001AA
:101EA00052F8040B8A4243F8040BF9D194F822301B
:101EB000002B3FF477AF013B84F8223072E794F8AF
:101EC0002230013384F822306FE7284608F059FCAD
:101ED0006B6913B9AB69436064E74FF0FF33FAE70E
:101EE000204607F0E3FD0746C0B91020FBF7CEF906
:101EF000064698B13946102209F0CEFA2B68736075
:101F00006B683381698A01B32A8A05F1140007F0EE
:101F1000EDFCF060C8B93046FBF7C0F9286807F05F
:101F2000D7FC204607F084FD58B1204607F0BEFDDF
:101F300038B994F8203043F0800384F820300C2323
:101F4000A361204607F079FD2FE73146204607F0D0
:101F50004FFD2AE749F205039E427FF609AF49F299
:101F600082039E427FF4BBAE2146284600F096FADB
:101F70001BE7F8BDB0DA00202DE9FF412D4B80466C
:101F80001B780F4616463BB90D20FBF71DF94FF0A5
:101F9000FF3004B0BDE8F08107F041FE08B96A20C7
:101FA000F3E73046FFF7D2FC08B97B20EDE738466F
:101FB00007F03BFE08B96B20E7E73946304607F0EB
:101FC00048FE0028F7D0FFF727FC054608B9172080
:101FD000DBE70021142007F054FC044620B9284612
:101FE000FFF760FC6920D0E74FF0FF3303744374C0
:101FF0008374C374404600F0DDFB6061384608F02E
:1020000030FB0146A061304608F02CFB2146E06120
:1020100001AA47F20100029500F0ECFB044620B152
:102020002846FFF73FFC2046AFE7C5E9038728684D
:102030006E61AEE7CB0A012030B585B00546FFF7EB
:102040001FFC044628B90920FBF7BEF84FF0FF300B
:102050000EE0FEF7CFFD68B9204607F00EFD18B17F
:102060000E4B186806F07AFB2046FFF71BFC002099
:1020700005B030BD0021082007F003FC014608B977
:102080006920E1E7056101AA47F2090000F0B2FB0F
:102090000028ECD01628EAD0D6E700BFB0DA00203E
:1020A0002DE9F04385B08146884614461D460C9EB6
:1020B000FFF7E6FB40B90920FBF786F84FF0FF3346
:1020C000184605B0BDE8F08315B90EB11620F3E748
:1020D000B8F1290F00F0AD800CDCB8F1010F11D080
:1020E000B8F1060F00F0A180B8F1000F00F09F805A
:1020F0006D20E1E7B8F58D7F45D0B8F5007FF7D1C9
:102100001E2C1EE03C2C30D01DDC152C26D00ADC09
:10211000022C0CD0142CEBD13246294605B0BDE878
:10212000F04308F034BB222C0ADC202CE0DD3146E1
:10213000102007F0A6FB074600287FD16920BBE7E7
:10214000282CF4D0D4E73D2C16D03F2CD0D13246E9
:10215000294605B0BDE8F04308F078BB3246294671
:1021600005B0BDE8F04308F020BB3246294605B073
:10217000BDE8F04308F027BB3246294605B0BDE86C
:10218000F04308F040BB631E132BB1D801A252F8F4
:1021900023F000BFF32101001D2201002F210100C7
:1021A000F12001000F220100E5210100F1200100D2
:1021B000F1200100F1200100F1200100F1200100D7
:1021C000012201002F2101002F2101002F210100F8
:1021D000F12001002F2101002F210100F120010039
:1021E0002F2101003246294605B0BDE8F04308F032
:1021F0003FBB3246294605B0BDE8F04308F04CBB72
:102200003246294605B0BDE8F04308F05ABB3246D5
:10221000294605B0BDE8F04308F065BB32462946C3
:1022200005B0BDE8F04308F06DBB372C89E71F2CE3
:1022300087E7202C3FF47BAF3E2C82E7C0F810905C
:10224000404608F02EFA7861204600F0BBFAB861EB
:1022500025B132462946386809F011F9394647F266
:1022600003007E6001AA00F0C5FA034600283FF48F
:1022700027AF21E72DE9F04385B081468846144613
:102280001D460C9EFFF7FCFA40B90920FAF79CFFA7
:102290004FF0FF34204605B0BDE8F08305B10EB91C
:1022A0000E20F3E7B8F1290F00F096800CDCB8F1AE
:1022B000010F11D0B8F1060F00F08980B8F1000FBE
:1022C00000F088806D20E1E7B8F58D7F2DD0B8F55E
:1022D000007FF7D11E2C7BE0152C1FD00ADC042CCC
:1022E00015D0142CEED13246294605B0BDE8F04396
:1022F00008F042BBA4F12103012BE3D81020316880
:1023000007F0BFFA074600286AD16920BEE73246C7
:10231000294605B0BDE8F04308F01EBB3246294609
:1023200005B0BDE8F04308F036BB621E132AC9D8D9
:1023300001A151F822F000BFB3230100C123010025
:10234000FD220100FD220100A523010089230100D7
:10235000C5220100C5220100C5220100C5220100DD
:10236000C522010097230100C5220100FD220100C2
:10237000FD220100FD220100C5220100C52201004D
:10238000FD220100FD2201003246294605B0BDE8CC
:10239000F04308F00FBB3246294605B0BDE8F043D4
:1023A00008F01EBB3246294605B0BDE8F04308F0F0
:1023B00029BB3246294605B0BDE8F04308F034BBDE
:1023C0003246294605B0BDE8F04308F03FBB372C44
:1023D00094D077E71F2CFBE7202C8FD03E2CF7E71B
:1023E000C0F81090404608F05CF97861204600F093
:1023F000E9F93946B86101AA47F20400D7F800802C
:1024000000F0F8F9044620B1404607F067FA20468C
:102410003CE77A68336841469A4228BF1A46284604
:10242000326009F02CF8404607F058FA32E700BF56
:10243000014B1878704700BFCB0A012008B5FFF7A1
:10244000CDF9FFF7AFFA40B9012206481146FAF775
:10245000C5FE18B90122044B1A7008BD6FF02D009B
:10246000FBE700BFB0DA0020CB0A012010B54369BA
:102470000C467BB191F820306FF3C30381F8203014
:10248000406908F02BF9044BA061BDE810401868C2
:1024900006F064B910BD00BFB0DA002010B591F8A5
:1024A00020300C466FF3C30381F82030006960B917
:1024B000DBB223F0140343F0140381F82030054B02
:1024C000BDE81040186806F049B908F007F9A061A6
:1024D000F5E700BFB0DA00202DE9F743DFF8FC9004
:1024E0000446D9F80000019106F03AF9074650B1C8
:1024F000019B002B70D11023A3614FF0FF373846AA
:1025000003B0BDE8F083A06CD8B1F6F755F9461CCE
:1025100094F84F8031464FEA880808F10C0007F024
:10252000B0F9054678B9204607F0ACFA08B169233E
:10253000A361D9F8000006F011F96920FAF744FE0A
:10254000DBE73E46E4E723684246036194F84C30FB
:1025500004F15001037594F84E30183000F8023C35
:1025600094F84D3000F8033C94F84F3000F8013CEB
:1025700008F085FFF6B13246A16C286808F0E0FF4C
:102580006E6094F82030042043F008032A4647F296
:10259000810184F8203007F094F9204607F072FAA0
:1025A0000028ACD1204607F068FA40B9A06900289D
:1025B000A5D0C3E72E706E70AE70EE70E0E702201B
:1025C00001A9FAF739FD10F10B0F05D00028E9D069
:1025D0000028B8BF4042B1E77420AFE7B0DA00206E
:1025E0002DE9F74F0025074688462C464FF00A0A8A
:1025F000DFF868908DF8045001AE17F801BBBBF10D
:10260000000F09D1032D27DD0124019BC8F80030FC
:10261000204603B0BDE8F08F5946104808F054FF3B
:1026200068B13278A0EB09031AFB0233FF2B11D8F3
:1026300014B90135042DEBDC01243370DDE7BBF167
:102640002E0F07D1002CE3D0042D03D07070044668
:102650000136D2E70024DBE75C46D9E771E60100EA
:102660002DE9F04F87B00D46019201B12AB90E2035
:10267000FAF7AAFD4FF0FF3088E0012803D00228C6
:1026800008D06A20F4E72846019907B0BDE8F04F6A
:10269000FFF7A6BF1022002102A808F0FDFE2B784C
:1026A0003A2B03D16B783A2B6FD101350024A94620
:1026B0002746A346A04602AE15F801ABBAF1000FBB
:1026C00023D1BBF1000F64D0B51C06AB9D425CD892
:1026D00064BA3480B8F1000F64D006AB9D42A5EB1C
:1026E000080852D01A4600210123984553DA019A6E
:1026F00002AB06AD1C4603CCAC42106051602346D1
:1027000002F10802F6D1012040E05146274808F0C6
:10271000DBFE88B95146264808F0D6FE70B1244A3F
:10272000032F32DC821A42EA0414B4F5803F2CD223
:102730004FF0010B0137BFE71C4AF1E7BAF13A0F3E
:1027400016D1BBF1000F05D1B8F1000F1DD1A9467C
:10275000B046B1E72B78C3B1B31C06AA934214D894
:1027600064BA3480A9461E46044607468346A3E75A
:10277000BAF12E0F09D1351D06AB9D4205D8314661
:102780004846FFF72DFF0028A4DC002007B0BDE875
:10279000F08F35469EE715F8010D013302F8010D63
:1027A0002970A2E706AB9D42EFD1A0E760E60100E9
:1027B0004FE6010003289CBF014B1856704700BF2D
:1027C0007CE6010002383C289ABF034B53F82000F6
:1027D0004FF0FF30704700BFFCC6010001380428ED
:1027E0009ABF034B53F820004FF0FF30704700BFF3
:1027F000E8C601004FF0FF3337B50D4DCA601446EF
:1028000015600A4601460420019307F05AF8206833
:10281000A84202D007F062FF08E0022001A9FAF7FF
:102820000BFC0028F3D00028B8BF404203B030BDF5
:10283000EEC100BC431C07D0064B984207D83C238E
:10284000B0FBF3F080B270474FF6FF7070474FF661
:10285000FE70704787FF3B002DE9F34105460E46A9
:102860001446FEF7C7F9002800F0C1800023614F2D
:102870003246294607207B6007F023F84FF0FF33EC
:102880000193022001A9FAF7D7FBD7F80480064686
:10289000B8F1000F06D110F16E0FF2D1304602B040
:1028A000BDE8F08110F16E0FF8D0D8F80450022D79
:1028B00000F0948047F6FF739D4200F09280002D57
:1028C00040F0928044B142F209023B88934209D021
:1028D00042F20912934240D078680028DED006F018
:1028E000F7FFDBE74FF443722946204608F0D4FD9A
:1028F000B8F8083001222360D8F80A01FFF79AFFE0
:10290000A080D8F80E01FFF795FFE080D8F81201FB
:10291000FFF790FF2081D8F81601FFF78BFF608149
:10292000D8F81A01FFF786FF20231546A081A3736C
:10293000511E2274657408EB8101D1F80A00FFF77B
:1029400079FF6082D1F88A00FFF774FF0132212AF3
:10295000A08204F10604EBD1BEE7294620464FF4DD
:10296000437208F099FD0621B8F80830103444F895
:10297000103CB8F80A3024F80C3CB8F80C3024F8B5
:102980000A3CB8F80E3024F8083CB8F8103024F8A7
:10299000063CB8F8123024F8043C98F8143004F8D7
:1029A000023C08F1150398F814200633954204F10F
:1029B000060491DA13F8062C04F8062C13F8052CFB
:1029C00004F8052C01FB0582B2F81700013524F844
:1029D000040CB2F8192024F8022CE4E76FF00C067E
:1029E0007AE76FF05E0677E76FF0150674E74FF051
:1029F000FF3653E7C4DA002070B50446002800F023
:102A00000881022A00F0B980032A00F0C480012A5C
:102A100040F0FF80E72940F2FF80824D2B68002BB9
:102A200000F0FD80FEF728F9E8220021204608F09A
:102A300033FD7D4B1B78032B2B6858689968C4E9DC
:102A40000001D8681969C4E902015A6922619A69CA
:102A50006261DA69A2611A6AE2615A6A22629A6A5A
:102A60006262DA6AA2621A6BE2625A6B226393F8BC
:102A7000512084F85020D3F841202264D3F8452017
:102A80006264D3F84920A264D3F84D20E2641A8F1F
:102A9000A28693F83A2084F8362093F83B2084F8F5
:102AA000372093F83C2084F8382093F83D2084F8B0
:102AB000392093F83E2084F83A20B3F83F20A287CB
:102AC00032D1D3F852200A25C4F8E420002252342F
:102AD00003F1590193F85600824205DA0C2A04F1F9
:102AE0000C0401F10A0103D1FEF7CCF8002070BDFF
:102AF00005FB0230B0F85760013224F80C6C11F875
:102B00000A6C04F80A6CB0F85A6024F8086CB0F942
:102B10005C6024F8066CB0F95E0024F8040C11F82F
:102B2000030C04F8020CD5E7D3F8CA201946C4F800
:102B3000E4200A26002206FB0230B0F8525001328F
:102B4000A4F8525091F854500C2A84F85450B0F81C
:102B5000555004F10C04A4F84A50B0F9575001F153
:102B60000A01A4F84C50B0F95900A4F84E0091F8AD
:102B7000510084F85000DED1B6E752294CD92B4DD4
:102B80002B68002B4BD0FEF777F85322204629689C
:102B900008F075FCA8E767293ED9254D2B68002B66
:102BA0003DD0FEF769F8234B1B78012B23D1682217
:102BB0000021204608F070FC0022296808340B88A8
:102BC000C81C44F8083C8B7804F8043C8B78183413
:102BD0009A4289DA02EB0213C55C0B4404F8185CD4
:102BE0005E6853F8085F013244E904655D689B68DC
:102BF00044E90253EAE72B681A8922600122227114
:102C0000227200221968C4E904125B68C4E9063222
:102C10006AE76FF015006AE76FF0790067E76FF019
:102C2000220064E7C0DA0020CD0A0120BCDA0020CF
:102C3000B8DA0020CC0A01202DE9F041FDF7DAFFD7
:102C4000054600285FD0314E4FF0FF31306805F067
:102C500087FD044600284DD12D4C2378B3BBFDF7EA
:102C6000C9FF002849D1FDF7C5FFA8B14FF0020800
:102C70004746152007F006FF014650B105220368BC
:102C800041F204001A71C3F805700022FFF7E4FD59
:102C900018B1B8F1020FE6D10025FDF7ABFFA8B1DE
:102CA000152007F0EFFE014680B1036800226FF0A7
:102CB0007F00012718715A7141F203209A71DA716D
:102CC0009F74FFF7C9FD0DB100B92770152007F0FB
:102CD000D9FE0146A0B101250368002241F204009B
:102CE0001D71FFF7B9FD044608B90A4B1D70306825
:102CF00005F034FD2046BDE8F0810327B846B8E76B
:102D00006FF00B04F3E74FF0FF34F3E7CCDA002069
:102D1000CF0A0120D00A012070B50546FDF76AFFF1
:102D200008B3124E4FF0FF31306805F019FD04462C
:102D3000A0B9152007F0A6FE014688B1022203685B
:102D400041F203201A715C7122469C71DC715D7244
:102D5000FFF782FD0446306805F000FD204670BD97
:102D60006FF00B04F7E74FF0FF34F7E7CCDA002001
:102D700070B50546FDF73EFF10B3134E4FF0FF311F
:102D8000306805F0EDFC0446A8B9152007F07AFE7E
:102D9000014690B10822036841F203201A715C7168
:102DA00022469C71DC71A3F80B50FFF755FD0446D9
:102DB000306805F0D3FC204670BD6FF00B04F7E7D8
:102DC0004FF0FF34F7E700BFCCDA002070B50546BE
:102DD000FDF710FF10B3134E4FF0FF31306805F0D0
:102DE000BFFC0446A8B9152007F04CFE014690B17F
:102DF0002022036841F203201A715C7122469C7103
:102E0000DC71A3F80F50FFF727FD0446306805F08A
:102E1000A5FC204670BD6FF00B04F7E74FF0FF34C0
:102E2000F7E700BFCCDA0020014B186000207047A4
:102E3000B4DA00202DE9F041056807460C463DB1A3
:102E400001F47043B3F5005F04D1404BC3E90015B2
:102E5000BDE8F0813E4E336863B144F20402914212
:102E600064D00CD844F2020399424ED044F20303DA
:102E7000994253D03868BDE8F04106F029BD44F2CC
:102E8000012221F4807393420FD044F2031399423C
:102E9000F0D1304C206808B106F01AFD01222E4B0B
:102EA0001A7025600420336826E0DFF8BC80D8F86B
:102EB000000008B106F00CFD44F201339C420CBF47
:102EC0000322022295F85170244B254C1A70C8F841
:102ED000005017F008053368227810D01AB9052081
:102EE00098470123237007F04107012F02D10220E8
:102EF0003368984701203368BDE8F0411847002A3D
:102F0000F1D0062098472570EDE7164C206808B1EF
:102F100006F0DEFC032033682560EDE70D4C2068E9
:102F200008B106F0D5FC00220B4BB9E72A78032A3A
:102F3000A0D8DFE802F0020507090720984799E7C3
:102F40000820FBE70920F9E70A20F7E7C4DA0020A8
:102F5000B4DA0020B8DA0020CC0A0120CD0A012022
:102F6000CE0A0120BCDA0020C0DA002008B5002318
:102F7000094A0A4813700A4A13700A4A13700A4A27
:102F800013700A4A136001221146FAF727F9002844
:102F900018BF6FF02D0008BDCE0A0120CCDA00204A
:102FA000D00A0120CF0A0120CD0A0120B4DA002086
:102FB00010B50B4C206818B106F08AFC0023236082
:102FC000084C206818B106F083FC00232360064CEF
:102FD000206818B106F07CFC00232360002010BD9F
:102FE000C0DA0020BCDA0020B8DA002030B4074B89
:102FF0001C6844B143688589A4460268C1899BB2B4
:10300000E8B230BC604730BC704700BFD0DA002067
:10301000F8B501F47063B3F5007F04460D461ED188
:103020004E4A00F10C0300F114071646186859685F
:10303000083303C6BB423246F7D10122186830601C
:1030400099889B79B180B371454B1D60DA74206813
:10305000002800F08180BDE8F84006F039BC414FFF
:103060003E68002EF3D0404B24221846002108F081
:1030700013FAE268B5F5916F0346426056D040F20C
:103080008B42954209D040F287429542DFD103221C
:103090000270B04700233B60D9E7227C0272627C59
:1030A0004272A27C8272D4F81320C260217EE27D3B
:1030B00042EA01220282A17E627E42EA012242822B
:1030C000E27E0275227F4275A17F627F42EA012281
:1030D000C282B4F81F20028394F8220091B294F8BF
:1030E000212042EA00225A8394F823201A7794F888
:1030F00024205A7701221A702268A2B16268B2EBCA
:10310000410FA4D1B1F5C06F88BF4FF4C06217481A
:1031100088BF1A83186288BF4FF44062216898BF45
:1031200092B208F0ACF91048B04790E7227C0272E6
:10313000627C4272A27C8272D4F81320C260217E2B
:10314000E27D42EA01220282627EA17E42EA0122FF
:10315000428202220270E7E7F8BD00BFE0DA0020F9
:10316000DCDA0020D4DA0020F0DA002070DB002066
:10317000002208B5054B06481A6001221146FAF7ED
:103180002DF8002818BF6FF02D0008BDD4DA0020FC
:10319000D8DA002000210122074B1970074B1A7062
:1031A000074B1970074B1960074B1960074B1860E4
:1031B0000748FAF713B800BFD10A0120D30A01204B
:1031C000D20A012018DB00201CDB00202CDB0020B1
:1031D00014DB0020024B186808B105F0BFBA704735
:1031E00014DB002070B4284B1B68196958691A7CDD
:1031F00000221A745C7C5A749C7C9A74DC7CDA74AD
:103200001C7D1A755C7D5A759C7D03299A75DC7D41
:10321000DA7529D0042929D001290FD185681B4EE0
:10322000954210D11A7A012100221972597A5A72E4
:10323000997A9A72DA7A6FF05F02DA72144B70BC84
:10324000186805F08BBA911C00EB81014C6821785D
:10325000622907D0633918BF0121490046F821408F
:103260000132DDE70121F9E7187ADEE7187A1972F1
:10327000597A5A72997A9A72DA7A6FF05F02DA7230
:103280000122044B1A70D9E72CDB002020DB002040
:1032900014DB0020D20A01201FB50446F6F7E2FF36
:1032A000064B01220293002305491846CDE900335D
:1032B00007F05EFC204607F06BFC00BF80E60100D3
:1032C000C8C001002DE9F041054686B00E46EFF377
:1032D0001188202383F31288BFF36F8F0024042802
:1032E00098BF234B234A98BF53F82030976888BF74
:1032F000214B127C2149CDE90432214B03900293EA
:10330000012223462046CDE9004407F031FC6EB18E
:10331000F369C3F308034BB11A4B0122CDE9014312
:10332000204623461549009407F022FC2FB1384669
:1033300007F0D2FD08B1037803B91348134B0122FB
:1033400002930023CDE90370CDE9003318460B4901
:1033500007F00EFC31462846FFF79EFF88F31188E0
:10336000BFF36F8F384606B0BDE8F041F7F742BFB4
:10337000F0C7010030DB00208FE60100C8C001006B
:10338000A5E60100CDE601009DE60100EEE60100A4
:1033900038B50A4B53F82040013053F82050A5426D
:1033A00000D838BD606830B1037FDB0701D407F077
:1033B000BCFB0834F3E723689847FAE704C8010028
:1033C000012270B5294B032086B01A70FFF7E0FF89
:1033D000F7F7BAFA0420FFF7DBFF254C254D264608
:1033E000AE4204F1300410D300F092FE204C224E85
:1033F000AC4226D300F0A0FEF5F7DEFE1F4A137B99
:1034000023F00103137306B070BD54F80C3C059310
:1034100054F8103C049354F8143C039354F8183CAB
:10342000029354F81C3C019354F8203C009354E957
:103430000A2354E90C0100F033FC54F8303C5E657B
:10344000CDE7D4E90A23B3F1FF3F08BFB2F1FF3F54
:1034500005D052EA0301206803D100F029FF30347F
:10346000C6E73146183001F0D3F8F8E7D40A012056
:10347000B4BF0100B4BF0100CBAF0100B8CE002043
:10348000F82370B5144E86B003FB0066134B01227F
:1034900005930F23CDE903320023CDE9013318232F
:1034A0004FF4A0720E4D0F4903FB0055044602FB7A
:1034B00000110D4B3046009500F0F2FB737B2C742D
:1034C00023F004037373094B013403EBC423EE6050
:1034D0006B6006B070BD00BFC0CD002050E701009A
:1034E00030DB0020D82101206FAC0100D819012069
:1034F000BFB50020FFF74CFF294B03F5006282F3B4
:10350000088883F30A880024E023264D264F85F897
:103510002230EC772C766C76AC7685F820406B6A9E
:1035200043F4E0236B6285F82340F7F7DDFDF7F7FE
:10353000C7FF4FF0FF33AB62EB62F8F773F9F7F7B1
:10354000E3FFF6F769FE194800F03CFC0120FFF7A5
:103550001FFF0220164DFFF71BFF00F021FE154B49
:1035600015499D61154B4FF4805205930123284660
:10357000CDE90343CDE901443B46009400F090FBC4
:1035800006466A7B284622F004026A7307F0E0FCD4
:103590002046FFF775FF3A4631462846F7F762FFA7
:1035A000D819012000ED00E0C1330100B0CF0020A8
:1035B000B8CE002030DB00201823012055E70100A1
:1035C00038B5064C064DAC4201D3002038BD20462C
:1035D000D4E9011207F026FB1434F4E7A0C7002059
:1035E000C8C700201FB5054CCDE9002302940A4648
:1035F000002107F0D5FA04B010BD00BFC773010069
:103600002DE9F341044617461E46EFF311882023A7
:1036100083F31288BFF36F8FC368334A7BB180682E
:103620009168884219D057EA060318D188F31188A7
:10363000BFF36F8F6FF00F0002B0BDE8F0819168AB
:1036400091F90E100133E36093682161A36088F360
:103650001188BFF36F8F0020EEE72169F2E791F93F
:103660000E1090F90E306FF07E029942A8BF1946F5
:103670009142B8BF11468B422DDD07F003FB054692
:1036800022464146CDE90076184800F087FC002824
:10369000E1D0EFF31186202383F31288BFF36F8FFD
:1036A000A068D0B1236821699C420AD04BB193F93C
:1036B0000E309942A8BF19466FF07E039942B8BFF9
:1036C000194607F0DFFA40B13146084800F0FAFC2D
:1036D0006FF00A00B0E70025D2E7002DF4D186F3A1
:1036E0001188BFF36F8FF3E730DB0020D50A01208C
:1036F000F8B583680546002B40D0234A9268934270
:103700003FD1C368012B03D9013BC3600020F8BD42
:10371000EFF31187202383F31288BFF36F8F0169C2
:10372000806807F0AFFA2C68A54207D10023C5E9ED
:10373000023387F31188BFF36F8FE7E7002CF5D0D2
:10374000D4E90032002613605A60637BC4E9006646
:1037500023F002036373A66004F1180007F0B5FCC0
:10376000AC6094F90E3020462B61C4F8B06007F0CD
:10377000EFFB3946054800F0A5FCC7E76FF01500E0
:10378000C5E74FF0FF30C2E730DB0020D50A01204B
:1037900037B51146EFF31185202282F31288BFF36B
:1037A0006F8F04689CB12368426823F0030394423E
:1037B000036008BF43600121204607F0F0FA044689
:1037C00085F31188BFF36F8F204603B030BD51EAF7
:1037D0000302F5D000F10802CDE900131046294696
:1037E00000F0DCFB0028EFD1014B9B681C69EBE784
:1037F00030DB002070B5EFF31186202383F31288AD
:10380000BFF36F8F0468A0421BD0D4B1D4E900325B
:10381000002513605A60637BC4E9005523F002035E
:103820006373A56004F1180007F04FFC2046C4F84C
:10383000B05007F08DFB3146BDE87040094800F0FC
:1038400041BCD0E902329A4218BF013302218360A1
:10385000103007F0ADFD0028EDD186F31188BFF3DD
:103860006F8F70BDD50A012013B5EFF311812024AD
:1038700084F31288BFF36F8F846844B1013C846085
:1038800081F31188BFF36F8F002002B010BD52EAA0
:10389000030406D181F31188BFF36F8F6FF00F001F
:1038A000F3E7CDE900230246014800F077FBECE79F
:1038B000D50A01202DE9F8430546EFF311882023AE
:1038C00083F31288BFF36F8F00266FF00A09374623
:1038D0002C68A54216D0ACB1D4E9003213605A600E
:1038E000637BC4E9007723F002036373A76004F1EC
:1038F000180007F0EAFB2046C4F8B09007F028FB58
:103900000126E5E700230221AB6005F1100007F076
:103910004FFD30B92EB988F31188BFF36F8FBDE822
:10392000F8834146BDE8F843014800F0CBBB00BF37
:10393000D50A01202DE9FF41044620274E4EEFF322
:10394000118887F31288BFF36F8FD4F8FC50F5B954
:10395000022104F58A7007F049FA002868D004F5BE
:10396000867500220121284607F075FB0028F8D152
:1039700000234FF0FF3202934FF0FF334146CDE971
:1039800000233E4804F5827200F05EFDD7E7D4F8CC
:1039900000212B689542C4F8FC3008BFC4F8003100
:1039A000D4F8143143F00203C4F81431EB6823F067
:1039B000040343F00103EB606B6888F31188BFF3E5
:1039C0006F8F28469847EFF3118887F31288BFF36B
:1039D0006F8FEB68D80623F0010236D4EA60EB68FB
:1039E0009A0716D5306823F00203EB6088B10021F6
:1039F000036870B14268954235D1036869BB72684B
:103A00003360824200D17360002340F8083BFFF727
:103A1000F1FED4F8143123F00203C4F8143188F312
:103A20001188BFF36F8FDB0589D400F0C1FB86E7F7
:103A3000D4F81431D9069BD5C4F8140188F3118841
:103A4000BFF36F8F04B0BDE8F08123F01103EB608A
:103A500005F11000FFF7CEFEC1E70B6073688342EB
:103A600008BF7160D0E723B11A68014618461346B3
:103A7000BFE71A46F9E700BF58DB0020D50A01204E
:103A8000F8B5C36804469A070F46C3F340062ED420
:103A90005B071CD40B680BB983680B60E368DD0718
:103AA00042BFA36802263B603D6858BF0126002D37
:103AB0003CD0204B9A68D5F8F8309A420AD0D5F815
:103AC0001431D807C3F3800214D46FF01206002318
:103AD0003B6025E007F0FAF9D5F814310028F0D161
:103AE000D907C3F3C002F0D552B15B0708D46FF019
:103AF0000F06ECE7002AFAD1C3F3C003002BF6D17E
:103B000000232360D5F8003163B9C5E93F44284656
:103B100007F086F9E36843F00403E3603B68A360C1
:103B20003046F8BD1C60C5F80041F0E76FF015069F
:103B3000CDE700BF30DB00200146014807F0B2B9F5
:103B4000C8D00020F0B50446002089B0C4E93F0089
:103B50000E9D04F58270C4E9410004F58670C4E945
:103B6000430055B32879002840F2011008BF012016
:103B7000C4F8140100204FF0FF364FF0FF37CDE9B5
:103B80000330CDE90100CDE9066720460C4B0094D7
:103B900000F0ECF855B1296811B1204600F070F83A
:103BA0006B791BB1237B43F001032373204600F0A4
:103BB0007FFBC4F8F84009B0F0BD0120D8E700BF92
:103BC0003539010037B501900846EFF31184202103
:103BD00081F31288BFF36F8FC16811F01E0F16D1E9
:103BE00053EA020508D101A9FFF74AFF84F31188BF
:103BF000BFF36F8F03B030BD41F00801C160019980
:103C000010308161034900F003FD0120EEE7002040
:103C1000ECE700BF31AE010001460148FFF7D2BF1B
:103C2000C8D00020F7B50C4616461D460190EFF3AC
:103C30001187202383F31288BFF36F8F084607F0A4
:103C4000E0F855EA060309D1204601A9FFF718FF5D
:103C500087F31188BFF36F8F03B0F0BDE36832467E
:103C600043F00803E360019B0449A36204F11000E0
:103C70002B4600F0CDFC0120EAE700BF31AE010089
:103C800010B5044608B9054B9C681F2204F1780062
:103C900007F056FC002084F8970010BD30DB0020B0
:103CA0002DE9F04F984685B000F15803C0E916336E
:103CB000129B002503730423D61D26F007064373C9
:103CC000119B01EB060A0F46C0E906555146856077
:103CD0008373C5730446DDF838B0DDF84C90F6F711
:103CE00003FF109B073020F00700C4E92676C4F8D4
:103CF000A00002930F9BAAEB0006CDE900B3324669
:103D0000434639462046F7F769FB0F9BC4E9198BF8
:103D1000E366109B65652367EFF31183202282F32E
:103D20001288BFF36F8F104F7A6A7C62626783F3E9
:103D30001188BFF36F8FB9F1000F11D01F224946D0
:103D400004F1780007F0FCFB84F89750BB680BB1D6
:103D5000D3F8A4303046C4F8A43005B0BDE8F08FE5
:103D600084F87890F2E700BF30DB0020F0B5002542
:103D700087B00595109DDDE9127604950F9D0446E8
:103D800003950E9D02950D9D01950C9D0095FFF7E5
:103D900087FFB6F1FF3F08BFB7F1FF3F05D056EAF6
:103DA000070305D1204600F083FA204607B0F0BD96
:103DB0003A46334604F11800014900F029FCF4E7C3
:103DC000CBAF010040F201138381002310B50446FC
:103DD000C0E9263300F0F2FD014B9C6010BD00BF2E
:103DE00030DB00206FF00A01094A9368C3F8B01075
:103DF0000849C3F8AC004B6843F080534B60002384
:103E000083F31188BFF36F8F9368D3F8B0007047C6
:103E100030DB002000ED00E070B590F90D20437B11
:103E2000002A36DBD90634D11B4C63F07F032246CF
:103E3000437352F81C3F216A934207D1C0E9002125
:103E40000860206211E09942F8D01B68002BF5D081
:103E500090F90E5093F90E60B542F4D0AE42F2DD07
:103E60005968C0E9003108605860E569954200D0A2
:103E700005B9E568A3685A7BD20604D1DA897F2A9E
:103E800001D9AA6932B1AB4202D0284600F01CFB2E
:103E9000A56170BDA361FCE730DB002038B590F967
:103EA0000D200146002A437B04DA03F07F034373AD
:103EB00007F014F80D4D2A4652F81C4FAB68944297
:103EC00000D004B9EC688B4207D05A7BD20604D1EB
:103ED000DA897F2A01D9A2692AB1A34202D02046F9
:103EE00000F0F2FA2346AB6138BD00BF30DB0020A2
:103EF000B3F1FF3F08BFB2F1FF3F03D002491830D2
:103F000000F086BB704700BFCBAF010070B590F9E1
:103F10000D200146002A437B04DA03F07F0343733C
:103F200006F0DCFF1C4C4B7B224663F07F034B7397
:103F300052F81C3F206A934207D1C1E9002001607A
:103F4000216211E09842F8D01B68002BF5D091F95E
:103F50000E5093F90E60B542F4D0AE42F2DD5868CF
:103F6000C1E9003001605960E569A368954200D05D
:103F700005B9E5688B4207D05A7BD20604D1DA89AD
:103F80007F2A01D9AA692AB1AB4202D0284600F0A3
:103F90009BFA2B46A36170BD30DB0020F8B5DDE94C
:103FA00006670D4B0C46986811460C4A1060EFF3FB
:103FB0001182202282F31288BFF36F8F9D682846FA
:103FC00006F09EFF284632463B46FFF791FF20460B
:103FD000BDE8F840FFF706BF30DB002060DB0020C3
:103FE000F8B50446EFF31187202383F31288BFF35B
:103FF0006F8F437B49B203F01F02002A0CBF0126DA
:10400000002639D103F07F032D4D437306F066FF80
:104010002A46437B817363F07F03437352F81C3F4E
:10402000934227D1286AC4E9002004602C620FE083
:104030009842F8D01B68002BF5D093F90EC061456B
:10404000F6D08C45F4DD5968C4E900310C605C6041
:10405000EC69944200D004B9EC68AB689C4202D091
:10406000204600F031FAAC6187F31188BFF36F8FFF
:104070003046F8BD286ADEE79B071ED5856806F046
:104080002DFF81732B689D4209D16B68C4E90053F1
:104090001C606C60E8E76A689342F6D01B68002BEE
:1040A000F3D093F90E209142F5D08A42F3DD5A689D
:1040B000C4E9003214605C60D6E78173D4E700BFC6
:1040C00030DB002049B9EFF3058030B9054B9A6920
:1040D0009B689A4201D0FFF785BE81F31188BFF338
:1040E0006F8F704730DB0020034648B9EFF305823D
:1040F00032B9064A91699268914201D0FFF772BEC7
:1041000083F31188BFF36F8F704700BF30DB00204F
:10411000EFF31181202383F31288BFF36F8F054BD8
:104120009A68D37B013BD37381F31188BFF36F8F00
:10413000704700BF30DB002070B5EFF311862023FD
:1041400083F31288BFF36F8F144DAB68DA7B0132B3
:10415000DA732A4652F81C4F944200D004B9EC6836
:104160005A7BD20604D1DA897F2A01D9A2692AB101
:10417000A34202D0204600F0A7F92346AB6186F3A4
:104180001188BFF36F8FEFF31180202383F3128820
:10419000BFF36F8FBDE87040FFF7A6BF30DB002094
:1041A000024B03F11C02C3E90722704730DB0020F9
:1041B00070B5EFF31186202383F31288BFF36F8F5E
:1041C0001B4CA168206A0B68814214BF1A4600226A
:1041D00049680B605960A368216A2AB9154AC3E986
:1041E00000210B6023620CE093F90E0092F90E504F
:1041F000A84218D0854216DD5168C3E900210B6042
:104200005360E5690B4B9D4200D005B9E568A36892
:104210009D4202D0284600F057F9A5613046BDE81E
:104220007040FFF7DFBD8A42D8D01268D5E700BFE3
:1042300030DB00204CDB0020F8B550EA01030646D5
:104240000C4603D1FFF7B4FF0020F8BDEFF3118750
:10425000202383F31288BFF36F8F124D124BA8688F
:104260001860FFF71BFEA868234632460F49183036
:1042700000F0CEF9AA680446537B384643F00403A5
:104280005373FFF7AFFDAB68D3E90A23B3F1004FD7
:1042900008BF002AD8D106F040FF201A20EAE070BB
:1042A000D3E700BF30DB002060DB0020CBAF010094
:1042B00038B50446EFF31185202383F31288BFF34A
:1042C0006F8F437B5B070FD5183006F0FEFE637BD4
:1042D000204623F004036373FFF79EFD2946BDE8E3
:1042E00038400448FFF7EEBE85F31188BFF36F8FA7
:1042F00038BD00BFD50A0120014B9868704700BF48
:1043000030DB00202DE9F8430446077BEFF31185ED
:10431000202383F31288BFF36F8F437B190705D5E2
:1043200085F31188BFF36F8FBDE8F883D90943F097
:10433000080260D14273A36813B1204606F0D6FD8F
:1043400004F1180006F0C1FEA66D04F15808B0454E
:1043500011D04FF0000976B1304606F0C7FD06F1E6
:10436000180006F0B2FE3046C6F8B090FFF754FDD4
:10437000A66DB045EFD1DFF8CC80D8F808309C426C
:1043800041D1EFF30589B9F1000918BF4FF00109D8
:10439000D8F81C60294A964200D00EB9D8F80C60B3
:1043A000B34202D0304600F08FF82046C8F81860BB
:1043B00003F02AFC204600F0DFF8B9F1000F02D02C
:1043C0001F48FFF7FFFCD8F808309C4231D1EFF3CB
:1043D000058373BB227BD20718D42846FFF702FD62
:1043E000FB07A1D5002383F31188BFF36F8F04234C
:1043F000184602DF98E703F07F0343F00803437396
:1044000006F06CFD97E74FF00009C1E785F31188CE
:10441000BFF36F8F83F31188BFF36F8F04231846A8
:1044200002DFEFF31180202383F31288BFF36F8F35
:10443000D4E785F31188BFF36F8FD1E74CDB002001
:10444000B0CF002030DB0020D3B5DDE90667089C43
:10445000CDE90067FFF7A2FD1CB1034B9B681B6908
:10446000236002B0D0BD00BF30DB00200122044B2E
:10447000C01A044BC0105843034B1A54704700BF76
:10448000A8D00020ABAAAAAAD50A0120C3897F2BF5
:1044900012D80A4B1B6863B1094B90F90E201B68B8
:1044A0009A4209DB437BDB0606D1064BC31A18BFD1
:1044B000012303F0010070470023FAE72CC7002016
:1044C00064DB0020C0CD002070B50E4B0E4C1E7C6E
:1044D000054606EB460304EBC304204606F0F5FD53
:1044E00000220A4B28469A55FFF7D0FF48B1084BE7
:1044F0002046BDE870401A680649013AD31700F01B
:1045000087B870BD30DB0020A8D00020D50A01207C
:104510002CC700206D44010038B5EFF3118520232E
:1045200083F31288BFF36F8F104B114A9C68106899
:10453000A04206D1FFF7C8FF85F31188BFF36F8F44
:1045400038BD00211B7C11600A4AD35C002BF3D0DC
:104550002046FFF79BFF0028EED0637BDB0602D1ED
:104560002046FFF7D3FC2046E4E700BF30DB002005
:1045700060DB0020D50A0120EFF31181202383F3B3
:104580001288BFF36F8F0A4A536A834207D15B6F69
:10459000536281F31188BFF36F8F70471346002B6E
:1045A000F7D05A6F8242F9D1426F5A67F1E700BFE4
:1045B00030DB0020024B1868984208BF002070478B
:1045C00030C70020034B1B680BB9F8F7B7BC0020BD
:1045D000704700BF68DB002030B570B10B4B5B68E3
:1045E00098420AD0036843B1D3E90421D0E90445D5
:1045F000121941EB0501C3E90421D0E9003213602F
:104600005A600023C0E9003330BD00BF30C700202E
:10461000B3F1FF3F08BFB2F1FF3F2DE9F84F044669
:10462000994615461F467AD08160EFF31188202302
:1046300083F31288BFF36F8FB9F1000FDFF8E8A0A2
:1046400020DBFFF7BFFFDAE90027013549F1000958
:104650002D1849EBE07306464FF00109C4E90453F5
:10466000AD1843EB0707FFF7A5FF0346DFF8BCE0F3
:10467000DEF804A0EBB9C4E900EACAF80040CEF8BD
:10468000044028E06FF00103DAE900125B1A4FF0F2
:10469000FF3161EB02025B1B62EB0902012B72F13D
:1046A0000001BCBF012300224FF00009C0E9043221
:1046B000D9E7D3E9041CD4E904208A4270EB0C0B3F
:1046C00024DA891A5A686CEB0000C3E90410C4E9C3
:1046D000003214605C60FFF76DFF84420ED1114B15
:1046E0001B685BB9B9F1000F02D1FFF76BFF0646FB
:1046F000304606F0D3FC0021F8F7F2FB88F311886E
:10470000BFF36F8F28463946BDE8F88F521A60EB29
:104710000C009A45C4E90420ADD01B68AAE7002527
:104720002F46EFE768DB0020C0D0002030C7002014
:104730002DE9F047EFF31185202383F31288BFF3AF
:104740006F8F254F4FF0000838604FF00009FFF7DA
:1047500031FF224E3B68D6E9001E4FEAE37C50B1A0
:10476000D0E90442A3427CEB020A19DAE41A62EBB4
:104770000C02C0E9044200245B184EEB0C022046F8
:10478000C6E900323C6006F089FC2146F8F7A8FB38
:1047900085F31188BFF36F8FBDE8F047FFF7BCBE0C
:1047A00061184EEBE473C0E90489C6E90013FFF712
:1047B00013FF85F31188BFF36F8F83689847EFF37A
:1047C0001185202383F31288BFF36F8F3B681B1B77
:1047D0003B60FFF7EFFEBDE768DB0020C0D00020A4
:1047E00010B5EFF31184202383F31288BFF36F8F8A
:1047F000FFF7E8FE0346054AD2E90001181841EB2D
:10480000E37184F31188BFF36F8F10BDC0D0002017
:104810001423F0B50024202703FB0100134E01B937
:10482000F0BD10F8073CA0F1140C03F03F03102B6F
:1048300040F80C4C0CD826FA03F3DB0708D550F8E7
:10484000143C2BB150F8105C2B605D6040E90544CE
:1048500082F31188BFF36F8FEFF3118287F3128811
:10486000BFF36F8F60460139D9E700BF1601010021
:104870002DE9F74F1D46274B16469F68012387F801
:10488000603087F8613052EA05030CBF0123002332
:1048900007F16002804606F0B6FC8146EFF3118B0B
:1048A0004FF0200A8AF31288BFF36F8F97F86040A9
:1048B0004CB901465A464046FFF7AAFF8BF31188D0
:1048C000BFF36F8F0BE0002387F8603056EA0503D3
:1048D00009D18BF31188BFF36F8F6FF00A04204664
:1048E00003B0BDE8F08F5946CDE900650A4A0B4890
:1048F000FFF754FB0446EFF311858AF31288BFF3E8
:104900006F8F2A4649464046FFF782FF85F311889C
:10491000D6E700BF30DB002038C70020D60A0120D0
:1049200038B50346EFF31185202282F31288BFF3D6
:104930006F8FC160012181600068834206D185F3D9
:104940001188BFF36F8F0024204638BDD0E90032B4
:1049500013605A600023C0E9003306F0D7FC2946F3
:1049600004460248FFF7AEFBEEE700BFD60A01207F
:104970002DE9F04105460E46174606F0A7FA30B974
:10498000074B9B68D3F8A44014B9BDE8F081054CEF
:104990003B46324629462046BDE8F04106F031BD8F
:1049A00030DB0020A0C7002002460021014B024856
:1049B00006F027BDC7730100A0C70020014BC0F857
:1049C000A4307047A0C700200146024A0020FFF72C
:1049D000CFBF00BFC773010007B5074B4FF400629C
:1049E000009306494FF0FF330548FFF7ABF800206E
:1049F00003B05DF804FB00BF1CC801001853012080
:104A0000C8D00020F8B54D4A0C4600234C4DD0E9E3
:104A10000001F3F755FE002A4FF4616100F52F20E5
:104A2000B7BF02F5A83200F66C2000F66B2002F545
:104A3000C072B2FBF1F301FB13223C21A360B2FB75
:104A4000F1F301FB13226360C31C2260072293FB76
:104A5000F2F2C2EBC2029B1A52D50733A361A0F552
:104A60000E33A3F52C7393FBF5F5364B48F6AC618A
:104A700040F2B45740F26D1603FB05004FF0050CF1
:104A8000B0FBF1F1B0FBF7F30144C91A2E4BB0FBB8
:104A9000F3F3C91A48F69463B1FBF3F3B1FBF6F2F2
:104AA000B1FBF7F103445B1A992106FB123303EBC8
:104AB00083005E1C0230B0FBF1F779430231B1FB99
:104AC000FCF1761A40F2F95188424FF4C8708CBF5D
:104AD0006FF00901022100FB05253944012998BF27
:104AE0000135B3F5997F11D3A3F59973A5F26C75D0
:104AF000E36100232046E6602362C4E90415F8BDA3
:104B00000028A361ABDB90FBF5F5AEE7970710D16A
:104B10004FF0640C92FBFCF70CFB17275FB992FB7C
:104B2000F0F700FB1722B2FA82F252093B3313442A
:104B3000DCE70022FAE70122F8E700BF805101001C
:104B4000B13A02004FC5FDFFB03A02000CB430B5D7
:104B500089B005460C461C22002101A806F09CFCE9
:104B6000022305958DF806300D4B029323462CB198
:104B7000B4F1004F28BF4FF00043013B1D440DAA84
:104B80000C9901A80695009200F072FC14B1059BE7
:104B900000221A7009B0BDE8304002B0704700BF73
:104BA00007BC01000EB470B589B005461C22002177
:104BB0000DAC01A854F8046B06F06EFC012301A8AB
:104BC000224631468DF80630054B05950393009437
:104BD00001F020F909B0BDE8704003B0704700BF94
:104BE000F3BB01002DE9F84F00228046894618F8F2
:104BF0000230511C202B00F09E81A3F109000428F3
:104C000040F299812B2B0D4633D02D2B36D01846F0
:104C1000042440F02003692B32D06E2B60D0002298
:104C20004FF00A0A964694461346114614F400665D
:104C30006BD040F02007A7F1610BBBF1050F64D8E2
:104C4000573FFFB2BA4540F3F28044F08006E005DA
:104C5000B6B268D5F40506F4007079D5002F18BFF8
:104C60004CF0010C00B9013218F80500344601354A
:104C7000DCE7042418F80100951CCAE74424F9E78E
:104C8000AE4B0026AE4F13F8011B49B118F80520B2
:104C9000681C42F020028A4226D0AA4A934230D1B0
:104CA00032463B4630463946F3F760FC48B918F8BF
:104CB0000530282B05D1013518F805300135292B91
:104CC00014D1630602D507F100431F46B9F1000F66
:104CD00002D04544C9F8005047EC106BBDE8F88F8E
:104CE000994B0026994FCEE70546CCE723F02002EA
:104CF000413A192AE0D9A3F13002092ADCD95F2B05
:104D0000DAD0002600270025E0E7A0F13007FFB247
:104D100057452DDA44F0800614F48070B6B299D16C
:104D2000BAF10A0F06D0BEF10F0F93DD44F4C0763E
:104D3000B6B28FE7BEF1100F8CDD44F4C076042FBD
:104D4000B6B287D9052F4FF0020C08BF074681E79E
:104D500000B1013AAAFB0334FB180AFB014444F1F9
:104D6000000153EA01003FF47FAF0EF1010E7BE733
:104D7000FE2F5CD1A70556D52006C2D5002E40F0E7
:104D8000968053EA010005F1FF3500F0D18020053F
:104D900040F1B2803632B1F5800FC0F091806C4F97
:104DA000B1F5000F80F09180BA42C0F28E804CEADB
:104DB0000303084603F00306032E04D003F006069F
:104DC000062E40F08B80043341F10000B0F5000F57
:104DD000C0F084800132B2F5806F80F2A68000239B
:104DE0004FF4801102F2FF3221F480111E4641EA95
:104DF000025747EC106B02F04BF80138022804D838
:104E0000544B222206F020FF1A5047EC106B02F0A0
:104E10003FF8013802283FF654AF4E4B222206F0ED
:104E200013FF1A504DE744F40076B6B21CE740F089
:104E3000200004F08007782809D147B153EA010A1D
:104E400005D144F400664FF0100AB6B20CE7002F0B
:104E50003FF457AF6EB392007026864291D118F896
:104E600005006E1C2B2804D02D2824D144F4806426
:104E7000A4B218F80600A0F13006092E81D8AE1CA5
:104E8000354640F2D34A00264FF00A0B5645DCBFA8
:104E900030380BFB060618F805000135A0F1300785
:104EA000092FF3D9670548BF7642324469E72E20BF
:104EB000D1E76526D1E7A0F13007092FE0D960E7F7
:104EC000DB1802F1FF32494165E75E0803F0010398
:104ED000013246EAC1764908334361E7B2F5806F93
:104EE00023DA9B08B0F5800F4FEA900143EA807304
:104EF000BFF478AF002279E70EEB020010F5A27F35
:104F000010DDB0F59B7F10DA03F0010040EA0C00E1
:104F100001308008181841F10001F3F729FF57EC20
:104F2000106B72E7002600276FE70026044F6CE73E
:104F300000260027C5E60A4659E600BF69E70100DA
:104F40000000F07F6CE7010066E701000000F87FD9
:104F500002FCFFFF0C000000242A2DE9F04104466A
:104F600001D8012A4CD1364B162206F06DFE1A509C
:104F700001B10C6000273846BDE8F08135462E4669
:104F800016F8010B2028F9D0A0F109070346042FD9
:104F9000F4D92B2836D02D2837D14FF0010CAE1C78
:104FA0006B78302B38D1307840F0200078282FD122
:104FB00032F010002CD173783446102202360CF1F6
:104FC000004000270138B0FBF2FE02FB1E08392B1F
:104FD00082BF03F1FF3343F02003263B303B9A426C
:104FE0001ED9774502DC03D1984501D24CF0020C62
:104FF000354607FB0237344615F8013B2E46E6E7F7
:105000000546BCE74FF0000CC9E74FF0000CC8E7BD
:10501000002A08BF0822D2E7002A08BF0A22CEE7EA
:1050200001B10C601CF0010F18BF7F421CF0020F91
:10503000A1D0034B2222074606F006FE1A509AE73B
:105040000C000000242A2DE9F84F8046894601D83B
:10505000012A60D1424B162206F0F6FD1A50B9F132
:10506000000F01D0C9F80080002319461846BDE89A
:10507000F88F31460E4616F8013B202BF9D0A3F1EC
:1050800009001C460428F4D92B2B46D02D2B46D1E1
:1050900001278E1C4C78302C48D1337843F0200304
:1050A000782B3ED132F010033BD17478B0461025F6
:1050B000023617F1FF3B6FF000432A4643F1000A26
:1050C000584600235146F3F74BFB00238C46194604
:1050D000392C82BF04F1FF3444F02004263C303CDC
:1050E000A54228D998427CEB010E05DB614508BF3B
:1050F000834203D1A24201D247F00207A5FB033E3F
:10510000B04605FB01EEE3184EF10001B6461EF86D
:10511000014B7646DCE70146ACE70027B9E70027FC
:10512000B9E7002A14BF15460825C2E7002A14BFB4
:1051300015460A25BDE7B9F1000F01D0C9F8008076
:10514000F80702D55B4261EB4101BA078ED5044AEC
:10515000222406F079FD5B465146145086E700BFD5
:105160000C000000242AF0B5044601D8012A40D1E1
:105170002E4B162206F068FD1A5001B10C6000207B
:10518000F0BD2F463D4615F8010B2028F9D0A0F1BF
:1051900009060346042EF4D92B282CD02D282CD117
:1051A0000126BD1C7B78302B2DD1287840F02000C3
:1051B000782824D132F0100021D16B782C461022AF
:1051C00002350020392B82BF03F1FF3343F0200367
:1051D000263B303B9A421AD9A0FB02040CB9C018F6
:1051E00001D346F002062F462C4617F8013B3D46F8
:1051F000E8E70746C6E70026D3E70026D3E7002AFC
:1052000008BF0822DDE7002A08BF0A22D9E701B15A
:105210000C60F20748BF4042B307B1D5034B2222CE
:1052200006F012FD1A504FF0FF30A9E70C00000005
:10523000242AF0B505460E4601D8012A0AD13E4B74
:10524000162206F001FD1A5006B135600020014615
:10525000F0BD2046044614F8011B2029F9D0A1F125
:1052600009070B46042FF4D92B2939D02D293AD11F
:105270004FF0010C841C4378302B3BD1217841F056
:105280002001782932D132F010012FD163782546E0
:105290001022023400200146392B82BF03F1FF3374
:1052A00043F02003263B303B9A4232D9002729BBEA
:1052B000A0FB02E517F001077046294608D11EEB56
:1052C000030E55F10005704628BF012729460FB18E
:1052D0004CF0020C2746254617F8013B3C46DBE71D
:1052E0004FF0000CC6E74FF0000CC5E7002A08BFDE
:1052F0000822CFE7002A08BF0A22CBE7A2FB015110
:10530000A0FB02E02D1841F10001002918BF012780
:10531000D0E706B135601CF0010F02D0404261EBCE
:1053200041011CF0020F93D0034B222206F08CFCAB
:105330001A504FF0FF308AE70C0000002DE9F041D1
:1053400001260746B24201DCBDE8F0813B461F461C
:1053500013F8014B002CF7D0252CF8D11C7802371C
:10536000252CF3D00023DFF804819C461D461F2D19
:1053700018D8A4F1200EBEF1100F09D9A4F1300EF7
:10538000BEF1090F1ED80A24202504FB03E304E024
:1053900028FA0EFE1EF0010F06D017F8014B002C64
:1053A000E5D128E07F2D1CD8A4F1300EBEF1090F05
:1053B000E9D9242C10D1BCF1000F46D0B34246D01D
:1053C0000023EAE724F0040EBEF12A0FF8D06C2C7B
:1053D00009D145F08005E0E724F0040EBEF12A0F64
:1053E000EED06C2C22D06C2C1BD8682C23D06A2CCD
:1053F00028D04C2C26D0BCF1000FA5D0B445A1D1AB
:1054000044F020070B68A7F1650CBCF1020F01D92D
:10541000612F1ED1073323F00703083301360B60D9
:105420008FE7742CB9D07A2CB7D0E4E72C0648BFAC
:1054300045F40075CDE7EC0548BF45F4007545F42B
:105440008075AAE745F42075A7E79C46B8E7632472
:10545000D6E7692C02D007D8632C03D02F0601D5DC
:10546000AC05D7D40433D9E7732CF6E789280100BB
:105470002DE9F04F436893B08046019383789807F5
:10548000CDE9061216D50B4600250B921F789FB169
:10549000252F15D00133059341463846019B013530
:1054A0009847002880F22A8498F8023043F00403D9
:1054B00088F802304FF0FF35284613B0BDE8F08F72
:1054C0005F789A1C252F0592E6D000242646A24636
:1054D000A346BBF11F0F32D8A7F12003102B0AD827
:1054E000DFE803F02409092A0909091B090909222F
:1054F000092709091900A7F13003092B2DD92A2FF3
:1055000039D154B90B9B1BF0400F53F8042B0B936C
:1055100029D0164601E04BF0010B059B13F8017BE7
:105520000593002FD5D15BE04BF0020B4BF0040B41
:10553000F3E74BF0080BF0E74BF0100BEDE7BBF196
:105540007F0F3FD8A7F13003092BD8D81BF0400FAD
:1055500003D00A2202FB0636DFE70A2202FB0A3AE0
:105560004BF0200BD9E7B2F1000AF9DACAF1000AD0
:105570004BF0280BD1E72E2F05D11BF0400F9BD10C
:105580004BF0400BC9E7242F1CD1002C00F03E81CA
:10559000079B1BF0400F0B930AD152460BA90698AC
:1055A000FFF7CCFE0B9B1A1DD3F800A00B92B4E7BB
:1055B00032460BA90698FFF7C1FE0B9B1A1D1E6809
:1055C0000B92AAE76C2F00F00E8100F20581682F84
:1055D00000F011816A2F00F016814C2F00F013812A
:1055E00034B1079B22460BA906980B93FFF7A6FE42
:1055F000002E47F02009B8BF2BF0400BA9F165033E
:10560000BCBF00261FFA8BFB022B40F20481B9F1CC
:10561000610F40F05882FF431BF0400F0CA84BF481
:10562000C05407F0200308BF4FF0FF360493314603
:105630000B9B073323F0070303F1080293ED000BE4
:105640000B92049A06F019FA0130C3B2B3420293E6
:1056500001DB029B5E1E01230C9FA3464FF07009E5
:10566000039307F10903122B0DD907F16303C62B2E
:1056700040F20A8107F2E73340F2CE72934294BFC0
:105680000323042303939DF8342002F00C0312F04B
:10569000010240F014811BF0020F40F00D811BF05D
:1056A000040400F0F380002B40F00C8120231BF455
:1056B000405F20D1029A002E02F1480208BF012665
:1056C0006A44133A029921B112F8011D302900F001
:1056D0002E811BF0100F029A18BF3246391DC0F2FE
:1056E0002B81B74280F22881BA424BF4005B40F331
:1056F00025817E1C961B1BF40052089200F020812D
:1057000027EAE774013403B10134002E00F0208150
:10571000721C1444A245CCBFAAEB040400241BF065
:10572000090F04D12C44A54240F0178100243BB15D
:1057300018464146019B013598470028FFF6B4AE54
:105740001BF4006F12D041463020019B984700287F
:10575000FFF6AAAE049B41460235C3F17800019BD7
:1057600000F0F80098470028FFF69EAE1BF0080FE7
:1057700005D12C44AC4240F0FC8025460024089B17
:10578000002B00F0158127EAE77A7642A7EB0A079B
:10579000029B0AF1FF3A05F101094146BB4289BF6C
:1057A0000CAB3020FB1858795645019B00F3EA807A
:1057B0009847002807F10107FFF676AEBAF1FF3FE0
:1057C00008D141462E20019B98470028FFF66CAE79
:1057D00005F102094D46DBE7742F3FF49EAE7A2FA8
:1057E0003FF49BAEFCE61BF0800F18BF4BF4007B30
:1057F0004BF0800B91E61BF4807F18BF4BF4007BCD
:105800004BF4807B89E64BF4207B86E626465446A3
:10581000B346B24681E6FF431BF0400F07F020037A
:1058200008BF0626B9F1650F04930B9B03F107032C
:1058300023F0070303F1080293ED000B0B9211D143
:10584000711C00224BF4805BC9B2134611290CA8CD
:1058500028BF112100F09AFF0C9FC3B202930223CC
:105860000393FEE6B9F1660F05D14BF4005B3346B6
:1058700001221121EAE7F1B200224FF06509012966
:10588000134638BF0121E1E70223FBE6002B3FF47A
:105890000EAFBAF1030F39DC9DF83430A14E13F08E
:1058A000080FA14B08BF1E463746B94617F8010B33
:1058B000A0BBAE1BB14478E023BB2B23F7E61BBB98
:1058C0002D23F4E62022BAF1040F12DD1BF0080F9D
:1058D000AAF104040ED12C4441462020019B01353D
:1058E000029298470028FFF6DFADA542029AF3D155
:1058F00092B1002441461046019B0135984700288B
:10590000CADAD1E52B22DEE72D22DCE71BF0080FF7
:10591000AAF10304C0D1DEE71446BDE7049B41466B
:10592000C01A019BC0B298470028BEDABCE50299B4
:105930000139C9B20291C5E6561EDCE60026DAE658
:105940001BF4006F039A0CBF032405241444DAE609
:105950001BF0100F18BF0134DCE609934146019B90
:1059600020209847002805F10105099BBFF6DBAE12
:105970009AE541463020019B013598470028BFF643
:10598000F9AE91E598470028FFF68EAD1BF0100F99
:105990000BD0BAF1FF3F08D105F1020941462E2094
:1059A000019B98470028FFF67FAD4D464C442CE202
:1059B00041469DF83500019B98470028FFF674ADDD
:1059C000002E65DD41462E20019B98470028FFF6FA
:1059D0006BAD4FF0010A029B4146D3469A45B7BFD3
:1059E0000CAB302053445879019B98470028FFF6B0
:1059F0005BAD0AF1010A5645EDDA02355D44049BC0
:105A00004146A9EB0300019BC0B298470028FFF66E
:105A10004BAD002F4146019BB6BF2D202B207F426E
:105A200098470028FFF640AD039B042B3DD14FF46F
:105A30007A794146019B0335B7FBF9F606F1300050
:105A4000C0B298470028FFF62FAD09FB16774FF03C
:105A500064094146019B0135B7FBF9F606F13000B8
:105A6000C0B298470028FFF61FAD09FB16774FF02C
:105A70000A094146019B0135B7FBF9F606F13000F2
:105A8000C0B298470028FFF60FAD09FB167713E068
:105A90001BF0100F01D10135B1E741462E20019BCB
:105AA000023598470028AADAFEE4039B0235032B4F
:105AB000CDD0039B012BDAD107F1300005F10109AC
:105AC0004146C0B26CE7A7F16303122B00F2FF80DE
:105AD000DFE813F013005700FD00FD00FD00FD009E
:105AE0005700FD00FD00FD00FD00FD001701F8005E
:105AF000FD00FD002C00FD00B9000B9B01240CAF44
:105B00001A1D1B680B928DF830301BF0080F2ED039
:105B10003E19B946B1452CD1EF1BB944AAEB040498
:105B200043E700BF71E7010098CF01000B9B1A1DEE
:105B30000B921F68AB4B002F08BF1F461BF0400F96
:105B4000384614BF31464FF0FF3105F009FD0446D9
:105B5000DBE741462020019B98470028FFF6A4ACD4
:105B6000013EB442F5D35544B246AD1BD0E756468C
:105B7000F7E7414619F8010B019B98470028C9DA5D
:105B800092E41BF0800F0B9B35D01BF4007F2DD0CF
:105B9000073323F0070303F10802D3E900010B9256
:105BA0002BF0100900291FFA89F936DA404249F42E
:105BB000806961EB41010DF1300B0A235A4605F073
:105BC00007FD19F0400FA0EB0B0B65D029F0010287
:105BD0005E4592B240F3B280002F00F0A98019F028
:105BE00010033446914626D002345CE01A1D186832
:105BF0000B92C117D4E71A1D1BF4807F19680B9212
:105C000001D10846F5E71BF4007F19BF48B241F304
:105C1000C01108B241F3C031C2E750EA0103CAD152
:105C20001BF0400FC7D0002EC5D12BF0110B34460E
:105C30001FFA8BF9B34640F2064319EA03031CBF6F
:105C4000013400232FE02BF0100B0A231FFA8BFBEB
:105C50001BF080040B9A57D01BF4007115BF07325C
:105C6000101D22F007020B900FBF106802F108010F
:105C70000B91D2E9000150EA010252D12BF0160932
:105C80001BF0400F1FFA89F94FD0002E4DD12BF099
:105C9000170B1FFA8BF9B34619F0100352D0002FDF
:105CA0004ED10BF1010419F0080F5ED119F0010F6C
:105CB00006D0A2456EDDAAEB040404EB0B065446A5
:105CC00022464DE04BF0100B10237827C0E7B9F1C6
:105CD000780F04D1C7F1780343F01003B8E74146C9
:105CE0002520019B98470028FFF6DEAB4146384649
:105CF000019B98470028FFF6D7AB0235059BFFF7BD
:105D0000C5BB08230027A3E7111D10680B911BF4E6
:105D10008071B0D01BF400711ABFC0B2214680B2AE
:105D2000A9E72BF0060B1FFA8BF90DF1300B45E7B5
:105D300029F0110934461FFA89F97CE79146ABE74F
:105D40005C4651E75C4676E7CDE9022341462020D8
:105D5000019B98470028FFF6A7AB029A039B0132EC
:105D60009245F1DC2C1BA5181446F3B141463020B6
:105D7000019B98470028FFF697AB6FB90135A946FC
:105D80002E44A6EB09035B4521DC5D460CAE5DBBF2
:105D9000D944C3E65E4693E7023541463846019B47
:105DA00098470028EBDAFFF77FBB40F2064319EA79
:105DB000030FE4D019F0020F05F10105414614BFAD
:105DC0002B20202019F4806F18BF2D20E7E74146D3
:105DD0003020019B09F1010998470028D1DAFFF72B
:105DE00063BB00BF75E70100013D4146019B705D4B
:105DF00098470028CBDAFFF757BB41462020019B8C
:105E0000013598470028FFF64FAB631B002BF4DCED
:105E100074E700BF2DE9F04F002391B00290079284
:105E20000E920F9306930D4615F8016BAEB1202E1E
:105E300017D0A6F10903042B13D9252E17D00FA9CB
:105E4000029805F0ECFB031EC0F2F380DBB2B34214
:105E50000BD00FAA029905F0ECFB069811B0BDE833
:105E6000F08F0FA9029805F0ECFB2946DBE74E788E
:105E70008D1C252EE3D02A2E03BFCD1C8E78012445
:105E800000240027A6F13003DBB2092B19D9A207A1
:105E900023D5242E23D1079B24F0020400220E9345
:105EA000A4B201239F4215DC42B17B1E002F0E9A43
:105EB0004FEA8303D8BF00231A440E9215F8016BF2
:105EC000DFE744F002040A2215F8016BA4B202FBDA
:105ED0000737D7E701330122E4E74FF0FF376C2E95
:105EE00035D007D8682E24D06A2E3FD04C2E37D01C
:105EF00026B9B2E7742E36D07A2E34D0314689488E
:105F000005F0E2FA0028A8D014F001030C9311BFA9
:105F10004FF0000A0E9B1A1D0E9208BFD3F800A086
:105F20006E2E26D10F9A00235046009405F09EFB5A
:105F30009BE72E78682E04D044F02004A4B20135EB
:105F4000D6E744F030046E78A4B20235D0E72E785C
:105F50006C2E02D044F00404F0E744F00C04F2E7A5
:105F600044F00C04A4B215F8016BC1E744F0080436
:105F7000F8E7632E1FD114F0020F04F0040408BFE9
:105F800001270FA9029805F04AFB002851DBBAF15E
:105F9000000F02D064B14AF8040B013FF1D10C9B11
:105FA000002B7FF462AF069B0133DBB206935CE704
:105FB0000AF8010BF1E75B2E5DD12B7800265E2BF2
:105FC00006BF01354FF001094FF000090FA90298F3
:105FD00005F025FB0022A84605F1010E9446114666
:105FE00018F8013BFBB1F04508D05D2B12D02D2BEA
:105FF00004D132B90B4601221946F1E7002A08BF45
:10600000194688424FF00002F6DB9842D8BF4FF0A5
:10601000010CF1E7002805DBE14511D10FAA029937
:1060200005F007FBCEB9029B9B7813F00C0F3FF4F1
:1060300014AF069B002B14BF18464FF0FF300DE73E
:10604000BAF1000F05D063074CBF4AF8040B0AF8F9
:10605000010B013F4FF00106B8D1BAF1000F01D199
:1060600045469CE714F0040416BF00238AF800405C
:10607000CAF80030F4E70FA9029805F0E2FA002808
:10608000D7DB582E7BD0643EF3B2142B00F2BD80D8
:10609000142E00F2BA80DFE806F00BB8B8B8B841A9
:1060A000B8B8B8B8B86F72B8B852B80BB8B8720010
:1060B0004FF00A080FA9029805F0B1FA2B2804D076
:1060C0002D280AD144F04004A4B2013FABD00FA95F
:1060D000029805F0A4FA0028A5DB302877D1B7F1A3
:1060E000010918D00FA9029805F099FA002812DBCF
:1060F00040F0200344F08004782BA4B242D138F061
:10610000100344D1B7F1020905D00FA9029805F098
:1061100086FA002862DA002637464CE04FF0000885
:10612000C8E700BF7CE70100BAF1000F05D06607A1
:106130004CBF4AF8040B0AF8010B013F0FD00FA91E
:10614000029805F06CFA002809DB202803D0A0F1A2
:106150000903042BE8D80FAA029905F06AFABAF1EC
:10616000000F3FF41CAF14F0040416BF00238AF89C
:106170000040CAF8003012E74FF008089AE74FF0E5
:10618000100897E7B8F1000F08BF4FF00808002685
:1061900037463928034682BF00F1FF3343F020031E
:1061A000263B303B98451CD80FAA029905F041FACE
:1061B00020067FF538AF610602D5764267EB4707C8
:1061C00032463B465046009405F050FAE7E6B946A1
:1061D000B8F1000FDBD14FF00A08D8E74FF01008F4
:1061E000D5E7A8FB066244F080049E1908FB07224D
:1061F000A4B242F10007B9F10109DCD00FA902985D
:1062000005F00DFA0028C4DAD5E70FA9029805F0C9
:1062100006FA03909DF80C302B2B04D02D2B0DD1BA
:1062200044F04004A4B2013F3FF4FDAE0FA9029830
:1062300005F0F5F9031E0393FFF6F5AE039B43F05B
:106240002003692B69D06E2B00F099804FF0000875
:106250000A234646C146CDE90488220540F1BE80A6
:10626000039A42F02002D2B2A2F16101052900F2A4
:10627000B580573AD2B2934240F3008144F0800B8C
:10628000E1051FFA8BFB40F1CC801BF4807F0BF4FF
:10629000007100F0D7800598002A18BF40F0010077
:1062A000059009B908F10108013F0D9300F0FB804A
:1062B0000FA9029805F0B3F9031E5C4603930D9BEA
:1062C000CBDA21067FF5AFAE2205039A4CBF7023CF
:1062D000652342F0200248BF4FEA88089A4240F006
:1062E0002A81B7F1010B00F028810FA9029805F06F
:1062F00096F90346C2B22B2A05D02D2A40F0F18030
:1063000044F48064A4B2B7F1020B40F0CE800FAA2F
:106310000299184605F08DF90FE1734E4FF0000811
:10632000DFF8D09116F801BBBBF1000F13D0013F8D
:106330000DD00FA9029805F072F9031E07DB43F098
:1063400020035B45EED00FAA029905F072F9674B66
:106350009E427FF468AE42464B4640464946F2F7BD
:1063600005F938BB013F25D00FA9029805F057F970
:10637000282816D00FAA029905F05BF91AE05C4EA6
:106380004FF00008DFF87091CCE720F02003413B8C
:10639000192B06D9A0F13003092B02D95F287FF40D
:1063A00042AE013F3FF43FAE0FA9029805F037F926
:1063B0002928EAD1630606D509F10043CDF82880E3
:1063C0000B93DDE90A89BAF1000F3FF4E8AD14F050
:1063D0000C0F00F07181CAE90089E0E5039A303AB8
:1063E000D2B29A4240DA44F0800BE1051FFA8BFBEF
:1063F0003FF54BAF0A2B14D114F00C0F1FD10499A9
:1064000008297FF742AF44F4C07B042A1FFA8BFBB4
:106410007FF63BAF052A4FF0020108BF002205912D
:1064200033E714F00C0F049907D107297FF72DAF3C
:1064300044F4C07B1FFA8BFB27E70F29F6E704998A
:106440001029DEE709B108F1FF38A3FB06619619B0
:1064500003FB091141F1000956EA09023FF424AF98
:10646000049A013204921FE7FE2A07D1A2053FF5E4
:1064700028AF44F4007B1FFA8BFB15E7039A04F066
:10648000800342F02002782A7FF41BAF002B3FF4F8
:1064900018AF56EA09037FF414AF44F4006B1023DD
:1064A0001FFA8BFB00E75C460BE70FA902980D93E0
:1064B00005F0B5F80D9B1F460346A3F13002092AEB
:1064C0001CD918460FAA029905F0B3F87B1C04D01A
:1064D0000FAA0299384605F0ACF80FAADDE90210C0
:1064E00018E74FF0FF37E8E793E7010096E7010070
:1064F00090E701000000F07F0000F87F00270A22EB
:1065000040F2D3418F42DCBFA3F1300102FB0717F9
:10651000BBF1010B09D00FA9029805F080F8A0F19A
:10652000300103460A220929EAD96005039348BFCE
:106530007F42B8445F46002FCFD156EA090300F0EE
:10654000B680210504F00C0240F18A80002A4FF049
:106550000100614912BF352318236FF07D015F1CD4
:10656000A3F11F02C7F1200C00FA02F2B84420FA8E
:106570000CFCB84042EA0C02864279EB020751D388
:106580000127A3F11E02C3F11E0C981C07FA02F2A8
:1065900027FA0CFC07FA00F042EA0C02864279EB7B
:1065A000020745D2884543DB059A324316464A46E0
:1065B00006F00300032803D006F0060006280BD1DE
:1065C000043649F10002B2F5000F21BF760808F148
:1065D000010846EAC2765208B608C3F13500C3F195
:1065E0001507153B46EA8276920806FA07F726FA5F
:1065F00003F3824006FA00F03A431A43364B9942BD
:1066000025D1B8F5806F61DAB2F5801F25D308F285
:10661000FF3822F4801242EA085308900993DDE91A
:106620000889C7E6B61908F1FF3849EB0909A3E75D
:10663000770806F0010608F1010847EAC9774FEA32
:1066400059093E43AAE7001808F1FF385241B2F554
:10665000801F38D218F57F7FF5DA4FF00008DAE7AF
:10666000059B06F001001843049B01304344800859
:10667000301849F100015AB113F5A27F17DDB3F5C7
:106680009B7F23DA4246F2F773FB59EC108B91E6BD
:1066900013F12D0F0BDB272B18DC414605F02CF8EE
:1066A00010EE100AF1F7B4FE8046894682E64FF0FC
:1066B00000084FF000097DE640464946F1F7B0FF7B
:1066C000CAF800006BE4B8F5806FA0DB4FF000085B
:1066D000DFF808906EE600BF02FCFFFF0000F07FCD
:1066E000F0B589B005460C46164600211C2201A8CB
:1066F0001F4604F0D1FE0223204605958DF8063092
:106700000A4B02932CB1B4F1004F28BF4FF0004068
:10671000013805443A46314601A80695FEF7A8FE21
:1067200014B1059B00221A7009B0F0BD07BC01002E
:1067300070B588B006460C46154600211C2201A8FB
:1067400004F0AAFE01232A4621468DF8063001A84E
:10675000034B05960393FFF75DFB08B070BD00BFC8
:10676000F3BB01001FB502AB074A00934FF0CC33D7
:1067700005F049F9DDE90201C00840EA4170C908A5
:1067800005B05DF804FB00BFCDCCCCCC2DE9F04FBB
:106790009DB055EC104BCDE90C322A46C5F31303DE
:1067A0000B91290DD20FC5F30A5507908DED050AFF
:1067B0000A9275B922461A431BD13023012605607F
:1067C00043710A9B43F00203037130461DB0BDE8DC
:1067D000F08F40F2FF7295424DD1059A0026134387
:1067E0000A9B079A14BF43F0080343F00403137194
:1067F000EBE7059A4FEA83089A46B14D02F0010291
:106800000992059A48EA9278970001221646C5F146
:10681000000B0892584600F019FAB5F1FF3FACBFE3
:106820008146A0F10109ABEB090B09EB05035846C2
:10683000069300F01FFA18A9A0F17D05584600F054
:1068400039FA14AB089AA9EB0505019312AB029231
:106850005146009318AA2B46059804F0DDFFB9F1C4
:10686000010F04460D4600F2D880099B002B40F032
:10687000CB8001276FE0059A43F4801AA5F23545D5
:1068800002F001024FEA8A080992059A134348EA86
:1068900092784FEA82074BD140F2FE7319420CBF47
:1068A00001260026002D3246B1DB284600F0C8F94B
:1068B0000346032DC8BF013B1846069300F0DAF9E2
:1068C000069B7C3018A95D1B0544184600F064FA4D
:1068D00014AB18AA0598019312AB51460296009387
:1068E0002B4604F099FF069B04460D46152B00F23B
:1068F000888016AB734A3846414600934FF0CC333C
:1069000005F081F8169B179A9B0843EA827303EB04
:106910008303BB42DDE9129A0CD13846414600F0B0
:10692000B1F9069B83428CBF00270127002612E0A5
:106930000126B7E7099B002B53D1013F48F1FF31F6
:10694000B81B61F1000100F09DF9069B099F83428D
:106950008CBF002601260D9B002B40F09380DDF8B4
:106960002CB04FF000084FF00A0ACDF82080CDF887
:106970001480DDE91201FFF7F5FE149BCDE90E014D
:10698000184615991093FFF7EDFE0E9B81460F9A5E
:1069900098420B461191934180F08E802046294603
:1069A000FFF7E0FE0AFB09F3109AB8F1000F14BFDD
:1069B000002707F001070AFB10480D46934214BF59
:1069C000002606F001060E9B5FFA88F80446129333
:1069D0000F9BCDE91339119B1593089B0133089345
:1069E000C7E7B81C48F1000100F04CF9069B834250
:1069F0008CBF00200120B9EB00006AF10002CDE954
:106A0000120200273E46A6E7129B0127139A013B7C
:106A100042F1FF32CDE9123288E7B9F13E0FF0D8EA
:106A20004FF0FF33A9F12000C9F1200103FA09F268
:106A300003FA00F023FA01F103FA09F3024327EA0B
:106A400003070A4328EA020857EA08070CBF012790
:106A500000276BE700FB02FC0133A1FB001262443C
:106A60008C4275EB020CF5D2069A13440C9A13442F
:106A7000D20F9342B8BF13460B9A9A42A8BF1A4648
:106A800093466EE70A21002201230846E8E70AFB45
:106A900003F00131A2FB0A230344944275EB030087
:106AA000F5D2594510DDBBF1000F02D154EA0503C0
:106AB0000AD00123059371E70A2200230121ECE7A4
:106AC000CCFBFFFFCDCCCCCC7EB34FF00A0A149B9D
:106AD000159918460F93FFF745FE0F9B0AFB00F22E
:106AE00081460E919A4220D1B8F1000F14BF0027C1
:106AF00007F00107DDE91201FFF734FE10900F9156
:106B000020462946FFF72EFE0F9B0AFB1048109ADD
:106B100004460D465FFA88F81292CDE913390E9BB0
:106B20001593089B01330893D1E7069B089A1344F9
:106B30009946002F5DD0B8F1050F5AD114F001032A
:106B40004DD1059A32B9DDE914239D4208BF944224
:106B500062D0059B18194FF00A044FF000024FF065
:106B6000010645F100012546A04271EB020756D20D
:106B7000FBB1B3451DDA0D9B73B106EB09030C9A0B
:106B80001A44012A13460B9AB8BF01239A42A8BFA0
:106B90001A46964293460CDD053009F1010906F1CB
:106BA000FF364FF00A024FF0000341F10001F1F708
:106BB000D7FD5E450FFA89F9079BA8BF5E4636B23E
:106BC000B14406F1050809F1FF3798444FF0000978
:106BD000B1452BDB079B0A9A1F601A71F5E5059BEF
:106BE0002BB9DDE914239D4208BF944209D001234B
:106BF000B0E7059B53B9DDE914239D4208BF9442D9
:106C000004D1099B002BF2D1002EF0D0B8F1040F73
:106C100094BF002301239DE74FF00408F1E705FB33
:106C200002F70136A4FB05423A449DE70A220023FD
:106C3000F1F796FD303209F1010908F8012DC7E797
:106C4000014B5843800C704741340100014B5843BD
:106C5000000D7047FB2E0B00014B5843C00C7047D2
:106C60004F931200024B5843C00C0130704700BFD5
:106C70004F931200024B5843C00C0130704700BFC5
:106C80004F93120070B50346094A00204FF0CC36EE
:106C90004FF0333506FB03F402FB0144A3FB023142
:106CA00021449D4275EB010401D30130F2E770BD30
:106CB000CDCCCCCC1A232DE9F04FB0FBF3FA334EF8
:106CC00003FB1A0389B004460D4606EB0A1653B9B6
:106CD000D6E90023C1E90023D6E90201C5E9020192
:106CE00009B0BDE8F08F2A4A02EBC303D3E900895B
:106CF00004AB404649460093D6E9022304F083FEE4
:106D000006AB83460F46404649460093D6E900232A
:106D100004F079FE00238146DDE9066216EB0B06DE
:106D200052EB070828BF012333B1049B059A0133B6
:106D300042F10002CDE9043220460391FFF79AFFA9
:106D400007461A2000FB0AF0FFF794FF3F1A32466D
:106D5000434648460399009704F070FE0D4A4FEAF7
:106D6000141C640004F01E0352F82C40DC4004F0B4
:106D700003042418304641F10001DDE90423C5E98C
:106D800000414146009704F059FEA7E758C20100B0
:106D900088C1010028C801002DE9F04F1A2700F131
:106DA0001905DFF8E8A089B004460E46B5FBF7F5F3
:106DB0006F434FEA051B0AEB05153A1A0AD1D5E9CC
:106DC0000023C1E90023D5E90201C6E9020109B0A7
:106DD000BDE8F08F2B4B03EBC203D3E9008904AB72
:106DE000404649460093D5E9022304F00CFE5AF8C8
:106DF0000B206B68013ACDE9020106A963F100039B
:106E000040460091494604F0FEFD8A46029900235F
:106E10008146DDE906526D18039952EB010828BF3F
:106E2000012333B1049B059A013342F10002CDE9FD
:106E300004323846FFF71EFF07462046FFF71AFFC9
:106E40003F1A2A46434648465146009704F0F6FD4D
:106E50000D4A4FEA141C640004F01E0352F82C4043
:106E6000DC4004F0030401342418284641F10001F9
:106E7000DDE90423C6E900414146009704F0DEFD48
:106E8000A3E700BF88C101007CC8010028C301003E
:106E900051EC100B0B4631F0004107D190B10D4A77
:106EA0001A40002A14BF042003207047094A1342E5
:106EB0000AD0094B994209D9914209D1B0FA80F020
:106EC0004009704702207047032070470420704734
:106ED000002070470000F07FFFFFEF7F70477FB515
:106EE0000BAB059303930A9B029300231846CDE94D
:106EF0000033F3F713FA07B05DF804FB836800EB87
:106F0000C101B3F5004F2CBF51F8220031F8120037
:106F1000704700EBC1018068B0F5004F2CBF41F80D
:106F2000223021F812307047012208B5FFF7E6FF42
:106F3000D04008BD836800EBC101B3F5004F08D312
:106F40004B681AB143F001034B60704723F0010313
:106F5000FAE74B881AB143F001034B80704723F0E6
:106F60000103FAE753000122FFF7D3BF8368B3F5AB
:106F7000004F34BF04230823C91A081AC0087047F9
:106F80008368481CB3F5004F34BF0423082308333B
:106F9000A0EBD300B0FA80F0C0F11F0070472DE9DC
:106FA000F041174603220E460446FFF7A7FF86422C
:106FB000054607F104080AD10122E368BA4023EA32
:106FC0000203E360002344F82830BDE8F081314635
:106FD00002222046FFF792FF06462B460146032277
:106FE000204644F82850FFF794FF334629462046B0
:106FF000BDE8F0410222FFF78CBF70B50D468668F0
:107000000446FFF791FFB6F5004F014601D3012872
:1070100009D02046FFF7B4FF294602462046BDE8C6
:107020007040FFF7BCBF70BD2DE9F0470546FFF784
:10703000A7FF05EB800ADAF8109088460646B9F1FA
:10704000000F1BD00327DAF8104028462146FFF72F
:107050006BFF404507D3324621462846FFF79FFF86
:107060002046BDE8F087032221462846FFF746FF69
:10707000013FCAF8100001D08145E4D14FF0FF3440
:10708000EB680136B4401C40EAD094FAA4F2B2FA9C
:1070900082F2131D55F82340DEE72DE9F041144636
:1070A0000E460546FFF740FFA4EB0608371B0744D2
:1070B000424631462846FFF755FF3A4621462846C4
:1070C000FFF750FF4346002221462846FFF721FFE5
:1070D00021462846FFF728FF3B4621180022284674
:1070E000BDE8F041FFF715BF2DE9F0411646044613
:1070F0000F46FFF719FF314605462046FFF714FFFC
:1071000005442A4639462046FFF72CFF31462046E3
:10711000FFF70AFF2B46311800222046BDE8F04158
:10712000FFF7F7BE2DE9F0410D4686680446FFF7EC
:10713000FBFEB6F5004F014601D3012832D02046B0
:10714000FFF71EFF04EB80010E6996B90122E36888
:1071500082401343E36002220D612B4629462046FC
:10716000FFF7D7FE032229462046BDE8F041FFF78E
:10717000D0BE022231462046FFF7C0FE0746034636
:1071800029462046FFF7C5FE0322334629462046FE
:10719000FFF7BFFE39462B462046FFF7BAFE022214
:1071A0003146E1E7BDE8F081F8B50C460546FFF74A
:1071B000BBFE2618012231462846FFF79FFEC30773
:1071C0000CD431462846FFF718FF21462846FFF722
:1071D000ABFE214622182846FFF786FF00222146F3
:1071E0002846FFF78BFE271A012239462846FFF76B
:1071F00085FE10EA020613D139462846FFF7FDFE48
:10720000214632462846FFF779FE2246211A2846B3
:10721000FFF76AFF214632462846FFF76FFE241A21
:1072200021462846BDE8F840FFF77CBF2DE9F8432A
:1072300005460C46FFF79AFE0646A86802F00701CD
:10724000B0F5004F2CBF0827042707EBC6032B44DB
:10725000E31A073103F0070439442144DC0804EB46
:10726000D20404EBD104844228BF044631462846A8
:10727000FFF75AFE844207460ED012D2344422460B
:1072800031462846FFF709FF314601222846FFF71D
:1072900051FE2146FFF788FF4FF001084046BDE848
:1072A000F88306EB0009012249462846FFF726FE2F
:1072B00010EA020826D149462846FFF735FE384431
:1072C0008442EBD849462846FFF797FE49462846B0
:1072D000FFF72AFEE71B874209D234444946284675
:1072E0002246FFF7DAFE21462846FFF71BFF4A46F3
:1072F00031462846FFF7F8FE012231462846FFF7BF
:1073000019FEC9E74FF00008C8E738B571B1056844
:1073100000222846FFF72AFE044601462846FFF7CA
:1073200009FE2146BDE83840FFF73EBF38BD70B5C5
:1073300005680C462846FFF719FE06460146284612
:10734000FFF7F2FD05EBC605C4EBC000284470BD95
:1073500070B5056809B9002070BDAB6801F007047D
:10736000B3F5004F2CBF0822042207341444E4086C
:1073700004EBD1049C4228BF1C4628462146FFF757
:1073800053FE06460028E6D001462846FFF7CCFD0E
:10739000A04209D93444314628462246FFF77DFEF3
:1073A00021462846FFF7BEFE284601223146FFF758
:1073B000C1FDAB68B3F5004F34BF0423082303EBD2
:1073C000C6031844C8E71146FFF7C2BF2DE9F843CA
:1073D00006681446B26801F1FF39B2F5004F34BFB8
:1073E0000423082319EA01090F460BD0494239400A
:1073F0008B424F4628BF0B46894654B90025284684
:10740000BDE8F8839942F8D82146BDE8F843FFF774
:107410009FBFB2F5004F2CBF08250425FB1AE108D9
:1074200004F0070001EBD301073003F00703034426
:107430002B4401EBD301914228BF11463046FFF7A0
:10744000F3FD80460028D9D0B36809EBC005B3F539
:10745000004F34BF042308231D4435447B1E1D44C4
:10746000B5FBF7F57D43A5EB090529463046FFF747
:107470007DFD2C44073424F00704A41B80450746F7
:107480004FEAE40408D2024641463046FFF705FEC3
:1074900041463046FFF746FE39463046FFF744FD89
:1074A0003844844208D2394630462246FFF7F5FD7B
:1074B00021463046FFF736FE012239463046FFF7B7
:1074C00039FD9CE7F8B5064617461D460C4629B916
:1074D0001A463946BDE8F840FFF778BF23B9FFF7F1
:1074E00014FF00242046F8BDE2B1531E194219D002
:1074F00039462A463046FFF769FF07460028F0D094
:1075000021463046FFF713FF85422A46214628BF11
:107510000246384603F0B3FF21463046FFF7F5FE3A
:107520003C46DFE72A4621463068FFF77FFE002809
:10753000DED0D7E7B2F5802F2CBF082304232DE936
:10754000F0410026D21A8C18CD1D25F0070524F035
:107550000704641BE408056021462846AC60EE6021
:10756000FFF70EFD421D9200013002F107074FEABE
:10757000D7073146A2F1100205F11000B8BF32461C
:1075800003F08AFF3A4631462846FFF7EBFC3346C4
:10759000324631462846FFF7BCFCA4EB07082846D4
:1075A00031460122FFF7C6FC42463946FFF7DAFCB6
:1075B0003B46324639462846FFF7ABFC2146284673
:1075C000FFF7D0FC4346324621462846FFF7A1FC90
:1075D000214628460122FFF7ADFC3946BDE8F041BF
:1075E000FFF7A0BD2DE9F04706460D461746984621
:1075F0002BB34FF0000A98F8004093F80190DB7825
:10760000A40004EB430498F802301C444444CA45E7
:1076100009D339463046AC46D8F8042008F10803AF
:10762000BDE8F047604714F8013B0AF1010A204623
:1076300048F82340F1F7C0F801300444E7E76FF061
:107640001500BDE8F087F0B4D1E90054D0E900326C
:10765000002A16DA002C08DA4FF000465F4266EB8B
:107660000206BD4274EB06061ADB5B1942EB04020C
:10767000C0E9003283688A6813448360F0BCF2F783
:1076800035BA53EA0206F0D0012D74F10006ECDBA6
:10769000DE43AE426FF00046A6EB0206A641E3E7EA
:1076A0000020F0BC7047002070470FB407B504A954
:1076B00051F8040B019100F066F903B05DF804EB9A
:1076C00004B070470CB4034607B504AA084652F844
:1076D000041BDB680192984703B05DF804EB02B02D
:1076E0007047FBF78DBFFCF703B8F2F7C1BAA0F102
:1076F0003003DBB2092B02D800200B707047A0F1D9
:107700006103052B02D85738C3B2F5E7A0F1410356
:10771000052B01D83738F7E76FF015007047F7B53C
:10772000054601F0010000EB51069E424FEA510769
:1077300003D90026304603B0F0BD58B128780DF1CA
:107740000701FFF7D4FF0028F3DB9DF80730013570
:1077500002F8013B01351744BA42EBD015F8010C91
:107760000DF10701FFF7C3FF0028E2DB9DF807409A
:107770002401E4B2147015F8020BFFF7B8FF0028DB
:10778000D7DB9DF807301C4402F8014BE4E7038B7C
:1077900013F0070305D10368002B0CBF0020032062
:1077A0007047022B05D1408BB0FA80F04009800071
:1077B0007047012B05D10368002B0CBF002005206A
:1077C00070470020704710B50C4600B111B96FF03A
:1077D000150010BD081D00F094F80028F9D1A36829
:1077E000032BF6D9F3E72DE9F0410D46074619467C
:1077F000281D90461E4600F098F8044638B13346DE
:10780000424629463846A446BDE8F0416047BDE8F7
:10781000F08110B4EFF31182202484F31288BFF3B7
:107820006F8F41615DF8044B0121F2F767BB38B5FA
:107830000C46054658B151B10B6843B14B6833B1A2
:107840001C22002103F028FE00202C6138BD6FF0BF
:107850001500FBE770B505460E46FFF7B4FF041EA2
:1078600014DBEFF31182202383F31288BFF36F8FB1
:107870004FF6FF716B8B2C8B8B4204F0070407D102
:1078800082F31188BFF36F8F6FF00A04204670BD3A
:10789000022C0CD101336B8382F31188BFF36F8FFD
:1078A0000023224631462846FFF79DFFEEE7062CCF
:1078B00014D8DFE804F004131313041A040000239F
:1078C00033606B683BB9C5E90066ACB90221284654
:1078D000F2F714FBDAE71E606E60F6E782F31188B8
:1078E000BFF36F8F6FF00404D0E782F31188BFF30A
:1078F0006F8F6FF08504C9E782F31188BFF36F8F34
:10790000C4E7034640B1426802F00302022A06D0EF
:10791000032A04D0012A05D06FF0150070471A68B9
:10792000002AF9D000209860704710B542680346DD
:1079300002F00302022A4FF00004816007D0032AFC
:1079400002D05C60002001E018685C6010BD18681F
:107950005C600028F6D0FCF7E3FFF3E770470020F7
:10796000704700F0E4BE0346D3E8EF0F421CC3E8C3
:10797000E12F0029F8D17047002108B50846F2F739
:10798000CBFB002008BD1FB50023CDE902011A463C
:1079900019461846CDE90033F2F7C0FC05B05DF892
:1079A00004FB7047002070474368DA710122436886
:1079B000196043685A71FFF7F4BF70B50E4615465B
:1079C0001946044618B9BDE87040F2F769BC33B1F6
:1079D000C2F34A231030120D184403F050FDC4E9DD
:1079E00000562046BDE87040F2F76EBC7FB50BAB89
:1079F000059303930A9B0222029300231846CDE9C4
:107A00000033F2F78BFC07B05DF804FBF8B50646CF
:107A10000D4614461F4604B9F8BD214628463A468D
:107A2000B047241A0544F6E707B5D1E900328DF8CE
:107A30000700012152680DF107009847002003B0AC
:107A40005DF804FB0A2838B504460D4602D10D2026
:107A5000FFF7EAFF29462046FFF7E6FF002038BD82
:107A60002DE9F043054687B008460E8891F800904E
:107A70000C46D1F808801746F2F7A6FC011EC6F3A3
:107A80008216C9F3C2091EDB4846F2F739FC0346E9
:107A9000214651F8102B6088C2F34A22002A01EBDC
:107AA000020408BF00210022C0F30B10CDE9040737
:107AB000CDE902142846414601960092F2F7B0FC47
:107AC00007B0BDE8F0830023E2E7436800201B68AD
:107AD0005B689961704743681B681A685268536015
:107AE000704701212DE9F04143681B685A681177FE
:107AF0001D682F68D5E90136D3E900481CB96B68C9
:107B00001C60BDE8F081214630464246B847241A41
:107B10000644F3E770B543680C461D686B689869C6
:107B2000F2F764FB214603460F222868BDE8704047
:107B3000184710B1C06800F083B9704703F0ACBCBF
:107B400003F09DBC7FB50BAB059303930A9B012209
:107B5000029300231846CDE90033F2F7DFFB07B0AC
:107B60005DF804FB01460068F2F724BF08B5F2F7A0
:107B7000B7FFBDE80840F2F7D7BF7FB50BAB059361
:107B800003930A9B0122029300231846CDE9003398
:107B9000F2F7C4FB07B05DF804FBEFF314835A0758
:107BA00012D500F1400280EC100A82EC108AF1EE4E
:107BB000102AC0F88020012223F0040380F88420DA
:107BC00083F31488BFF36F8F704790F884308BB1C4
:107BD000EFF3148343F0040383F31488BFF36F8F30
:107BE000D0F88030E1EE103A00F1400390EC100A3A
:107BF00093EC108A704700210120F2F7DBBED0F829
:107C0000983083F30B887047F3F708BC61B662B60F
:107C100080F31188BFF36F8F704772B6002383F330
:107C20001188BFF36F8FBFF34F8F30BF62B6BFF3C2
:107C30006F8F704772B6002383F31188BFF36F8F85
:107C4000BFF34F8F20BF80F31188BFF36F8F62B6F1
:107C5000704740E800F313F4803FD8B208BF6FF0DC
:107C6000150070477FB50BAB059303930A9B012268
:107C7000029300231846CDE90033F2F74FFB07B01B
:107C80005DF804FB30B50C684B6885B00A894D89F6
:107C90000094013B24F01F04234402F01F0242EA37
:107CA000451223F01F0369468DF808200393F3F76C
:107CB00061FC05B030BD08B5D1E90431984700201A
:107CC00008BD08B5F3F758FE002008BD0CB4034604
:107CD00007B504AA084652F8041BDB6801929847CE
:107CE00003B05DF804EB02B070472DE9F041141EBB
:107CF00005460E4613DB4FF4004740F2E730002103
:107D00004FF47A720023C4FB0701F0F729FD024605
:107D10000B4631462846BDE8F041F3F7A7BE4FF0C9
:107D2000FF321346F5E72DE9F14F80460D46164622
:107D30001F46F4F793F840B13B4632462946404689
:107D400001B0BDE8F04FF4F795B85421012003F0DD
:107D500077FB0446386000285CD0B8F1000F26D0CD
:107D60006EB3D6E902B9B9F1020F2ED04FF0060A70
:107D70004FF001094046F0F71FFD04F124060146CB
:107D80003246404600F04BFA88B1B4F82480BBF18B
:107D9000000F01D0D8450AD1D5B10A2200212846CA
:107DA000FDF7DAF84FF6FE73421E9A4211D9386891
:107DB00003F03FFB00236FF001003B6027E04FF032
:107DC000060A4FF00109B346D4E74FF0110AD1E794
:107DD0002846B8F1010FC4E90289C4F810A005D003
:107DE000B8F1020FE3D11823E66101E00823E66150
:107DF000A36104F13C032362002384F83C30236038
:107E0000030243EA20230020E384A4F8248001B085
:107E1000BDE8F08F6FF00900F9E710B50446F4F7FC
:107E20001DF820B12046BDE81040F4F72DB82046DB
:107E3000BDE8104003F0FDBAFBF7E2BBFBF758BC0E
:107E4000F1F7B8BF38B103682BB11B689B682BB141
:107E50005B681BB1184700239B68FFDE002070475A
:107E600008B5F4F749F8F4F7A5F8002008BD10B1FB
:107E7000006800B14068704710B1006800B1006848
:107E8000704728B1006818B1C069003818BF0120D8
:107E9000704738B1006828B10C30D0E8AF0F084106
:107EA00000F00100704760B1036853B101220C3348
:107EB00002FA01F1D3E8EF0F0843C3E8E20F002A0A
:107EC000F8D1704768B103685BB1012202FA01F191
:107ED000C9430C33D3E8EF0F0840C3E8E20F002A90
:107EE000F8D17047FBF78CBB4FF0FF324FF0FF33F8
:107EF0001830FFF7F7BF10B50346FFF7B8FF28B1FA
:107F0000C2681AB1BDE810401846104710BDFBF713
:107F1000EFBB2DE9F04103680021044693F820608F
:107F2000FFF7B7FF90BB02252368002B4BD02746F5
:107F3000204683F82050FFF7D7FF57F8188B03F03F
:107F4000F0F84FF47A72A0FB020302FB0131C00B80
:107F500040EA4140C90BC8E90A013846FFF7D7FF9C
:107F6000236893F82030AB422DD1062D24D1062E64
:107F700029D008212046FFF796FF2046FFF781FF12
:107F800008BB2046BDE8F041FFF7B5BF2046FFF72C
:107F900073FF02F0E2FD68B109212046FFF779FF87
:107FA0000028C0D00A212046FFF773FFC0F1060564
:107FB000EDB2B9E70325B7E7062E04D10821204624
:107FC000FFF780FFD9E7BDE8F08138B50546FFF738
:107FD0008BFF00212846FFF75CFF10BB2846FFF708
:107FE00046FF044680B1846874B12846FFF744FF19
:107FF00002F0B3FDC0B12846FFF739FF01218368C5
:1080000028469847041E06DB28460021FFF74BFF51
:108010002846FFF77EFF05F11800FFF778FF20469E
:1080200038BD6FF07704F6E76FF00504F3E708B5A5
:108030000346FFF726FF48B11846FFF71DFF836888
:10804000986818B18047C31E5842584108BD37B5DB
:1080500004460A220D4601A9FDF784F8019A034659
:10806000A24200D150B1207830B1107830B9B3F5C8
:10807000803F01D201202B8003B030BD0020FBE700
:108080002E292DE9F0479A4680460B460F46914629
:1080900028BF2E2300248EB0A3420EDC1C462246AD
:1080A000BAF1000F53D05D21404603F0DAF90646DD
:1080B00048B900200EB0BDE8F08718F80420002A67
:1080C000EDD00134E8E708F10101431A9C42A8BF52
:1080D0001C4602A8224603F0D2F9002504F1380319
:1080E0006B4403F8305C022009F1040202A9F3F7A3
:1080F00075FFA842DDDB0223A9F80030BAF1000FBA
:1081000023D0731CB84443451FD272783A2A1CD13D
:10811000033F3F1BB11CBD421FDB3D462A4602A860
:1081200003F0ADF905F138030DEB030400230DF165
:10813000060102A804F8303CFFF789FF0028B8D0F8
:10814000BDF806305BBAA9F802300120B2E741461B
:1081500002A803F094F95646BFE713F8012F002A4E
:10816000DCD00135D7E710292DE9F04399460746C1
:108170000B460C46904628BF1023002587B0AB4223
:108180000EDC1D46B9F1000F47D02A463A21384689
:1081900003F067F9064640B9002007B0BDE8F08358
:1081A0007A5D002AEED00135E9E7C31B9D42A8BFE6
:1081B0001D46394600272A4601A803F060F905F15B
:1081C00018036B4403F8147C012008F1040201A990
:1081D000F3F704FFB842DFDB0123A8F80030B9F160
:1081E000000F18D0013C641BF118224601A803F0CF
:1081F00046F904F118030DEB03040DF1020101A887
:1082000004F8147CFFF723FF0028C5D0BDF8023026
:108210005BBAA8F802300120BFE74E46C9E770B547
:108220000D461646044650B341B3037843B35B2B67
:1082300013D000230246081812F8011B21B13A2975
:1082400008BF01338242F7D1012B0BD132462946B8
:108250002046BDE87040FFF786BF0123BDE87040AF
:10826000FFF70EBF0023324629462046FFF77BFF6B
:1082700028B90346324629462046EFE7084670BD36
:108280001846FCE70C220369C9B201FB0233186CE3
:1082900000F00700704770B5C9B20369EFF31185AC
:1082A000202484F31288BFF36F8F0C2606FB013461
:1082B000246C14F0C00408D0A24206D085F31188C3
:1082C000BFF36F8F4FF0FF3070BD012271430B443D
:1082D0001A6485F31188BFF36F8F43680B445B68A2
:1082E00098470020F0E78022FFF7D5BFF8B5069F3A
:1082F0000469C9B2EFF31186202585F31288BFF314
:108300006F8F0C2569430C44256C05F0070CBCF1FC
:10831000010F0BD1276486F31188BFF36F8FC4E977
:108320000E2343685B5898470020F8BD05F0C00550
:10833000AF4286F31188BFF36F8F0CBF6FF07700E9
:108340004FF0FF30F1E713B580240094FFF7CEFF24
:1083500002B010BD10B41C240069CBB203FB0400B2
:1083600000215DF8044B10471046FBF743BA00F0BC
:10837000E7BFF8F719B9084608B51146F7F75CFEEC
:10838000002818BF6FF0040008BD08B500F0B7FE64
:10839000002818BF6FF0040008BD436800205B6828
:1083A0001B690B607047436802EA01005B6821EAC1
:1083B000020198600020D9607047436800205B6824
:1083C00099607047436800205B68D96070474368D4
:1083D0005A68536821EA03000B4090600020D36084
:1083E000704710B503695868F8B1884219D19C6884
:1083F0000868A142586000D19860002008602AB146
:108400005A680A609A68596002B99960002010E0C1
:10841000814206D10868206098688142EDD19C6055
:10842000EBE7044600680028F2D1002AE8D16FF09B
:10843000150010BDF8F7D2B930B543681360057A5E
:10844000446804EBC504A34202D36FF0010030BDC1
:108450005C798C4201D00833F0E70020F7E74368ED
:108460001B68D3F88004C3F880047047426813681F
:10847000D3F8100150B10020D26912780A70C3F805
:108480001001D3F8102101221A6070474FF0FF301D
:108490007047002A0FDD42681368D3F8100158B105
:1084A0000020C3F81001D3F810010120D26912781E
:1084B0000A70186070470020704710B543681C6848
:1084C0000369EFF31180202282F31288BFF36F8FCC
:1084D0001A68D17B39B9917301221B68DA734FF4A2
:1084E0008003C4F8043380F31188BFF36F8F10BD8D
:1084F00003691A68D17B21B10121917300221B68A5
:10850000DA737047026903461168C87B40B15B6843
:108510001B68D3F8580118B100230B6113689889C0
:10852000704743681B68D3F81001003818BF01205A
:10853000704743681B68D3F80423D2065CBF10223F
:10854000C3F80423704743681B68D3F80423D2069A
:1085500044BF1022C3F8082370474FF400724368E9
:108560001B68C3F8042370474FF4007243681B680C
:10857000C3F80823704738B5436804461D68D5F82A
:1085800004335B0205D4D5F8040310F0100006D1C3
:1085900038BDFFF7B7FF0028F5D00120F8E72046E7
:1085A000FFF7BFFF003818BF0120F1E70120704737
:1085B0000369186801601B685A60704702680346C7
:1085C000D2F8580140B95B68DB0706D4D2F8200125
:1085D000003818BF012070470120704710B443686D
:1085E00002691B68D3F80413C90517D5D3F8201105
:1085F000A1B1EFF31181202484F31288BFF36F8FB0
:10860000D3F8204134B10024C3F82041D3F82041ED
:108610000124DC6081F31188BFF36F8F1168D3F8F8
:10862000584171B184B100240C611168C97B19B93A
:108630004FF48001C3F8081311688C7B24B1002328
:108640008B735DF8044B7047D3F8241121B10021DE
:10865000C3F82411D3F8243112681368002BF0D02A
:1086600051685DF8044B184713B501AA0446FFF79B
:10867000E3FE002805DB019B226819791868F4F7EE
:10868000A9F802B010BD6FF0850070472DE9F041E8
:1086900006690546336801279C8910339442A8BFB8
:1086A0001446D3E8EF2F002A03D1C3E8E07F002867
:1086B000F7D10CBF3B4600232BD133682246986884
:1086C00002F0DDFEEFF31188202383F31288BFF35D
:1086D0006F8F69680846FFF771FF326840B904463A
:1086E000106188F31188BFF36F8F2046BDE8F081D9
:1086F0000B689268C3F844250022C3F84845C3F8C4
:108700002021D3F82011C3F85821D3F858219F60B5
:10871000E7E71C46E9E7002200F150039B009BB20B
:1087200003F1804303F5A8331A601B68704708B54E
:10873000F4F772FA08BD7FB50BAB059303930A9B60
:10874000029300231846CDE90033F1F7E7FD07B0A7
:108750005DF804FB02F0E5B902F0B8BBFBF74AB8DC
:108760004B1C70B5054617D021EAE1744FF4004662
:1087700040F2E73000214FF47A720023C4FB060177
:10878000EFF7EEFF02460B462846FBF76DF8002890
:1087900018BF6FF00A0070BD4FF0FF321346F3E7C9
:1087A000FAF7A6BF4B1C70B5054617D021EAE17455
:1087B0004FF4004640F2E73000214FF47A72002374
:1087C000C4FB0601EFF7CCFF02460B462846FAF73A
:1087D00017FF002818BF6FF00A0070BD4FF0FF327E
:1087E0001346F3E700207047006801F0D7BB38B5A7
:1087F000044604B938BDE069256802F01AFE204637
:1088000002F017FE2C46F4E7FAF7FABEFAF770BF4B
:10881000002307B5CDE90033F4F760FF03B05DF83E
:1088200004FB2DE9F04F064680688BB00C46DDE96D
:1088300014579046994608B1FFF7E8FFD6F800A014
:1088400005B1AFB900232146CDE9003342464B467E
:10885000504601F0BCFD0446B06828B14FF0FF322D
:108860004FF0FF33FFF7D0FF20460BB0BDE8F08F8D
:108870004FF0160B04AB5A460021184602F00CFECE
:1088800003AACDE9000221464B4642465046CDF8A8
:108890000CB001F09CFD041EDEDBBDF81020012AA7
:1088A0000AD1039B082BD7D1BDF812102A80059A54
:1088B00069806A603B60CFE7022ACDD1039B162B0B
:1088C000CAD1BDF812300DF1140C6B802B460DF19E
:1088D000240E23F8042B624603CA724518605960BF
:1088E000944603F10803F6D19DF824302B75182324
:1088F000E0E7002307B5CDE90033FFF792FF03B0AF
:108900005DF804FB38B505460068F9F795FB0446A9
:1089100010B92846F4F7C6FF204638BD2DE9F04FC0
:1089200014460E4600218BB00546202202A81F46A1
:10893000019102F0B1FD5CB163680293E3680493B6
:10894000A368039323690593236A03B1089302ACD8
:1089500031462246284601ABF9F732F8064648B9B7
:10896000804681464FF0180A019D386035B901985C
:1089700001F0CBF930460BB0BDE8F08F5420FCF786
:1089800013F8044600284FD0C0F80090C0F820909B
:108990002B684360AB68C3606B688360EB680361FE
:1089A000D5F804B0BBF1010F15D10820FBF7FCFF8F
:1089B000E061002835D00823A3616B695A88A0F8CC
:1089C00000B042805B684360B8F1000F2FD13C607B
:1089D000A046ED69CAE7BBF1020F09D002F029FDFC
:1089E0006FF005063868FFF702FF00233B60BEE723
:1089F0001820FBF7D9FFE06198B1C4F818A06A69A4
:108A00005388111D4380034602F1140C23F804BB64
:108A100051F804EB614543F804EBF9D1137D03757C
:108A2000D2E7204602F005FD6FF00906DAE7C8F844
:108A30000040CDE7F0B5056808880B46012887B0EF
:108A40000DD14A884B68ADF802200822ADF800002D
:108A500001936946284601F0B9F907B0F0BD022834
:108A600015D14A88ADF80000ADF8022001AE0A1D0C
:108A700001F11407344610685168083203C4BA4241
:108A80002646F7D11B7D16228DF81430E1E72846E3
:108A900007B0BDE8F04001F099B97FB50BAB059385
:108AA00003930A9B029300231846CDE90033F1F7A4
:108AB00035FC07B05DF804FB7FB50BAB0593039362
:108AC0000A9B029300231846CDE90033F1F726FCF8
:108AD00007B05DF804FBF5F7A9B903780D2B07D1B2
:108AE00043780A2B04D18078003818BF01207047E2
:108AF000002070472DE9F0431F46002385B005464E
:108B000089461646CDE901339DF830800393002A4B
:108B100040D0002F3ED0F5F737FB044688B9AB684C
:108B2000013B99429CBF2B68C5E90130284601A949
:108B3000F5F73EFBAB680446013B994505D9002893
:108B4000F4D0204605B0BDE8F0830028F9D19DF8A7
:108B50000C30013B082B20D8DFE803F00808080898
:108B60001F08080508006FF03C04EAE7029DB8F111
:108B7000000F03D0019B33603D60E2E73A686B1C55
:108B80009A420DD32A463046019902F078FC06F845
:108B90000580F1E76FF01504D3E76FF05E04D0E7CE
:108BA0006FF00B04CDE77FB5002306460D46CDE9F7
:108BB00001330393A1B1F5F7E7FA044668B93046EB
:108BC00001A9F5F7F5FA0028F9D0B3682B60431D29
:108BD00003D010F10B0F18BF0446204604B070BD3F
:108BE0006FF01504F9E70223F5F786BB13B50024EF
:108BF0000094FFF77FFF02B010BD0B7830B5412B1A
:108C000022D017D8252B03D003F0F703232B13D141
:108C10004B785A2B15D8402B02D8303B092B0BD858
:108C20004B1C5C785D1C3A2C37D02DD8303C092C7D
:108C30002ED901E0612B07D00023C0E90033836007
:108C400030BD613B192BEAE74B7803F0DF03542B6F
:108C5000F2D18B788D1C233BDBB2082B0DD840F270
:108C6000051424FA03F3DB0707D5CB785A2B1CD85D
:108C7000402B1FD8303B092B1CD902B115606D1A4F
:108C8000016045600323DAE75A2C03D8402CD3D97E
:108C90002B46C6E7613C192CCAE7023342B95B1A7E
:108CA000013B436001600423C9E7613B192BE3E703
:108CB0001360F4E7CB1C5C785D1C3F2C1CD012D8F1
:108CC000392C03D82F2CD8D92B46F4E73D2CD4D1FE
:108CD0009C783F2C18D1033302BB5B1A023B4360E4
:108CE00001600123ABE75A2C02D8402CC5D0EBE73A
:108CF000613C192CE8D9C0E702336AB95B1A013B21
:108D00004360016002239AE7023302B113605B1AE9
:108D1000013B01604360B5E71360EFE71360DCE7F8
:108D200030B50B78203B192B47D8DFE803F00D4610
:108D30002046464646464146464B6B4B464676875E
:108D400087878787878787874C784B1C223C172C1F
:108D500033D8DFE804F04532323232324832325111
:108D600058513232637575757575757575754B1C0F
:108D7000497811B3222965D01C4614F8011FE1B1CE
:108D80002229FAD1194623465C782C2C14BF5D1C8D
:108D90009D1C15F8014C02B115605B1A4360062357
:108DA000016003722C2C14BF00230123437208E0DE
:108DB0004B7813B1283B012B46D80023C0E9003380
:108DC000836030BD4B78313B082BF6D80B46013120
:108DD00011F8014F2C2C4ED0303C092CF8D921E051
:108DE0008B1C8978C5E78D78292DE6D0282D01F1D7
:108DF0000204E2D055BBE0E78C78313C082CDCD88B
:108E00000231E5E70B460AB1591C116003600023EB
:108E100043604FF484730381D3E70B465C78591C9D
:108E20002C2C28D00C4611F8015C02B11160E41A18
:108E300003600523446003722C2DB4E70B46C7E79B
:108E40001946C5E719469FE70B464C1C6578282D47
:108E5000B3D0292D01D00134CCE7A578A11C2C2D4D
:108E60000CD00C4614F8015C02B11460C91A0360FE
:108E700041600723DFE70C460131D4E70334F1E713
:108E800008B5F5F761FC002008BD7FB50BAB059375
:108E900003930A9B029300231846CDE90033F1F7B0
:108EA0003DFA07B05DF804FBF6F7C0B8F6F7F2B884
:108EB000F6F734B9F5F7D2BDF6F736B808B9F6F7D4
:108EC0009BBA70477FB50BAB059303930A9B0122B6
:108ED000029300231846CDE90033F1F71FFA07B0DB
:108EE0005DF804FB7FB50BAB059303930A9B01224E
:108EF000029300231846CDE90033F1F70FFA07B0CB
:108F00005DF804FB7FB50BAB059303930A9B0293BB
:108F100000231846CDE90033F1F700FA07B05DF8F9
:108F200004FB7FB50BAB059303930A9B01220293CD
:108F300000231846CDE90033F1F7F0F907B05DF8EA
:108F400004FB7FB50BAB059303930A9B02930023AD
:108F50001846CDE90033F1F7E1F907B05DF804FBFD
:108F600000B58FB038220021684602F095FA0B2335
:108F70008DF80030012368468DF80830F5F774FB52
:108F80000FB05DF804FB7FB50BAB059303930A9B11
:108F90000122029300231846CDE90033F1F7BEF910
:108FA00007B05DF804FB7FB50BAB059303930A9BF9
:108FB000029300231846CDE90033F1F7AFF907B06B
:108FC0005DF804FB7FB50BAB059303930A9B01226D
:108FD000029300231846CDE90033F1F79FF907B05B
:108FE0005DF804FB08B5F6F7ADFA002008BDF6F70A
:108FF000C7BA7FB50BAB059303930A9B029300237B
:109000001846CDE90033F1F789F907B05DF804FBA4
:109010007FB50BAB059303930A9B022202930023B7
:109020001846CDE90033F1F779F907B05DF804FB94
:109030007FB50BAB059303930A9B0293002318465D
:10904000CDE90033F1F76AF907B05DF804FB7FB5AD
:109050000BAB059303930A9B01220293002318464E
:10906000CDE90033F1F75AF907B05DF804FB08B514
:1090700000F045F848B1002383F31188BFF36F8FE8
:109080000423184602DF6FF0040008BD7FB50BAB68
:10909000059303930A9B0122029300231846CDE90E
:1090A0000033F1F73BF907B05DF804FB00B589B078
:1090B00006AB02930823039301AB049304230791A7
:1090C000CDE9053004AA184602A9F6F78FFF022859
:1090D000019B09D003280AD060B9181E18BF0120CF
:1090E000404209B05DF804FB6FF01500F9E76FF03E
:1090F0008500F6E74FF0FF30F3E7002070470020CF
:109100007047002110B50A460446635CA3F13000A5
:10911000092807D8303A032903EB02000FD00201D7
:109120000131F2E7A3F14100052801D8373AF2E70F
:10913000A3F16100052801D8573AECE7002010BDE3
:1091400010B528B1016881B1D0E901329A4205D346
:1091500010BD8C5C202CFBD8013282608268934267
:10916000F7D8F5D1013B8360F2E70846F0E710B18C
:10917000806800B101B9704700680139F9E7F8B5B6
:109180000D46044678B369B38468DAB95CB3236AE0
:10919000ABB1AB421ED06E1E013B16F8011F084654
:1091A000A1F14102192A13F8012F98BF01F1200003
:1091B000A2F14107192F98BF203282420FD02468B4
:1091C000E4E724687CB1216A21B12846EFF7E2FA8E
:1091D0000028F6D1236A002B08BF002403E00029F1
:1091E000DBD1F7E70C462046F8BD034610B5282032
:1091F0009847044618B12822002102F04DF9204674
:1092000010BD70B50D461646044648B1EFF7D4FAC6
:1092100033462A46411C2046BDE87040F7F766B841
:1092200070BD00221146FFF7ECBF10B1836800202B
:1092300003B970471B680130FAE7002901DBFFF72B
:1092400096BF002070470022FFF799BF20B1007B36
:10925000A0F1080358425841704720B1007BA0F1AB
:10926000100358425841704720B1007BA0F1200301
:1092700058425841704703460020184701F051BC3E
:10928000024610B5116891B1B1FA81F3C3F11F0024
:109290000123834021EA0303D2E8EF4F8C4204D13B
:1092A000C2E8EC3FBCF1000FF6D1EBD110BD6FF07E
:1092B0000B00FBE710B50368CB40DB0710D401239C
:1092C0008B40026843EA0201D0E8EF4F944204D198
:1092D000C0E8EC1FBCF1000FF6D1F2D1002010BDA8
:1092E0006FF01500FBE770B50D46002106460846F5
:1092F0001446F7F77BF848B9237843F00043C6F8E3
:109300008030237843F00043C5F8803070BD10B141
:10931000012802D07047F7F747B9F7F7E5B818B159
:10932000012803D100F00AB800F00AB8704708B568
:10933000F7F7F6F8BDE80840F7F77AB9F7F7A8B8F5
:10934000F7F706B9F7B51646DDE90847019001A819
:109350001D46F7F7A9F9019BB6F1000C18BF4FF0B5
:10936000010C00EB83000B1E18BF0123002D43EA04
:109370004C0314BF4FF00C0C4FF0000C002C43EAD0
:109380000C0314BF4FF4E06C4FF0000C002F43EAC5
:109390000C0314BF4FF4403C4FF0000CD0F80022F7
:1093A00043EA0C0322EA030301B109780EB13678CF
:1093B000760019430DB12D78AD0031430CB12478FE
:1093C000240229430FB13F783F040C433C43C0F8CB
:1093D000004203B0F0BD1FB50DF10F030193002350
:1093E0008DF80F101A4619460093FFF7ABFF05B032
:1093F0005DF804FB70B5CBB2083330F81330164675
:10940000DA0504460D4609D5C3F3432300EBC30236
:10941000314650F83330526828469847A3682BB13C
:1094200031462846E268BDE87040184770BD10B468
:10943000CBB200EB43039A8AD1051CD5C2F343217A
:1094400022F4F8529A8200F1520400F1120232F82A
:10945000023F13F4807F03D0C3F3432399420AD021
:10946000A242F4D1002200EBC1035A605DF8044B24
:109470005830FFF71FBF5DF8044B7047F0B5044646
:10948000002001270546844695420AD1D4F87C3154
:1094900033B10023C4F87C31D4F87C3140F0004073
:1094A000F0BDEBB29B0003F580769B0807FA03F34F
:1094B000194208D054F806E0BEF1000F03D044F87A
:1094C00006C0A65918430135DEE70246CBB202EBCF
:1094D00043039B8A0846990611D599070FD40121A9
:1094E00010685B0B9940C0F80813126802EB830305
:1094F000D3F8102522F00302C3F81025704700218D
:10950000FFF769BFF0B5136805460C46164685B0EF
:10951000DBB1CFB200EB4707BA8A02F02202222A5F
:109520001ED000222046CDE900228DF80E208DF8B5
:109530000F200DF10E010DF10F02FFF703FFBB8AA3
:1095400023F0020343F00103BB82736823B31A784C
:109550005868E3B205EB4303998A8F0703D5A8B196
:109560006FF015001BE021F4604121F02001998289
:1095700060B1032AF4D8716848682968077801EB5C
:10958000870172B9C1F81025C1F81025998A21F018
:109590001C0141EA82029A82B3684BBB002005B0ED
:1095A000F0BDD1F8100520F00300C1F810052868BF
:1095B00000EB8700D0F8101521F4473121F44071F9
:1095C000C0F810152102D0F810C501F4F85141EA95
:1095D000024141EA0C01C0F8101505EB4701A1F862
:1095E0005C40998A41EA473141F020019982CDE7F8
:1095F0002146D3E900672846FFF719FF002ECDD09A
:109600006B689E4206D005F15800FFF739FE00282E
:1096100004DAC4E7AB689F42F5D1002005EBC00334
:10962000C3E90167E4B205EB4404A38AC0B243EA8C
:10963000402343F48073A382B0E7F0B507460C469D
:109640001D4685B0F2B1CEB200EB4606B38A98074C
:1096500001D499061ED413F01C0F02D05378012BAD
:1096600018D001238DF80F3000232046CDE90023C8
:109670000DF10F01931C0132FFF764FEB38A43F032
:109680000303B382002D3DD0E2B207EB4202938A7E
:109690009B0703D46FF0150005B0F0BD00212878BA
:1096A0003B684FEA800C03EB8003C3F81015C3F846
:1096B0001015938A23F4604323F0200393826E787D
:1096C00006B33968AD786144D1F81035360423F417
:1096D000981323F4F853C1F81035230203F4F85318
:1096E00006F440362D05D1F81075334305F4801586
:1096F0002B433B43C1F81035938A43EA403343F090
:10970000200393820020C7E7C0E903127047C9B263
:1097100000EB4100838A990643BF5B0B0020137066
:109720006FF01500704790F86C00003818BF0120EA
:109730007047F6F7D3BF73B50C46C9B200EB4101D1
:109740008B8A05689E0619D513F0020616D15B0BAD
:109750009C0004F580716E50695801682144D1F86D
:10976000104544F00104C1F810452AB101220168F6
:1097700002FA03F3C1F8043302B070BDD5F8043324
:10978000002BA4BF4FF00043C5F804338B8AC3F30A
:109790008203042B11D0052B11D001A80194F6F7F8
:1097A00083FF019A0369D34003F00103991C20460B
:1097B00002B0BDE87040FFF70EBE0321F7E70221BB
:1097C000F5E7FFF782BE00207047002070470020B9
:1097D00070470020704700207047F7F70BBA022946
:1097E00004D0042906D0012900D17047806808B14F
:1097F000F3F762BD7047F7F721BA002210B504688D
:10980000944200D110BD00EBC2014B68013223F03D
:10981000FF0343F003034B60F2E70420F7F7FEB8C1
:109820000420F7F703B908B5F7F7C6F8BDE8084014
:10983000F9F7D0BC38B504460025031D2268AA42BA
:1098400001D8002319E04FF00002D3E8CF0F03281E
:1098500004D1C3E8CC2FBCF1000FF6D102D00833FD
:109860000135EBE701EB851318464022002101F09A
:1098700013FE034604EBC504A060184638BD08304B
:10988000704770B506460D4621B9F7F7DDF990B976
:10989000002070BD0846F3F707FD04460028F7D006
:1098A0003046F7F7D1F938B92046F3F705FD012026
:1098B000F3F7D0FCECE72C460661C56040F8084F92
:1098C000E7E740EA0141104640F8081DF7F7CEB936
:1098D000F7F7C6B9F7F7BEB9F3F7E6BC08B5F3F783
:1098E000EBFCBDE808400120F3F7B4BC0429F8B54F
:1098F0000546174603D0102910D000240CE008209C
:10990000F3F7C4FC04460028F7D00023436001238A
:10991000478003802B6843602046F8BD1620F3F78C
:10992000B5FC04460028E8D0061D1222002130466E
:1099300001F0B2FD022323802B46678005F110025F
:1099400053F8041B934246F8041BF9D1E4E713468D
:1099500009B9116070470A88012A02D0022A07D08B
:1099600070471A68082A28BF08221A6001F087BDCC
:109970001A68162A28BF1622F7E708B5F7F780FFFE
:1099800040B100F11C03D3E8EF1F0131C3E8E21F2F
:10999000002AF8D108BD006808B1F7F7FFBE70478C
:1099A00037B50025036804460093838F6846ADF8F9
:1099B0000650ADF8043000F0EAFD38B1A36B6846FC
:1099C000984794F83E300BB1A563E56303B030BD12
:1099D0001FB503680392CDE90131036C01A89847D4
:1099E00005B05DF804FB4068003818BF01207047DF
:1099F00000230B60836813B9C0E901117047196037
:109A00008160704738B505460C46F7F735F9AA6806
:109A1000236894426B6008BFAB600023204623603C
:109A200000F055F9BDE83840F7F72CB940687047A9
:109A30000069431E5842584170470069831E5842CE
:109A4000584170470069C31E5842584170474069E9
:109A5000B0F5817F05D040F21113C31A5842584126
:109A600070470120704790F82000C0F34000704715
:109A700090F82000C0F38000704790F82000C0F3F9
:109A8000C0007047406C00F00100704790F8200063
:109A900000F0010070470369012B05D18069A0F136
:109AA00080035842584170470020704790F82000CA
:109AB000C0097047836933F0800314BF0120002080
:109AC000704790F82000C0F340107047806B00385A
:109AD00018BF01207047006C003818BF0120704784
:109AE00090F83400431E58425841704708B590F82A
:109AF0002030014613F001020BD1FFF7DBFF28B93C
:109B00000846FFF7C8FF80F00100C2B202F0010072
:109B100008BD0022FAE770B504460D4616462046F9
:109B2000FFF7E4FF70B155B1284600F0BFF848B91F
:109B300031460220F3F780FA0028F0D070BD636848
:109B4000002BF5D00020F9E74068003818BF01204D
:109B5000704790F82200003818BF0120704710B5F8
:109B60000446FFF7A7FF94F82010C1F3401340EA22
:109B70000302236982F00102012B14BF0123C1F308
:109B80008003D2B220461A40FFF761FF48B1C1F30B
:109B900000112046FFF77FFF0A4080F001001040CF
:109BA00010BD0121F5E710B50C46F7F769FE28B1A5
:109BB00090F8203064F3861380F8203010BD10B583
:109BC0000C46F7F75DFE28B190F8213064F30003EE
:109BD00080F8213010BDD0E9092353EA020109D0F1
:109BE0004FF47A71B3FBF1F001FB02000128B8BF1A
:109BF000012070474FF0FF307047D0E90B2353EA44
:109C0000020109D04FF47A71B3FBF1F001FB0200BD
:109C10000128B8BF012070474FF0FF30704701386E
:109C200002288CBF002001207047013802288CBF19
:109C30000020012070470388012B03D0022B06D09F
:109C400001207047082914BF002001207047162901
:109C5000F9E7FF2818D007DC06280ED0112811D00C
:109C6000B0FA80F040097047B0F5817F05D040F22E
:109C70001113984206D000207047012914BF00201C
:109C8000012070470229F9E70329F7E7C368012B90
:109C900003D0022B07D0012070470888012814BF89
:109CA00000200120704708880228F8E700B100680A
:109CB000003818BF0120704700B100687047438921
:109CC00040681844704702894089101A704710B5DF
:109CD00004464068FFF7FCFDE06808B1F3F7DEFAE0
:109CE0002046BDE81040F3F7D9BA10B50446206805
:109CF00000B910BD626803689042236008BF6360CA
:109D0000FFF7E5FFF3E700F03EBD10B5044660B194
:109D1000406908B1F3F7C2FAA06908B1F3F7BEFAD7
:109D20002046BDE81040F3F7B9BA10BD7FB5044630
:109D30000E461546F6F75EFF38B90120F3F744FAF0
:109D40004FF0FF33184604B070BD631E012B01D9DC
:109D50006A20F3E716B175B91620EFE7002DFBD1A5
:109D600029461C20FFF78DFD044670B10575457529
:109D70008575C57513E0012C09D1042DECD10021A6
:109D80001C20FFF77EFD044618B96920D6E7102D88
:109D9000F4E745612A463146183001F070FB214650
:109DA00047F20F0001AAF8F725FD03460028C9D0A5
:109DB000C4E710B5044600F0E4FC23684360A369DF
:109DC00083602046BDE8104000F0DDBC73B5064658
:109DD0000C461546FFF7D1FD019050B90920F3F765
:109DE000F3F94FF0FF3401A8FFF7D5FD204602B08C
:109DF00070BDFFF75FFE10B1019B9869EFE7019816
:109E0000FFF736FE08B17F20E9E70198FFF72BFE48
:109E100008B17820E3E70CB90E20E0E7214601986D
:109E2000FFF734FF08B96A20D9E729462046FFF733
:109E300002FF08B91620D2E70198FFF723FE054676
:109E400020B1019B5D69113D18BF012500211C2037
:109E5000FFF717FD024608B96920C0E706612388AD
:109E6000012B11D0022B18D00199042091F8203039
:109E700043F0020381F8203047F20201D560FFF77A
:109E800020FDDDB17720AAE76388838204238375F0
:109E90000023C37563688361E6E7638800F11801F6
:109EA0008382102383750023C375231D143453F854
:109EB000040BA34241F8040BF9D1D5E70198FFF751
:109EC0009CFE00900198FFF7CEFD20B901988469AF
:109ED00084B1204683E769460220F3F7ADF810F11C
:109EE0000B0F05D00028EDD00028B8BF404276E720
:109EF000742074E7FFF7ABFD00283FF474AFDDE991
:109F00000010F8F7E9FA04466DE730B585B005466C
:109F10000C46F7F7B5FC38B90920F3F755F94FF0BF
:109F2000FF33184605B030BD0CB90E20F5E72146C9
:109F3000FFF7ACFE08B96A20EFE700211C20FFF70D
:109F4000A0FC014608B96920E7E705612388012BD9
:109F50000AD0022B11D047F2050001AAF8F74AFCFB
:109F600003460028DDD0D8E7638883820423837505
:109F70000023C37563688361EDE7638800F118020D
:109F80008382102383750023C375231D143453F873
:109F9000040BA34242F8040BF9D1DCE730B585B0DD
:109FA00005460C46F7F76CFC38B90920F3F70CF9B5
:109FB0004FF0FF33184605B030BDFFF739FD08B943
:109FC0005F20F3E700210C20FFF75BFC014608B996
:109FD0006920EBE724EAE4740561446101AA47F2D1
:109FE0000800F8F707FC03460028E3D0DEE7F0B5E9
:109FF00095B007460D461446FFF7BFFC019050B9D7
:10A000000920F3F7E1F84FF0FF3401A8FFF7C3FC94
:10A01000204615B0F0BD15B11CB90E20F1E7002C9B
:10A02000FBD1FFF705FD08B95F20EAE70198FFF7CC
:10A0300029FD28B10198FFF78CFD08B90B20E0E756
:10A040000198FFF7C8FD00900198FFF71FFD50B180
:10A050000198FFF77EFD0028D2D0F7F7DDFB06461A
:10A0600080B91720CDE70198FFF773FD0028EFD1E5
:10A0700069460220F2F7E0FF0028E5D00028B8BFCB
:10A080004042BEE700210820FFF7FBFB014620B954
:10A090003046F7F707FC6920B3E70761039675B10F
:10A0A0007CB10BAB47F20C0002AA0493F8F7A2FBB9
:10A0B000074640B13046F7F7F5FB3846A1E72B4697
:10A0C000F0E72346EEE73DB134B1BDF83E30042B56
:10A0D00004D0102B15D02760346896E70123276839
:10A0E000ADF81430082F28BF0827BDF83C30ADF874
:10A0F0001630109B06933A46284605A901F0BFF991
:10A10000E9E70223ADF81430BDF83C3006AFADF8F6
:10A11000163014ABADF8280013E90F0087E80F00E4
:10A120002768162F28BF1627E5E72DE9F04F89B0DD
:10A1300016461D46129F0390019103F0400803F458
:10A14000007BF7F79DFB044638B90920F3F73CF88C
:10A150004FF0FF3009B0BDE8F08FFFF7BCFC35F4DD
:10A160001073009005D1B8F1000F04D0BBF1000FBF
:10A1700015D05F20EAE7BBF1000F10D0009B002B49
:10A18000F7D12046FFF739FD04902046FFF7A8FCE1
:10A19000B0B12046FFF78EFCD8B1A069D6E72046C3
:10A1A000FFF72BFD04902046FFF76CFC28B9B8F1AF
:10A1B000000818BF4FF00108E7E74FF00108E4E797
:10A1C0002046FFF777FC0028E7D12046FFF763FC25
:10A1D000E2E72046FFF731FC00284CD02046FFF78D
:10A1E00047FC002847D10FB97920AFE72046FFF799
:10A1F00024FC00284AD12046FFF724FC002845D142
:10A2000047F2060A2046FFF713FC40B12046FFF74D
:10A210001EFC20B1B6F5006F28BF4FF40066FFF7B3
:10A2200059FBB04207D22046FFF702FC002844D079
:10A23000FFF750FB064647F206039A450CBF0E2374
:10A240002223002502932046FFF73BFC18B120464D
:10A25000FFF74CFC98BB31460298FFF712FB814692
:10A2600000283BD1012004A9F2F7E6FE90BBB8F12B
:10A27000000FF0D026E02046FFF7DFFB20B9204694
:10A28000FFF7E0FB0028BBD0002FB9D039462046AD
:10A29000FFF7FCFC08B96A2058E738461399FFF726
:10A2A000CAFC08B9162051E72046FFF7D0FB08B1D9
:10A2B0007F204BE747F2070AA4E77A2046E7B8F188
:10A2C000000F01D00B2041E7022004A9F2F7B4FEF1
:10A2D0000028B8D00028B8BF404237E7039B03618D
:10A2E000019B23B132461946006801F0C8F894F882
:10A2F000340020B1F8F772FA002284F83420BBF160
:10A30000000F18D1009BD3B947F207029245C9F854
:10A3100014004BD1A9F82C503A88012A24D0022AE3
:10A320002FD04946504605AAF8F764FA034600289C
:10A330003FD106980EE7009B40F040000BB140F083
:10A340008000049A531C0CD04FF47A7592FBF5F5FB
:10A35000ADB2B5F5167F04D8B2F57A7FB8BF012546
:10A36000D2E74FF41675CFE77A88A9F818200422AF
:10A3700089F81A20002289F81B207A68C9F81C2065
:10A38000CFE77A8809F11C01A9F81820102289F872
:10A390001A20002207F1140089F81B203A1D52F8F8
:10A3A00004CB824241F804CBF9D1BAE7A9F818509E
:10A3B000B7E70C2806DC0A2807DDB8F1000F3FF4E8
:10A3C00042AF7FE78C283FF4C1AE1846BEE62DE9C8
:10A3D000F74F8946DDE90C7A15461E4603F480786E
:10A3E000FFF7CBFA019058B90920F2F7EDFE4FF0D4
:10A3F000FF3701A8FFF7CFFA384603B0BDE8F08F6A
:10A4000036F4A17301D05F20EFE727B1BAF1000F56
:10A4100004D10E20E9E7BAF1000FFAD1FFF708FBEB
:10A4200028B10198FFF724FB08B98020DDE70198E7
:10A43000B8F1000F16D1FFF725FB08B9730611D547
:10A440000198FFF7D0FA68B90198FFF733FB48B9D4
:10A450000198FFF720FB28B90198FFF717FB08B90F
:10A460000B20C2E70198FFF7B6FB6A460090002177
:10A470000198FFF750FB18B10028B8BF4042B4E77D
:10A480000198FFF7B0FA88B90198FFF704FB00289C
:10A4900076D10198FFF7FAFA0028A5D10198FFF7C5
:10A4A00009FB0028A3D0019B98699EE70198FFF75C
:10A4B000BDFA044627B1C16852463846FFF747FA4D
:10A4C000002706F0020A2046FFF7FDFBA8421DD830
:10A4D0002046FFF7F8FB0646002E8AD02046FFF7FD
:10A4E000EEFB09EB070B01463246584600F0C7FF6A
:10A4F00001983744FFF7A1FA50B1BAF1000F7FF489
:10A5000078AF21460198FFF77DFA72E72E46E3E720
:10A510000198FFF797FA0028EFD1BAF1000F14D095
:10A52000B5423FF466AFB8F1000F04D06A46214649
:10A530000198FFF7F0FA2046AD1BFFF7BDFB04467C
:10A540000028C0D1002F9FD053E7638920463344B1
:10A550006381FFF7B8FB18B921460198FFF752FA5B
:10A56000B5423FF446AFAD1BB8F1000F04D06A46C8
:10A5700000210198FFF7CFFA0198FFF757FADEE7BD
:10A58000002736E708B5F7F7A5F9002008BD38B56C
:10A5900004460068F7F774F9054628B90120E388F6
:10A5A00043F02003E38038BDFFF770FA0028F5D1AF
:10A5B0002846FFF77FFAF8B1E38843F00803E38009
:10A5C000A388DA0707D52846FFF7BEFAE8B1E38883
:10A5D00043F00103E380A3885B0707D52846FFF714
:10A5E000BEFA18B1E38843F00403E380B4F906002F
:10A5F000003818BF0120D6E72846FFF74CFA00289C
:10A60000DED0E38843F01003D9E72846FFF7A1FA2C
:10A610000028DCD12846FFF73EFA0028D7D1DAE738
:10A6200038B50D461446F7F72BF928B90920F2F78B
:10A63000CBFD4FF0FF3006E0032D03D0042D03D0F7
:10A640001620F4E7406C38BD012CF9D84464002092
:10A65000F9E7431F002B03D8DFE803F001000320D4
:10A6600070477047FF2816D005DC062817D0112840
:10A6700013D048B17047B0F5817F10D040F211136C
:10A68000984208BF02207047012908D08B1E59420A
:10A690005941480070470020704702207047012050
:10A6A0007047292811D00ADC012810D0062810D0C4
:10A6B000002808BF042018BF4FF0FF307047B0F5E6
:10A6C0008D7F08D0B0F5007FF5E7062070470820A1
:10A6D0007047012070474FF4807070471A2812D9D4
:10A6E000A0F164030C2B04D940F03A4040F42D0053
:10A6F00070476B38052840D8DFE800F01D41031D86
:10A700001D3D47207047013819280ED8DFE800F0BA
:10A710000F11131517191B1D1F1721231925272783
:10A720002129372B13132D132F31002070470C20B4
:10A730007047692070470B20704772207047802057
:10A7400070471620704770207047782070477F2030
:10A7500070477120704768207047742070477320DD
:10A7600070478C2070470D20704776207047092075
:10A770007047102070475F2070476F2070477A2025
:10A780007047C06870474269C3681A60704708B56F
:10A79000034624301AB95A624260002008BD082AD4
:10A7A00028BF082200F06BFEF7E708B503462C30FF
:10A7B0001AB9DA624260002008BD082A28BF0822C0
:10A7C00000F05DFEF7E738B504460D4639B1082ABA
:10A7D0000BD01620F2F7F8FC4FF0FF3038BD002AFE
:10A7E000F7D18263C2630020F8E7F6F745FA95E8EF
:10A7F000030004F1380383E803002046FFF7D0F894
:10A80000F6F740FAEFE773B5044608680D461646BA
:10A81000F7F7E4FF002801DB042E06D01620F2F73C
:10A82000D3FC4FF0FF3002B070BD2B68204684F897
:10A830003430FFF755F900230028F4D0CDE9003378
:10A840001A4619462068FFF770FCECE708B539B1E5
:10A85000042A0AD01620F2F7B7FC4FF0FF3008BDEB
:10A86000002AF7D102640020F9E70B680364FAE7D5
:10A8700008B509B1042A05D01620F2F7A5FC4FF05F
:10A88000FF3006E00B782BB1012BF5D180F84C306E
:10A89000002008BD0223F9E710B5541E1B2C02D876
:10A8A00012F0030405D01620F2F78EFC4FF0FF30B3
:10A8B00010BD930880F84F30503000F0E0FD204686
:10A8C000F6E708B509B1042A05D01620F2F77CFC9A
:10A8D0004FF0FF3008BD0B78003B18BF012380F814
:10A8E0004D300020F6E708B509B1042A05D016203E
:10A8F000F2F76AFC4FF0FF3008BD0B6880F84E306D
:10A900000020F9E770B5054614460E4631B9A2B1EC
:10A910001620F2F759FC4FF0FF3070BD002AF7D037
:10A92000806C18B1F2F7BAFC0023AB64601CF2F73C
:10A93000ADFCA86440B96920EBE7806C10B1F2F778
:10A94000ADFCAC640020E8E72246314600F097FDFC
:10A950000022AB6C1A55F5E710B513461268044691
:10A96000042A28BF042208461A6004F1180100F0E6
:10A9700086FD0020A06110BD10B513461268044684
:10A98000082A28BF082208461A6004F1240100F0B2
:10A9900076FD002010BD10B5134612680446082A43
:10A9A00028BF082208461A6004F12C0100F067FD58
:10A9B000002010BD37B505460024134695F84C20FD
:10A9C0000846012A18BF224601921A6801A9042AE2
:10A9D00028BF04221A6000F052FD204603B030BDAB
:10A9E00013B50446134694F84D20084601921A68A0
:10A9F00001A9042A28BF04221A6000F040FD0020AB
:10AA000002B010BD13B50446134694F84E20084614
:10AA100001921A6801A9042A28BF04221A6000F0D2
:10AA20002EFD002002B010BD10B5044608461146A8
:10AA300094F84F309A000B689A4228BF1A460A6071
:10AA400004F1500100F01BFD002010BDF8B5856C2D
:10AA50000E461446176875B12846EDF7ADFE013075
:10AA6000B842024628BF3A4629463046226000F0E6
:10AA700006FD0020F8BD3A462946304600F00CFDA0
:10AA80002560F6E738B5014605460420FEF7F9FED5
:10AA9000044690B142680021006800F0FDFC0023EC
:10AAA00023726372A372E372432323735423637389
:10AAB0007623A37349236560E373204638BD70B5E0
:10AAC00004460E4600F025F80546206808B1FEF75A
:10AAD000FFFE48F202039E4218D048F209039E424C
:10AAE00014D048F201039E420BD16B684BB104F1C4
:10AAF000140204F1380152F8040B8A4243F8040BA3
:10AB0000F9D12046BDE8704000F005B863696B607C
:10AB1000F7E7C06870470269C3681A607047002091
:10AB2000704708B1F1F7A6B8704710B543690446FD
:10AB30003BB90020E2684042537843F00103537070
:10AB400010BD98470028F4D00028B8BF4042FF2825
:10AB5000A8BFFF20E3681870ECE740B1C3685878DD
:10AB600010F001001EBF1878B0FA80F0400970475D
:10AB70007FB50BAB059303930A9B0122029300233D
:10AB80001846CDE90033EFF7C9FB07B05DF804FBC9
:10AB9000EFF31183202383F31288BFF36F8FFEE757
:10ABA0002DE9F04F054689B0DDE91268059243466C
:10ABB000324606A80F4605F1140A00F0B4FADDE9A2
:10ABC0000634CDE90234EFF311844FF0200989F304
:10ABD0001288BFF36F8F05F10C0B39462846059A92
:10ABE000149B984730B184F31188BFF36F8F09B07D
:10ABF000BDE8F08F56EA0806F5D0DDE9022306A885
:10AC000000F0B6FADDE906685A4621465046CDE91D
:10AC10000068F9F7C3F9EFF3118489F31288BFF3E1
:10AC20006F8FDAE710B400F10C04C0E903445DF85B
:10AC3000044BFCF77FBC38B50446EFF311852023A5
:10AC400083F31288BFF36F8FFCF75FFB04F10C00F6
:10AC500000F0C7F930B1294604F11400BDE83840CE
:10AC6000F9F730BA85F31188BFF36F8F38BD202410
:10AC700008B5EFF3118384F31288BFF36F8FFCF7ED
:10AC8000CCFFF6E790F90E308B4201D0F9F7A8B966
:10AC90000020704703460020C3E90033C3E90200E7
:10ACA0007047D0E9003213605A600023427BC0E94C
:10ACB000003322F002024273836070472DE9F843AB
:10ACC000914604460D469DF8202000F10807EFF359
:10ACD0001186202181F31288BFF36F8F02B145687E
:10ACE000D4F80880474518D0B8F1000F15D0404679
:10ACF000FFF7D7FF08F1180000F0E7F900234046FE
:10AD0000C8F8B030C8F8109000F022F93846314643
:10AD1000F9F7D8F90020BDE8F883A3B10820F9F7C6
:10AD200053FE002838D00122C0F804900260016868
:10AD300001F003015DB922680A4302606268206085
:10AD40006AB960600BE04846C9F80030EFE72A684E
:10AD5000032A16D80160616869B9C4E900000421BA
:10AD600004F1100000F024FB0028CFD186F31188F5
:10AD7000BFF36F8FCFE70A6802F0030202430A6055
:10AD8000DFE722F003020A4302602A6802F00302AE
:10AD900040EA02032B60E2E76FF00B00E6E710B534
:10ADA000044630B10268930703D0446809B100F04B
:10ADB00040FB204610BD012307B5009300230A463F
:10ADC0001946FFF77BFF03B05DF804FB5AB18A42D6
:10ADD00009D300F11003C0E90212C0E90000C0E984
:10ADE0000433002070476FF015007047012302689C
:10ADF0008B4022EA0303036022FA01F000F0010015
:10AE0000704710B5032104460C30FFF7EFFF30B157
:10AE100004F1100000F059F9B0FA80F0400910BDBB
:10AE200028B1002200F58270114600F014B9704775
:10AE300073B50446EFF31185202383F31288BFF323
:10AE40006F8F0023A0F11006032104380193FFF750
:10AE5000CDFF28B1A369304601A90193F8F710FE90
:10AE600085F31188BFF36F8F02B070BD38B504460B
:10AE70000D461022002100F00FFB656038BD13B5B0
:10AE800001900846EFF31184202383F31288BFF367
:10AE90006F8F01A9F8F7F4FD84F31188BFF36F8F6A
:10AEA00002B010BD10B5FFF7EAFF041E08DDEFF396
:10AEB0001180202383F31288BFF36F8FF9F714F901
:10AEC000204610BDC0E9000000207047EFF3058068
:10AED000003818BF0120704778307047D0E9003241
:10AEE00013605A600023C0E90033704708B5FFF7CC
:10AEF000F5FF437B23F0020343730023836008BD07
:10AF000038B504460D46F8F7C9FF637B43F00203EA
:10AF10006373E5B1A5602B689D4209D16B68C4E9F4
:10AF200000531C606C6012E06A689A42F6D01B689D
:10AF3000002BF3D094F90E2093F90E108A42F3D02F
:10AF40009142F1DD5A68C4E9003214605C6038BD9A
:10AF500010B5EFF31184202383F31288BFF36F8FB2
:10AF6000F8F75AFF84F31188BFF36F8F10BD08B54F
:10AF7000EFF31181202282F31288BFF36F8F836871
:10AF80000BB1FFF7B3FF81F31188BFF36F8F08BDDB
:10AF9000014610B5EFF31184202383F31288BFF329
:10AFA0006F8F437B13F0280F0AD183680BB1FFF733
:10AFB0009DFF4B7B084623F004034B73F8F72CFFEF
:10AFC00084F31188BFF36F8F10BD01211838FFF78C
:10AFD000DFBF10B5FFF7CBFFBDE81040183000F021
:10AFE00074B838B5054604680020AC4200D138BDBD
:10AFF000002CFCD02046FFF7ECFF2046FFF7A8FF0F
:10B000002C680120A542F1E738B504460D46F9F752
:10B0100013F9B5F1FF3F08BFB4F1FF3F02462046E8
:10B0200018D000204FF47A7447F6FF730146C2FB34
:10B030000431B3F5004F71F100020BD36FF40042FD
:10B040009A4243F6FF728A4132BF6FF00040D80B3C
:10B0500040EA414038BD38B5EFF31185202383F332
:10B060001288BFF36F8F0468A04213D0A4B1C4F854
:10B07000B01022612046FFF739FF04F1180000F0FC
:10B0800024F82046F8F7C8FE012085F31188BFF3A5
:10B090006F8F38BD0020F8E72046F6E708B5024676
:10B0A000F9F788FA70B1D0E904319B1A61EBE272CA
:10B0B000B3F1004F72F1000104DA002AACBF184668
:10B0C000002008BD6FF00040FBE7024638B5EFF303
:10B0D0001185202383F31288BFF36F8F0368CBB1F0
:10B0E000F9F768FA04461046F9F776FA00224FF0AD
:10B0F00000438442C0E9042306D1F9F763FAFFF75D
:10B10000CDFF0021F1F7ECFE002085F31188BFF39D
:10B110006F8F38BD6FF01500F7E708B5F9F760FBE2
:10B1200008BDF9F75DBBB3F1FF3F08BFB2F1FF3FC8
:10B1300070B506461D46144614D01A4316D0002B8F
:10B1400008DBF9F74DFB041941EB0501C6E90041A5
:10B15000304670BD6FF001031C1B4FF0FF3363EBF3
:10B160000501F3E74FF0FF342146EFE70024FBE74A
:10B17000B3F1FF3F08BFB2F1FF3FF8B507461646EF
:10B180001C4610D054EA020311D0F9F729FBB04253
:10B190000A46A14103460AD2F31A64EB0204C7E946
:10B1A00000343846F8BD4FF0FF331C46F7E7002364
:10B1B000FBE770B5D0E90034984209D044B1A568E6
:10B1C000EDB115F9526C12F9525CB54208D007DDA9
:10B1D000C1E900042160416010E0A342F8D01B687F
:10B1E000002BF5D09A6862B112F9522CAA42F4D021
:10B1F000F3DD5A68C1E900321160596070BDAB7B64
:10B20000FFDE937BFCE72DE9F84F00250F4614463F
:10B21000984601462E464FF0200AA946BD4202DB61
:10B220003046BDE8F88FEFF3118B8AF31288BFF335
:10B230006F8F4B7B03F03F03082B09D853B1013BC1
:10B24000072B07D8DFE803F0281C06220606062E87
:10B25000102B2DD0B8F1000F3BD12378002B38D024
:10B260004B7B03F03F03082B3AD8002B3AD0013B2D
:10B27000072B37D8DFE803F03F3936393636364208
:10B280000B699B68002BE5D0022317E00B691B6854
:10B29000002BDFD0042311E00B699B68002BD9D071
:10B2A00001230BE00B691B6A002BD3D0102305E0B0
:10B2B0000B69DA895B899A42CCD02023CA68C1F82D
:10B2C0000890C2F38630034363F39432CA6084F873
:10B2D00000908BF31188BFF36F8F013514319DE718
:10B2E000102B0FD08C600136F3E72246086910302E
:10B2F000FFF75FFFF6E722460869F9E7086922468B
:10B300002430F5E7086922462C30F1E72DE9F041B9
:10B31000846805460E46D4B16378012B22D114F817
:10B32000533C9A0711D5A4F160073846FFF751FE48
:10B33000082E0CBF6FF003030023236514F8533C61
:10B34000DB0602D13846FFF703FE002323700020FE
:10B35000EB68A860C3F38632164366F39433EB6060
:10B36000BDE8F081022BF0D12378002BEDD054F80A
:10B37000048CB8F1000FE8D004F11400FFF7A5FE2B
:10B380000023A4F1140739464046E362FFF777FD36
:10B39000DBE710B500245205090201F47C5102F4E8
:10B3A00000120A43017B84600A43C0E9032310BDF5
:10B3B00038B5EFF31185202383F31288BFF36F8F25
:10B3C0000468A04211D0D4E9003213605A6000230F
:10B3D0002046C4E90033FFF799FF85F31188BFF3D6
:10B3E0006F8F201E18BF012038BD0024F5E7002311
:10B3F000C0E900008360704783680B60C368136016
:10B400007047043270B504460ED2EFF31185202642
:10B4100086F31288BFF36F8F41F00401984785F3DC
:10B420001188BFF36F8F08B9002070BD40F8044B3E
:10B43000FBE720B1011F50F8040CFFF7FCBB70477D
:10B4400070B5A0FB015424B92846F9F7ADFA0646B9
:10B4500010B90026304670BD2A46214600F01CF87F
:10B46000F8E7C9B20346024410B59342184601D129
:10B47000002003E0047801338C42F6D110BD0A4469
:10B48000431E914200D1704710B511F8014B914213
:10B4900003F8014FF9D110BD02440346934200D195
:10B4A000704703F8011BF9E70139024410B59042D7
:10B4B00001D1002005E0037811F8014FA34201D02B
:10B4C000181B10BD0130F2E7C9B20346184613F845
:10B4D000012B12B18A42F9D17047002918BF002010
:10B4E000704730B50A440546914201D100200FE073
:10B4F00015F8013B11F8014BA3F141001928A4F103
:10B50000410098BF2033192803D82034181BEBD0F2
:10B5100030BD181BFCD1002CE6D1F9E710B56AB19B
:10B520000139841810F8012B11F8013F9A4203D118
:10B53000A04201D0002AF5D1D01A10BD1046FCE778
:10B5400010B50139044632B111F8013F013A00F853
:10B55000013B002BF7D10021FFF79EFF204610BDD5
:10B560000246014410B58A42134603D01C780132CA
:10B57000002CF8D1181A10BD38B511F0FF0403469D
:10B580000ED12146BDE83840FFF79EBF431C05465B
:10B5900021461846FFF798FF0028F7D1284638BD06
:10B5A0000025F5E70A7870B56AB970BD9A4209D1ED
:10B5B0000C46054614F8013F002BF6D015F8016F34
:10B5C0009E42F7D001300378002BEFD11846ECE70C
:10B5D0002DE9F047C3F137090746884603F01F05F8
:10B5E0005FFA89F916464FF0000A384641462A4666
:10B5F0005346EDF7B5F84346D4B23A468846074677
:10B60000092C84BF4C44E4B2AA4204F1300473EB29
:10B610000A0306F8014BE8D23046BDE8F08710B5C2
:10B620000C4600F0C3FA0028A2BF23680133236050
:10B6300010BD0028A2BF136803F1FF33136000F0B0
:10B64000EABA70B505460E4631462846FFF7E7FFD1
:10B65000041E09DB202CF7D0A4F10903042BF3D935
:10B6600032462946FFF7E5FF204670BDBDF80010C1
:10B6700068B111F0100F01D00270704711F0080F7F
:10B6800002D0C0E9002370474B0701D50260704724
:10B690008B06FBD5028070472DE9F04387B01C462E
:10B6A0001746814602AB88460093D2E9022300F098
:10B6B000AAF904AB06460D46009348464146D7E931
:10B6C000002300F0A0F90027DDE90423901953EBD3
:10B6D000050128BF012737B1029B039A013342F1CC
:10B6E0000002CDE90232403CDDE90223009400F083
:10B6F000A5F907B0BDE8F0832DE9F843B0FA80F66C
:10B70000002980460F46A1EB060606F1070625DB59
:10B710000846FBF7A1FA06443846F41BFBF7A2FAE9
:10B720003946221A40463D3200F05DF9B74213DC3B
:10B730001F2C6ADC4FF0FF33A34038EA03030CBF31
:10B7400001240024B0FA80F33546F31A9E33FE2B11
:10B7500027DD4FF0FF4344E00124F3E74C4220464D
:10B76000FBF780FA351A2046A5EB0709FBF77AFAB2
:10B7700021462E4609EB000240463C3200F020F9FB
:10B78000AF4232DCB9F11F0F3FDC4FF0FF3303FA59
:10B7900009F338EA030329D0B0FA80F30024EB1A46
:10B7A0009E33002B23EAE372D4BF012313465B1BB5
:10B7B000A3F19705963B20FA05F120FA03F3C90798
:10B7C00025D544B14FF0FF31A94020EA010003F034
:10B7D000010108431BD00133C3F31603D3B143EA7D
:10B7E000C25300EE103ABDE8F88300230521B8FBF0
:10B7F000F1F202EB8205A84502D101339046F6E74B
:10B800009C428CBF002401249CE700249AE7C3F3E8
:10B810001603E4E70132E2E72DE9F04F061889B09C
:10B820009946154641EB010404AB3046DDF84CB0B7
:10B8300021460093A9F1410AD2E9002300F0E3F880
:10B8400006AB07468846304621460093D5E90223D9
:10B8500000F0D9F80022DDE90463841951EB0306F6
:10B86000069B28BF0122D5E90001D218079B43F1AE
:10B870000003381848EB0101B84271EB0801E96890
:10B88000039138BF0120A96828BF0020CDF800A08F
:10B8900014EB010C039946EB010110EB0C0041F194
:10B8A0000001A04271EB060C34BF4FF0010C4FF0C9
:10B8B000000CCDE906231CEB020243F1000300F06B
:10B8C000BDF8129BC3E90001149B012BDDE906239F
:10B8D00029D1D5E90201D5E900C5201ACDF800A08B
:10B8E00066EB0101674578EB050534BF01250025AE
:10B8F000401B61F10001844276EB010534BF012554
:10B900000025521B63F1000300F098F8DDE90623DF
:10B91000CBE9000120463146CDF800A000F08EF8BA
:10B9200009B0BDE8F08F17EB070E48EB080C2019A3
:10B9300046EB0601BE457CEB080834BF0127002713
:10B94000C71941F10008D5E9000186457CEB010CDF
:10B9500034BF01200020D5E90215381A68F1000C27
:10B96000401A6CEB050192185B41A74278EB060583
:10B9700034BF01250025521943F10003874278EBBB
:10B98000010834BF01250025521BA9F1400500958F
:10B99000B8E710B5A3FB00430299A2FB00200019F1
:10B9A00043F100033F29DBBFA1F12002C1F14001B7
:10B9B00040398B40D6BFD04023FA01F0184310BD68
:10B9C00030B587B004460846154602A9FBF7E4F9EE
:10B9D000049B204600955A1C059B43F10003FFF78A
:10B9E000D8FF07B030BD30B587B0154604460846CD
:10B9F00002A9FBF75FF920460095DDE90423FFF774
:10BA0000C8FF07B030BDF0B50F460446A0FB0201E9
:10BA1000059EA7FB02524919A3FB0445A7FB03732C
:10BA200042F10002611845F10004D21943F100030C
:10BA3000121943F10003C6E90023F0BDF0B5059CDF
:10BA4000C4F14007C4F12006A4F12005E04002FA49
:10BA500006F6BB4022FA05F5BA403343C4F120068E
:10BA60002B4301FA06F6A4F12005304321FA05F52F
:10BA7000E140284319431043F0BD2DE9F04357EC52
:10BA8000106B3B463446FE0F40F2FF77C3F30A5576
:10BA9000C3F31303067154EA030C07D0BD420CD163
:10BAA00046F0080606710020BDE8F083002D64D042
:10BAB000BD425FD146F00406F4E7002D5AD10125BE
:10BAC000A5F2FF35002905605ADB0C295ADCC1F1CB
:10BAD0000D050126AD0005F1FF3EA5F1210CC5F1D4
:10BAE000210706FA0CFC26FA07F706FA0EF64CEACE
:10BAF000070CB7194CEB0C09D7F1000869EB490E9C
:10BB0000013F49F1FF39274009EA0309BE427CEBB6
:10BB1000090910DBC5F12009B5F1200724FA05F564
:10BB200003FA09F958BF43FA07F745EA090558BF70
:10BB30003D43ED0703D5A619344643EB0C0304EA55
:10BB4000080403EA0E0300F112050D260846C2F1AF
:10BB500027024FF0300E04F00F01240906F1FF3CDC
:10BB60006F1E44EA03741B11B1B9B0420CDA664689
:10BB70003D46F0E743F48013A2E72C462B46A1E7AD
:10BB80000021E0E70D21DEE785F800E01CF101016E
:10BB900066463D46DFD187E70929C8BF8918B0420C
:10BBA00001F13001B8BF30462970EFE710B5837856
:10BBB0000446DA0705D443F004034FF0FF30A370C6
:10BBC00010BD4FF00002D4E85F3FC4E8512F0029B8
:10BBD000F9D19BB213B1581EC0B2F1E7A3689847E0
:10BBE0000028F9DA0130A37814BF08220422134395
:10BBF000E3E702690346107810B101321A61704719
:10BC00006FF001007047D1E9043293421EBF5A1C05
:10BC10000A61187070478B78DA0702D44FF0FF3052
:10BC20007047431CFAD0C0B2431CD1E8DF2F002A72
:10BC300004D1C1E8DC3FBCF1000FF6D1EED18B7826
:10BC400023F008038B7070470148006870470000BC
:10BC5000E4D2002040CBFE7F0100000065BC000064
:10BC60000000000099BC000000000000CDFB0000B7
:10BC700000000000000000002CBD0100C1350100E3
:10BC800000000000000000004CBD010000000000AA
:10BC90006CBD0100000000008CBD0100A5C40000C7
:10BCA0000000000081CD0000000000007979010053
:10BCB0000000000019D0000000000000000000009B
:10BCC0000CBD0100A1B9000000000000FB900100C4
:10BCD00000000000D9490100000000006F90010041
:10BCE00000000000617E010000000000E5DC0000B3
:10BCF00000000000818E0100000000003DE0000017
:10BD000000000000E58F010000000000F9D50100EF
:10BD100000000000ACC6002098C7002010D500200D
:10BD200015D50000000000000000000024D501002F
:10BD3000C4C40100E0BF010090C7002034D300203C
:10BD400001C20000000000000000000051D5010009
:10BD5000DCC40100BCBF010094C7002088D30020D0
:10BD6000A5C60000000000000000000049D5010049
:10BD700000000000B4BF010092C7002000000000D6
:10BD80008B830100000000000000000084D501004A
:10BD9000F0C40100FCBF010096C7002084C600204B
:10BDA00029CA000087860100000000000000000092
:10BDB000F77B010000000000F77B0100000000009D
:10BDC000F77B010000000000F77B0100000000008D
:10BDD000F77B01002F930100779201000000000023
:10BDE000F77B010000000000F77B01008CBD010023
:10BDF000DD85010000000000F77B0100000000006D
:10BE0000F77B010000000000F77B0100000000004C
:10BE1000F77B010000000000F77B0100000000003C
:10BE2000F77B010000000000F77B0100000000002C
:10BE3000F77B010000000000F77B0100000000001C
:10BE4000F77B010000000000F77B0100000000000C
:10BE5000F77B01000000000011CE00000000000090
:10BE6000F77B010000000000F77B010000000000EC
:10BE7000F77B010000000000F77B010000000000DC
:10BE8000F77B010000000000F77B010000000000CC
:10BE9000F77B010000000000F77B010000000000BC
:10BEA000F77B010000000000F77B010000000000AC
:10BEB000F77B010000000000F77B0100000000009C
:10BEC000F77B010000000000F77B0100000000008C
:10BED000F77B010000000000F77B0100000000007C
:10BEE000F77B010000000000F77B0100000000006C
:10BEF000F77B010000000000F77B01003D0A010014
:10BF00007792010000000000F77B010000000000B4
:10BF1000F77B010000000000F77B0100000000003B
:10BF2000F77B010000000000F77B0100000000002B
:10BF3000F77B010014C600203584010000000000DA
:10BF4000F77B010000000000F77B0100000000000B
:10BF5000F77B010000000000F77B010000000000FB
:10BF6000F77B010000000000F77B010000000000EB
:10BF7000F77B010000000000F77B010000000000DB
:10BF8000F77B010000000000F77B010000000000CB
:10BF9000F77B010000000000F77B010000000000BB
:10BFA000F77B010000000000F77B010000000000AB
:10BFB000F77B0100778301000000000031C500001D
:10BFC0009B830100A7830100BB830100C58301009F
:10BFD000CF830100E1C60000E38301000000000000
:10BFE00059C20000E7820100478301000000000001
:10BFF0008582010000000000000000006D84010047
:10C0000075C900005F8401008D86010093840100E2
:10C01000BB840100F1840100058501003385010026
:10C020004785010005850100238501005B8501002E
:10C030006985010077850100AD850100B1850100AA
:10C040000000000001000000A5D6000065DA000035
:10C05000A8D701000300000088D6010003000000FB
:10C06000E5CE0100030000003BD501000300000005
:10C07000FEE0010003000000D3CE01000300000039
:10C08000F6CE010003000000FACE0100030000001C
:10C09000B1CF0100030000005DD8010003000000E3
:10C0A00051E40100030000007DD401000300000002
:10C0B000FCD401000300000004D5010003000000CF
:10C0C000CAD50100030000005AE701000300000088
:10C0D00013D50100030000008ED50100030000000D
:10C0E00068C40100E8C50020A0CF010001000000E5
:10C0F000040000000F000000010000000800000024
:10C100002400000064000000740000000D00000026
:10C110000C0000000E00000050000000780000003D
:10C12000AC00000008000000FFFFFFFF4900000016
:04C13000FFFFFFFF0F
:10C14000FFFFFFFFFFFFFFFF5D1701003D24010020
:10C150006D2F0100CF970100D797010071310100C9
:10C16000C797010085A50100B12F0100D3970100F9
:10C17000CB9701001FAB0100000000000000000091
:10C180000338FDD8704700000100000000000000E7
:10C190000500000000000000190000000000000081
:10C1A0007D0000000000000071020000000000009F
:10C1B000350C000000000000093D000000000000F8
:10C1C0002D31010000000000E1F505000000000035
:10C1D00065CD1D0000000000F90295000000000080
:10C1E000DD0EE90200000000514A8D0E0000000043
:10C1F0009573C24800000000E941CC6B01000000CB
:10C200008D49FD1A07000000C16FF286230000006F
:10C21000C52EBCA2B1000000D9E9AC2D7803000006
:10C220003D9160E45811000031D6E275BC56000023
:10C23000F52E6E4DAEB10100C9EA2683677808007D
:10C24000ED95C28F055A2A00A1EDCCCE1BC2D300BA
:10C2500025A4000A8BCA2204000000000000000090
:10C2600000000000000000100000000000000000BE
:10C27000B9340332B7F4AD1410DB1AB30892540E7C
:10C280000D307D951447BA1A66088F4D26ADC66DE0
:10C29000F598BF85E2B74511CA96853D92BD1DEB65
:10C2A000FCA11860DCEF52163C92AE220BB8C1B470
:10C2B000839D2D5B0562DA1C304C7E8F4E8BB25B0A
:10C2C00016F4529F8B56A512FBD4827643ED8AF06A
:10C2D0008FE7F9311565191850F19BD94A13EEB45F
:10C2E000284CF0A686C1251F035FC270CB9E49165D
:10C2F000E642889C44EB2014B0650836AD6EA585F7
:10C3000085F0CA14E2FD031A0B899979D5B13D096C
:10C31000D8DA973A35EBCF10AC363F5E73BB38CFE7
:10C320003E6752FA44AFBA15010000000000000059
:10C330000000000000000020345065C05FC9A65214
:10C34000BB13CBAEC440C21806C8DF7100D5A87CB1
:10C35000F56F0FDA58FC27136E4756357D2420659C
:10C3600002C7E768E48CA41DE9E60268D7CD39610D
:10C370007977FCC2405BEF16798CDE43FFA751F959
:10C3800091F3B278F5BDBE11E857E9D6E8BEE87B77
:10C39000B054AC8F848D751BEA23A499E9F9D38B33
:10C3A000B7A3714061DA3E15CEE33ECB73F948087E
:10C3B0008C97B427D51B7010A2BFEFB9EB8532154F
:10C3C0004DB44DB49BBB6F1996B6076CF8E7EEAD54
:10C3D00036D9B4F59135AE13222218AF4E6A684DA6
:10C3E00091DAAA3D4F40741E9FBD9EE006A1C09801
:10C3F00057C2A7FDA40E90170E7D497173E3208FDD
:10C40000B220D87605143B12853D7434811343B0B5
:10C41000AD297A5F27F4351C617A01000000000025
:10C4200000000000000000000000000080CF0100BC
:10C4300088CF0100000000000000000000000000A4
:10C4400090CF010094CF010098CF01009CCF010054
:10C4500058C40100B8D200202DA70000D8D2002077
:10C4600073F5002001000000157B010000000000B2
:10C47000E37A0100D77A010000000000CB7A0100C6
:10C480000000000080C50020000000000600010040
:10C490000200000098C4010000000000EDD401007B
:10C4A00006000000E0FF0F0068C50020F5D4010081
:10C4B00021000000E0FF0320BDC100008DC100008D
:10C4C0000000000015C3000095C200002FD5010038
:10C4D000738301006F83010035D50100FFFFFFFF6B
:10C4E0000025844014C60020000000000000000069
:10C4F00000800040010000000000000010C50100A5
:10C500000000D6010000000077F5002076F500203D
:10C51000008000401CC50100020000003CC5010075
:10C52000040000002CC50100040100001B80000075
:10C530001A8000010E8000020F8000031B00000023
:10C540000E0000021A0600010F0600030080002002
:10C55000E8040000E88400200020000068A5002016
:10C5600000200000000000000000000001000000AA
:10C57000B9DC000051CF00001D890100EF870100E8
:10C58000F3880100118801000589010051D90000DC
:10C5900000000000F9DB0000358A0100E987010096
:10C5A00009DB0000DDD6000023880100EDD5000086
:10C5B0003DD500008DD70000000000000000000005
:10C5C00000000000B0D70100B5D70100BDD70100C1
:10C5D000C9D7010000000000CBDD01000100000010
:10C5E000DDDD010002000000EFDD010003000000BE
:10C5F000FCDD0100040000000DDE0100050000006C
:10C600001DDE01000700000027DE01000000000021
:10C61000000000000000000024DF01002ADF01000C
:10C62000E9DE010030DF010036DF01003CDF010000
:10C6300042DF0100020000003C0000006801000031
:10C640003C0000003C0000003C0000003C000000FA
:10C6500000000000020000003C0000006801000033
:10C660003C0000003C0000003C0000003C000000DA
:10C670000000000058020000100E0000A08C000016
:10C68000020000001E0000003C00000000941100A9
:10C6900000000000DCE10100E7E10100080000000B
:10C6A000010000000800000001000000D516010094
:10C6B0006D1C010000000000BFAA0100352E010022
:10C6C000ED2F01000000000000000000000000004D
:10C6D0000000000011300100B0D70100B5D7010003
:10C6E000BDD70100C9D70100000000020000000111
:10C6F000000000040000000800000010041000000A
:10C700000170000004700000FFFFFFFFFFFFFFFF4C
:10C71000FFFFFFFFFFFFFFFFFFFFFFFFFFFFFFFF29
:10C72000FFFFFFFFFFFFFFFF03700000027000002C
:10C73000057000000670000008700000097000001D
:10C740000A70000007700000FFFFFFFFFFFFFFFF00
:10C75000FFFFFFFFFFFFFFFFFFFFFFFFFFFFFFFFE9
:10C76000FFFFFFFFFFFFFFFFFFFFFFFF0180000054
:10C770001040000010600000113000001230000076
:10C78000FFFFFFFFFFFFFFFFFFFFFFFFFFFFFFFFB9
:10C79000FFFFFFFF10300000FFFFFFFFFFFFFFFF65
:10C7A000FFFFFFFFFFFFFFFFFFFFFFFFFFFFFFFF99
:10C7B000FFFFFFFFFFFFFFFFFFFFFFFFFFFFFFFF89
:10C7C000FFFFFFFFFFFFFFFFFFFFFFFFFFFFFFFF79
:10C7D00006500000FFFFFFFFFFFFFFFFFFFFFFFF0F
:10C7E000FFFFFFFFFFFFFFFFFFFFFFFF20600000D5
:10C7F00006E7010014E7010028E7010037E7010020
:10C8000043E701005CBC01005CBC0100A4BC01006A
:10C81000ACBC0100ECBC01000CBD01005DE70100F7
:10C820000001000000000000000000000000000007
:10C830000000000000000000000000409559695908
:10C840005555545515555556040515411054554028
:10C8500045515544404550445055554500400040D1
:10C860004004449665555655454045545141154040
:10C8700055915555555540510501000054455454A6
:10C880004555050400100410140440000000014048
:10C8900055551541540400004400010000000040BB
:10C8A000410000445044455054005555545565517D
:10C8B00000400040010000010005010011545151E9
:10C8C0005455550500000000000000000000000065
:10C8D000EAFF7AFFF4FF4C544520636F6E6E656388
:10C8E0007465640050534D3A205441553D25642CE5
:10C8F000204163746976653D2564003830006D69B8
:10C900007261656F7075732E636F6D00444E5320B6
:10C910006661696C65643A20256400536F636B65DA
:10C9200074206661696C65643A20256400436F6E0B
:10C930006E656374206661696C65643A20256400E5
:10C94000257320257320485454502F312E310D0A61
:10C95000486F73743A2025730D0A436F6E74656EC9
:10C96000742D547970653A206170706C69636174DC
:10C97000696F6E2F6A736F6E0D0A436F6E74656E0A
:10C98000742D4C656E6774683A2025640D0A436FF8
:10C990006E6E656374696F6E3A20636C6F73650DBC
:10C9A0000A0D0A257300257320257320485454501E
:10C9B0002F312E310D0A486F73743A2025730D0AFA
:10C9C000436F6E6E656374696F6E3A20636C6F734C
:10C9D000650D0A0D0A0053656E64206661696C6519
:10C9E000643A202564206F66202564004854545022
:10C9F0002F312E312032303000485454502F312EF8
:10CA000030203230300048545450206572726F72BA
:10CA1000003D3D3D3D3D3D3D3D3D3D3D3D3D3D3D83
:10CA20003D3D3D3D3D3D3D3D3D3D3D3D3D3D3D3D36
:10CA30003D3D3D3D3D3D3D3D3D3D3D0A00202047C6
:10CA40006C6F62616C52545320547261636B6572F7
:10CA5000202D206E5246393135310A0020204944BC
:10CA60003A2025730A0020205365727665723A20B9
:10CA700025733A25640A00496E697469616C697AA4
:10CA8000696E67206D6F64656D2E2E2E004D6F648C
:10CA9000656D20696E6974206661696C65643A2011
:10CAA000256400436F6E6E656374696E6720746FF2
:10CAB000204C5445206E6574776F726B2E2E2E00BD
:10CAC0004C544520636F6E6E656374206661696CBB
:10CAD00065643A202564004C544520636F6E6E6592
:10CAE0006374696F6E2074696D656F7574004C5462
:10CAF0004520636F6E6E6563746564207375636350
:10CB000065737366756C6C7900496E697469616CE4
:10CB1000697A696E6720474E53532E2E2E00474E7A
:10CB20005353206576656E742068616E646C65721F
:10CB300020736574206661696C65643A2025640021
:10CB40005573652063617365207365742066616940
:10CB50006C65643A2025640046697820696E7465C6
:10CB60007276616C20736574206661696C65643AE5
:10CB700020256400474E53532073746172742066FD
:10CB800061696C65643A20256400474E53532073F5
:10CB90007461727465642C2077616974696E6720B2
:10CBA000666F72206669782E2E2E000A57616974AE
:10CBB000696E6720666F7220474E5353206669780E
:10CBC000202833302D36302073656320636F6C640A
:10CBD000207374617274292E2E2E0A0A00474E5358
:10CBE0005320696E6974206661696C65643A20251A
:10CBF00064001B5B324A1B5B48003D3D3D20476C97
:10CC00006F62616C52545320547261636B65722081
:10CC10003D3D3D0A004C61743A20252E36662020A9
:10CC20004C6F6E3A20252E36660A00416C743A200D
:10CC3000252E31666D202053706565643A20252EBF
:10CC400032666D2F7320204864673A20252E3166A6
:10CC50000A004163633A20252E31666D202050443E
:10CC60004F503A20252E3166202048444F503A201C
:10CC7000252E31660A0054656C656D6574727920E5
:10CC8000232564202D3E2025730A000D5B474E535B
:10CC9000535D20536561726368696E672E2E2E2086
:10CCA000536174733A20256420202020007B226980
:10CCB00064223A222573222C226E616D65223A226B
:10CCC0002573222C2274797065223A22726F626F6A
:10CCD00074222C226C6174223A252E36662C226C2A
:10CCE0006F6E223A252E36662C22616C74223A250C
:10CCF0002E31662C227370656564223A252E3266C9
:10CD00002C2268656164696E67223A252E31662C93
:10CD1000226163637572616379223A252E31662C34
:10CD200022616C744163637572616379223A252EC6
:10CD300031662C227370656564416363757261634B
:10CD400079223A252E32662C2268656164696E6705
:10CD50004163637572616379223A252E31662C2214
:10CD6000765370656564223A252E32662C227653FE
:10CD7000706565644163637572616379223A252E3B
:10CD800032662C2270646F70223A252E31662C2276
:10CD900068646F70223A252E31662C2276646F709B
:10CDA000223A252E31662C2274646F70223A252E89
:10CDB00031662C2262617474657279223A313030A6
:10CDC0002C22737461747573223A226F6E6C696ED3
:10CDD00065227D006E5246393135312054726163CF
:10CDE0006B65720054583A20252E36662C20252E6D
:10CDF0003666002F6170692F74656C656D6574729D
:10CE00007900504F53540054656C656D65747279A8
:10CE1000206661696C6564002F6170692F636F6DB6
:10CE20006D616E64732F6E7266393135312D30301D
:10CE3000310047455400636F6D6D616E647300741B
:10CE4000797065007061796C6F6164006E617669FC
:10CE500067617465006C61746974756465006C6FFA
:10CE60006E676974756465002020524543454956D4
:10CE7000454420434F4D4D414E443A206E61766902
:10CE8000676174650A0020205461726765743A20F6
:10CE9000252E36662C20252E36660A0073746F7098
:10CEA000002020524543454956454420434F4D4DAF
:10CEB000414E443A2073746F700A0020205245435B
:10CEC000454956454420434F4D4D414E443A202557
:10CED000730A00676C6F62616C7274735F74726165
:10CEE000636B65720063627072696E74665F706115
:10CEF000636B616765006C6F67006C6F675F6D6780
:10CF00006D74004D6573736167652064726F707036
:10CF10006564206265636175736520697420657856
:10CF200063656564732073697A65206C696D6974E3
:10CF30006174696F6E2028257529001B5B306D00B8
:10CF4000257320005B2530386C755D20005B253033
:10CF500032753A253032753A253032752E25303308
:10CF6000752C253033755D200025732F003C25730B
:10CF70003E200025733A20002530327820007C00C6
:10CF80001B5B313B33316D001B5B313B33336D0039
:10CF90006572720077726E00696E66006462670087
:10CFA0006C6F675F6261636B656E645F75617274FD
:10CFB000006C6F675F75617274002A2A2A20426FC5
:10CFC0006F74696E67206E524620436F6E6E6563A4
:10CFD000742053444B2076332E322E312D64383852
:10CFE000383766366633326466202A2A2A0A002ACF
:10CFF0002A2A205573696E67205A657068797220F5
:10D000004F532076342E322E39392D65633738311F
:10D0100030346631353639202A2A2A0A0072302FF8
:10D0200061313A2020307825303878202072312F35
:10D0300061323A2020307825303878202072322F23
:10D0400061333A20203078253038780072332F61F0
:10D05000343A2020307825303878207231322F69E8
:10D06000703A2020307825303878207231342F6C97
:10D07000723A20203078253038780020787073722A
:10D080003A202030782530387800735B2532645D93
:10D090003A20203078253038782020735B253264A0
:10D0A0005D3A20203078253038782020735B253297
:10D0B000645D3A20203078253038782020735B2555
:10D0C00032645D3A202030782530387800667073FD
:10D0D00063723A2020307825303878004661756CCC
:10D0E00074696E6720696E737472756374696F6EAC
:10D0F000206164647265737320287231352F706308
:10D10000293A2030782530387800556E68616E6491
:10D110006C6564204952516E3A202564002A2A2AFF
:10D120002A2A204D5055204641554C54202A2A2A5F
:10D130002A2A002020537461636B696E6720657230
:10D14000726F722028636F6E7465787420617265E7
:10D1500061206D69676874206265206E6F74207647
:10D16000616C696429002020556E737461636B697A
:10D170006E67206572726F720020204461746120B6
:10D180004163636573732056696F6C6174696F6E78
:10D190000020204D4D4641522041646472657373F6
:10D1A0003A2030782578002020496E7374727563B8
:10D1B00074696F6E204163636573732056696F6C89
:10D1C0006174696F6E002020466C6F6174696E67D0
:10D1D0002D706F696E74206C617A7920737461743C
:10D1E0006520707265736572766174696F6E206513
:10D1F00072726F72002A2A2A2A2A20425553204628
:10D2000041554C54202A2A2A2A2A0020205374618E
:10D21000636B696E67206572726F720020205072B6
:10D22000656369736520646174612062757320654C
:10D2300072726F7200202042464152204164647233
:10D240006573733A2030782578002020496D70721C
:10D25000656369736520646174612062757320651C
:10D2600072726F72002020496E73747275637469F4
:10D270006F6E20627573206572726F72002A2A2A9F
:10D280002A2A205553414745204641554C54202ACF
:10D290002A2A2A2A0020204469766973696F6E2041
:10D2A0006279207A65726F002020556E616C696723
:10D2B0006E6564206D656D6F72792061636365735F
:10D2C00073002020537461636B206F766572666C07
:10D2D0006F772028636F6E74657874206172656162
:10D2E000206E6F742076616C6964290020204E6F77
:10D2F00020636F70726F636573736F7220696E73F2
:10D300007472756374696F6E73002020496C6C656C
:10D3100067616C206C6F6164206F66204558435FC5
:10D3200052455455524E20696E746F205043002070
:10D3300020496C6C6567616C20757365206F662091
:10D340007468652045505352002020417474656D07
:10D35000707420746F206578656375746520756ED0
:10D36000646566696E656420696E73747275637452
:10D37000696F6E00526573657276656420457863E7
:10D38000657074696F6E20280053707572696F75CF
:10D390007320696E746572727570742028495251D9
:10D3A0002000457863657074696F6E206F636375E4
:10D3B0007272656420696E205365637572652053CF
:10D3C00074617465002A2A2A2A2A2048415244207E
:10D3D0004641554C54202A2A2A2A2A0020204275E8
:10D3E00073206661756C74206F6E20766563746F50
:10D3F00072207461626C6520726561640020204453
:10D4000065627567206576656E74002020466175DB
:10D410006C7420657363616C6174696F6E2028732E
:10D4200065652062656C6F772900415243485F450E
:10D430005843455054207769746820726561736F52
:10D440006E2025780A002A2A2A2A2A204465627535
:10D4500067206D6F6E69746F722065786365707494
:10D46000696F6E202A2A2A2A2A002A2A2A2A2A2092
:10D47000257320256429202A2A2A2A2A006D7075FE
:10D48000004661696C656420746F20616C6C6F6329
:10D49000617465206E6577204D505520726567690F
:10D4A0006F6E2025750A00506172746974696F6E21
:10D4B0002025753A2073616E69747920636865630D
:10D4C0006B206661696C65642E00496E76616C69DB
:10D4D0006420756E6465726C79696E672072656729
:10D4E000696F6E20696E64657820257500464C4131
:10D4F00053485F30005352414D5F30006E65745F9A
:10D50000627566006E65745F6275665F73696D70E3
:10D510006C6500736F6300776C616E2564006E65E7
:10D5200074256400636C6F636B4035303030006885
:10D5300066636C6B006C66636C6B00636C6F636B33
:10D540005F636F6E74726F6C007073612D726E67C3
:10D55000006770696F4038343235303000000102A6
:10D5600003040506074661696C656420746F2061D9
:10D570006C6C6F6361746520505049204368616E24
:10D580006E656C00756172744038303030007561C2
:10D5900072745F6E7266785F7561727465004D6F4C
:10D5A00064656D206C69627261727920696E69745C
:10D5B00069616C697A6174696F6E206661696C6516
:10D5C000642C20657272202564006E72665F6D6F38
:10D5D00064656D004D6F64656D206C696272617287
:10D5E0007920646964206E6F7420696E6974696162
:10D5F0006C697A653A202564006E726639785F73CB
:10D600006F636B6574004D6F64656D206861732096
:10D61000637261736865642C20726561736F6E203C
:10D62000307825782C2050433A20307825780046F1
:10D6300061696C656420746F20686F6F6B2074681B
:10D64000652064697370617463682066756E6374C5
:10D65000696F6E2C20657272202564004E6F206801
:10D6600065617020737061636520666F7220696EFA
:10D67000636F6D696E67206E6F746966696361744C
:10D68000696F6E3A2025730061745F6D6F6E697407
:10D690006F72004572726F72207768696C652070D6
:10D6A000726F63657373696E6720415420636F6D99
:10D6B0006D616E643A2025640049676E6F7265641F
:10D6C000206E756C6C3B20776F756C64207465728E
:10D6D0006D696E61746520737472696E672065612F
:10D6E000726C792E00427566666572206F7665727F
:10D6F000666C6F772C2064726F7070696E6720277C
:10D700002563270A00554152542064657669636594
:10D71000206E6F7420726561647900554152542007
:10D72000636865636B206661696C65643A20256493
:10D730002E205541525420696E697469616C697A72
:10D740006174696F6E2074696D6564206F75742EE5
:10D75000005541525420636865636B206661696CB3
:10D7600065643A2025642E2044726F7070696E677C
:10D770002062756666657220616E642072657472DF
:10D7800079696E672E005541525420636F756C6441
:10D79000206E6F7420626520696E697469616C69BE
:10D7A0007A65643A2025640061745F686F73740061
:10D7B0004F4B0D0A004552524F520D0A002B434D5C
:10D7C00045204552524F523A002B434D532045526B
:10D7D000524F523A004E554C4C20617320612068E4
:10D7E000616E646C65722072656365697665643A22
:10D7F000204E6F7468696E6720746F2062652064C4
:10D800006F6E652E0A5468652068616E646C65727F
:10D810002063616E20626520646572656769737458
:10D8200065726564207573696E67206C74655F6CE2
:10D83000635F646572656769737465725F68616E62
:10D84000646C65722829004E6F2068616E646C6597
:10D85000722072656769737465726564006C7465C3
:10D860005F6C63004D6F64656D206C6962726172FC
:10D870007920696E6974206572726F723A2025642E
:10D880002C206C74655F6C63206E6F7420696E6908
:10D890007469616C697A6564004661696C656420CD
:10D8A000746F207365742073797374656D206D6F68
:10D8B000646520616E64206D6F64652070726566BA
:10D8C0006572656E63652C20657272202564003078
:10D8D0003030303030313100303031303130303074
:10D8E000004661696C656420746F20736574205014
:10D8F000534D20706172616D732C2065727220250A
:10D9000064004661696C656420746F20636F6E66A5
:10D9100069677572652050534D2C20657272202501
:10D92000640041542525464541434F4E463D302C29
:10D93000332C25640041542B43474D520046616906
:10D940006C656420746F20676574206D6F64656D0D
:10D95000206669726D7761726520747970652C201C
:10D960006572726F723A202564006E7266393136C4
:10D97000305F006E7266393178315F006E726639E1
:10D980003135312D6E746E5F006C74655F6C635F52
:10D99000776F726B5F7100436F756C64206E6F748C
:10D9A0002067657420726567697374726174696F4A
:10D9B0006E207374617475732C206572726F723A85
:10D9C00020256400436F756C64206E6F742067655A
:10D9D0007420434552454720706172616D20636F2A
:10D9E000756E742C20706F74656E7469616C6C79DF
:10D9F000206D616C666F726D6564206E6F74696610
:10DA000069636174696F6E2C206572726F723A205F
:10DA1000256400526567697374726174696F6E2062
:10DA200072656A65637465642C20454D4D206361A1
:10DA30007573653A2025642C2043656C6C2049443D
:10DA40003A2025642C20547261636B696E672061F3
:10DA50007265613A2025642C204C5445206D6F641A
:10DA6000653A202564004661696C656420746F2006
:10DA700070617273652050534D20636F6E666967E5
:10DA800075726174696F6E2C206572726F723A20C4
:10DA90002564004661696C656420746F2070617252
:10DAA0007365206E6F74696669636174696F6E2057
:10DAB000286572726F72202564293A2025730055FB
:10DAC0006E6B6E6F776E206E6574776F726B2072FF
:10DAD0006567697374726174696F6E2073746174C1
:10DAE00075733A20256400556E6B6E6F776E204C0F
:10DAF0005445206D6F64653A202564002B434552E0
:10DB000045473A20252A752C2568752C252A5B5E09
:10DB10002C5D2C222578222C0041542B4345524564
:10DB2000473F00436F6E6E65637420616C72656180
:10DB3000647920696E2070726F6772657373004636
:10DB400061696C656420746F206765742063757209
:10DB500072656E7420726567697374726174696F3F
:10DB60006E20737461747573004E6574776F726B99
:10DB700020636F6E6E656374696F6E206174746587
:10DB80006D70742074696D6564206F757400415404
:10DB90002B43455245473D35004661696C6564201D
:10DBA000746F2073756273637269626520746F208D
:10DBB0004345524547206E6F7469666963617469B5
:10DBC0006F6E732C206572726F723A202564002B81
:10DBD0004345524547002B4346554E3A202568752C
:10DBE0000041542B4346554E3F00415420636F6D16
:10DBF0006D616E64206661696C65642C206E72666E
:10DC00005F6D6F64656D5F61745F7363616E6628DD
:10DC1000292072657475726E6564206572726F7208
:10DC20003A202564004661696C656420746F206544
:10DC30006E61626C65206E6F746966696361746998
:10DC40006F6E732C206572726F723A2025640049E2
:10DC50006E76616C69642066756E6374696F6E615F
:10DC60006C206D6F64653A2025640041542B434657
:10DC7000554E3D2564004661696C656420746F20D3
:10DC80007365742066756E6374696F6E616C206D68
:10DC90006F64652E20506C656173652063686563F1
:10DCA0006B205853595354454D4D4F44452E004316
:10DCB0006F756C64206E6F7420676574207369677C
:10DCC0006E616C6C696E67206D6F64652C20657287
:10DCD000726F723A20256400496E76616C69642027
:10DCE0007369676E616C6C696E67206D6F64653A0D
:10DCF0002025640043616E27742070617273652073
:10DD00007369676E616C6C696E67206D6F64652CFA
:10DD1000206572726F723A202564004661696C65F5
:10DD20006420746F20656E61626C652052524320DE
:10DD30006E6F74696669636174696F6E7320282BF6
:10DD40004353434F4E292C206572726F7220256415
:10DD5000002B4353434F4E0041542B4353434F4EEC
:10DD60003D310050524143482043452D4C455645D6
:10DD70004C2025750D0A00494E56414C494420421D
:10DD8000414E4420434F4E46494755524154494F16
:10DD90004E2025752025752025750D0A0044455413
:10DDA000454354454420434F554E54525920257500
:10DDB0000D0A00415425254D444D45563D32004144
:10DDC0005425254D444D45563D3100534541524360
:10DDD000482053544154555320310D0A00534541B6
:10DDE0005243482053544154555320320D0A005297
:10DDF00045534554204C4F4F500D0A004D4520428D
:10DE0000415454455259204C4F570D0A004D45205E
:10DE10004F5645524845415445440D0A004E4F2047
:10DE2000494D45490D0A0052462043414C49425252
:10DE30004154494F4E204E4F5420444F4E450D0AF9
:10DE400000254D444D455600496E76616C6964204D
:10DE500073797374656D206D6F646520726571757B
:10DE600065737465643A20256400496E76616C6957
:10DE700064204C544520707265666572656E6365FA
:10DE8000207265717565737465643A202564004C71
:10DE9000544520707265666572656E6365206D75A8
:10DEA0007374206265204C54455F4C435F53595353
:10DEB00054454D5F4D4F44455F5052454645525F76
:10DEC0004155544F2077697468204E544E204E427D
:10DED0002D496F5400415425255853595354454DED
:10DEE0004D4F44453D302C302C302C302C310041EE
:10DEF0005425255853595354454D4D4F44453D25C0
:10DF0000732C2563004661696C656420746F20730F
:10DF100065742073797374656D206D6F646500306E
:10DF200031323334312C302C3000302C312C300055
:10DF3000312C302C3100302C312C3100312C312C53
:10DF40003000312C312C310041542B4350534D5370
:10DF50003D312C2C2C222573222C222573220041AA
:10DF6000542B4350534D533D312C2C2C22257322DE
:10DF70000041542B4350534D533D312C2C2C2C221B
:10DF80002573220041542B4350534D533D31006EB5
:10DF900072665F6D6F64656D5F61745F7072696EEC
:10DFA0007466206661696C65642C207265706F729E
:10DFB000746564206572726F723A20256400415462
:10DFC0002525464541434F4E463D25642C25642C6E
:10DFD00025750045787065637465642076616C69A9
:10DFE000642054333431322074696D657220756E4B
:10DFF00069740041542525584D4F4E49544F5200E5
:10E00000415420636F6D6D616E64206661696C655B
:10E01000642C206572726F723A202564004154208E
:10E02000636F6D6D616E642070617273696E6720DD
:10E030006661696C65642C206572726F723A202586
:10E0400064004E6F2050534D20706172616D657495
:10E0500065727320626563617573652064657669B6
:10E060006365206E6F74207265676973746572658D
:10E07000642C207374617475733A202564004661C2
:10E08000696C656420746F206765742050534D205F
:10E09000696E666F726D6174696F6E0041542B43D7
:10E0A00050534D533D00312E312E312E31004661FB
:10E0B000696C656420746F207365742066616C6C94
:10E0C0006261636B20444E532061646472657373B4
:10E0D0002C20657272202564002573206973206EE0
:10E0E0006F7420612076616C696420444E53207304
:10E0F0006572766572206164647265737300646131
:10E1000074655F74696D6500646174655F74696DE1
:10E11000655F776F726B5F7100436F756C64206E23
:10E120006F74207365742073797374656D207469DE
:10E130006D652C202564004661696C656420676507
:10E140007474696E67204C5445206E6574776F72E5
:10E150006B20726567697374726174696F6E207386
:10E1600074617475732C206572726F723A20256425
:10E17000003132330067657461646472696E666F82
:10E180002C206572726F723A20256400736E747071
:10E190005F696E69742C206572726F723A20256413
:10E1A00000736E74705F71756572792C2065727280
:10E1B0006F723A20256400446964206E6F74206792
:10E1C00065742074696D652066726F6D20616E796B
:10E1D000204E545020736572766572006E74702EF6
:10E1E00075696F2E6E6F0074696D652E676F6F674E
:10E1F0006C652E636F6D00415425255854494D457B
:10E200003D31005375627363726962696E67207491
:10E210006F206D6F64656D20415425255854494D1C
:10E2200045206E6F74696669636174696F6E7320EF
:10E230006661696C65642C206572723D25640025F9
:10E24000255854494D45206E6F7469666963617441
:10E25000696F6E20646F65736E277420636F6E74D0
:10E2600061696E20272C273A2025730025255854F4
:10E27000494D45206E6F74696669636174696F6E9C
:10E2800020746F6F2073686F72743A2025730025B5
:10E29000255854494D45206E6F74696669636174F1
:10E2A000696F6E20646F65736E277420636F6E7480
:10E2B00061696E2027222720616674657220272CF1
:10E2C000273A2025730054696D652076616C756569
:10E2D000206465636F64696E67206661696C65645C
:10E2E0002066726F6D2025255854494D45206E6F6C
:10E2F00074696669636174696F6E20287265743D24
:10E300002564293A202573002B43434C4B3A2022A5
:10E3100025752F25752F25752C25753A25753A25D8
:10E320007525640041542B43434C4B3F00446964C2
:10E33000206E6F74206765742074696D6520667245
:10E340006F6D2063656C6C756C6172206E6574779F
:10E350006F726B20286572726F723A202564292EC5
:10E360002054686973206D6179206265206E6F7238
:10E370006D616C20617320736F6D652063656C6CDB
:10E38000756C6172206E6574776F726B7320646F49
:10E390006E27742070726F76696465206974206FCF
:10E3A000722074696D65206D6179206E6F742062D2
:10E3B0006520617661696C61626C65207965742E97
:10E3C0000041542B43434C4B3D22253032752F25C1
:10E3D0003032752F253032752C253032753A253084
:10E3E00032753A25303275252B303364220053655F
:10E3F0007474696E67206D6F64656D2074696D65F6
:10E40000206661696C65642C202564002558544998
:10E410004D45004661696C656420746F20736574B6
:10E4200020636F6E66696775726174696F6E20280C
:10E430006572723A202564290041542558434F459E
:10E4400058303D312C312C313536352C313538367C
:10E45000006D6F64656D5F616E74656E6E61005412
:10E46000462D4D206E6F6E2D73656375726520634A
:10E47000616C6C6261636B20696E697469616C695F
:10E480007A6174696F6E206661696C65642C2065C1
:10E4900072726F723A202564002A2A2A2A2A20538F
:10E4A0004543555245204641554C54202A2A2A2A94
:10E4B0002A002020416464726573733A2030782505
:10E4C00078002020496E76616C696420656E7472F4
:10E4D0007920706F696E74002020496E76616C69D6
:10E4E0006420696E74656772697479207369676EF8
:10E4F0006174757265002020496E76616C696420D4
:10E50000657863657074696F6E2072657475726E7C
:10E510000020204174747269627574696F6E207591
:10E520006E69742076696F6C6174696F6E0020206B
:10E53000496E76616C6964207472616E7369746986
:10E540006F6E0020204C617A7920737461746520AD
:10E55000707265736572766174696F6E0020204C0D
:10E56000617A79207374617465206572726F7200CC
:10E570002A2A2A2A2A2053505520494E54455252BD
:10E58000555054202A2A2A2A2A00202053656375D0
:10E59000726974792076696F6C6174696F6E206638
:10E5A0006F722074686520666C617368206D656D9C
:10E5B0006F72792073706163650020205365637505
:10E5C000726974792076696F6C6174696F6E206608
:10E5D0006F72207468652052414D206D656D6F72B9
:10E5E00079207370616365002020536563757269DB
:10E5F00074792076696F6C6174696F6E206F6E201C
:10E600006F6E65206F72207365766572616C207025
:10E6100065726970686572616C732E006E756C6CE2
:10E620000025312E31356700256C670025312E31EC
:10E6300037670066616C7365007472756500EFBBC7
:10E64000BF0041542B4346554E3D0070646E003070
:10E650003132333435363738394142434445460048
:10E660003031323334353637383961626364656648
:10E670000030313233343536373839000001020585
:10E6800048616C74696E672073797374656D0055A9
:10E690006E6B6E6F776E206572726F7200756E6B47
:10E6A0006E6F776E003E3E3E205A455048595220CC
:10E6B000464154414C204552524F522025643A2045
:10E6C0002573206F6E2043505520256400466175E8
:10E6D0006C7420647572696E6720696E74657272FD
:10E6E0007570742068616E646C696E670A004375AA
:10E6F0007272656E74207468726561643A20257068
:10E70000202825732900435055206578636570746F
:10E71000696F6E00556E68616E646C656420696E29
:10E720007465727275707400537461636B206F76D8
:10E730006572666C6F77004B65726E656C206F6FEB
:10E740007073004B65726E656C2070616E6963005A
:10E7500069646C65006D61696E006F730073797335
:10E76000776F726B7100616E006E66696E697479A5
:10E77000006E616E00286E756C6C29006364696EB2
:10E780006F70737578585B616566674145464700F1
:10E79000616E006E66696E697479000099F8000018
:10E7A00000000000BD8E01000000000055D30000F5
:10E7B000000000006DFB0000000000003DE50000CF
:04E7C0000000000055
:10E7DC0000000000618F010000000000000100003B
:10E7EC00000000000000000000000000000000001D
:10E7FC00000000000000000000000000000000000D
:10E80C0000000000C1F60000000000000001000044
:10E81C0000000000000000000000000000000000EC
:10E82C0000000000000000000000000000000000DC
:10E83C00A77601005F79010050C4010000000000C0
:10E84C0000000000C37C010000000000000000007C
:10E85C0000C6002000C600200000000000000000E0
:10E86C000E0000000010034000000000000000003B
:10E87C00000000000000000000000000000000008C
:10E88C00000000000000000000000000000000007C
:10E89C00000000000000000000000000000000006C
:10E8AC00000000000000000000000000000000005C
:10E8BC00000000000000000000000000000000004C
:10E8CC00000000000000000000000000000000003C
:10E8DC000001000094C600200000000000000000B1
:10E8EC0000000000000000000000000078F500208F
:10E8FC002000000000000000D1D4000019D9000055
:10E90C00E58701000000000000000000B9DD0000F8
:10E91C00000000000000000000000000A5F3000053
:10E92C000000000000000000630000000000000078
:10E93C00B5F800000000000000000000E5B9000080
:10E94C0051BA000019BA00000090D003FF0000007B
:10E95C00FF000000910E0100910C0100B50E0100AA
:10E96C009D0C0100A5110100210F01006D1101008A
:10E97C0027980100219801001B98010090020000CB
:10E98C0030C7002030C7002038C7002038C700200F
:10E99C0004303031303130303000303030303030C5
:10E9AC003131000000000000D78A01000000000097
:10E9BC00CFDB010081E700000000000051DD010009
:10E9CC003DED00000000000041DE010011EE0000F2
:10E9DC00000000000CE40100E9F800000000000059
:10E9EC00000000000000000000000000000000001B
:10E9FC00000000001833012000200000000000007F
:10EA0C000000000000000000D80A012000010000F6
:10EA1C000000000000000000C8C70020C8C700208C
:10EA2C0000000000000000000E000000DCC7002009
:10EA3C00DCC7002000000000000000000E000000F9
:10EA4C00F0C70020F0C7002000000000000000000C
:10EA5C000E00000004C8002004C8002000000000C4
:10EA6C00000000000E00000018C8002018C800208C
:10EA7C0000000000000000000E0000002CC8002068
:10EA8C002CC8002000000000000000000E00000058
:10EA9C0040C8002040C80020000000000100000019
:10EAAC0050C8002050C8002058C8002058C800206A
:10EABC00000000000100000068C8002068C80020A9
:10EACC00000000000000000078C8002078C800207A
:10EADC0080C8002080C80020D0C8002000000000A2
:10EAEC00000000000000000000000000000000001A
:10EAFC00000000000000000000000000000000000A
:10EB0C0000000000000000000000000000000000F9
:0CEB1C00000000000000000000000000ED
:10EB2C000CBD010000C90020000000000002000024
:10EB3C0000000000000000000005000000000000C4
:10EB4C0000000000000000000000000000000000B9
:10EB5C000000000000000000457E010000000000E5
:08EB6C000000000015E015E0B7
:00000001FF
